文件名,字,字系,星级,提示词
art/a_1.png,a,letter,1,"Cute collectible monster card character for a children's Chinese learning game. Style: clean 2D vector-like illustration, thick dark outline, flat colors with soft cel shading, big glossy eyes, rounded shapes, kawaii, consistent front 3/4 view, soft top-left lighting. Full body, centered, nothing cropped. Plain pure white background, no text, no letters, no watermark, no frame. Palette lemon yellow #FFD23F and blue; a tiny robot body made of building blocks, with an antenna. Baby form: egg-shaped body, head is 60% of the body, stubby limbs or none, curious innocent expression. Small and simple. Its body visually echoes the Latin letters ""a"" (pinyin 单韵母). Do not draw any letter or text."
art/a_2.png,a,letter,2,"Cute collectible monster card character for a children's Chinese learning game. Style: clean 2D vector-like illustration, thick dark outline, flat colors with soft cel shading, big glossy eyes, rounded shapes, kawaii, consistent front 3/4 view, soft top-left lighting. Full body, centered, nothing cropped. Plain pure white background, no text, no letters, no watermark, no frame. Palette lemon yellow #FFD23F and blue; a tiny robot body made of building blocks, with an antenna. Teen form: proper arms and legs, standing confidently, holds ONE small prop related to its meaning, cheerful expression. Medium detail. Its body visually echoes the Latin letters ""a"" (pinyin 单韵母). Do not draw any letter or text."
art/a_3.png,a,letter,3,"Cute collectible monster card character for a children's Chinese learning game. Style: clean 2D vector-like illustration, thick dark outline, flat colors with soft cel shading, big glossy eyes, rounded shapes, kawaii, consistent front 3/4 view, soft top-left lighting. Full body, centered, nothing cropped. Plain pure white background, no text, no letters, no watermark, no frame. Palette lemon yellow #FFD23F and blue; a tiny robot body made of building blocks, with an antenna. King form: taller heroic proportions, royal cape and a small crown, a glowing aura of its element behind it, proud smile. Most detailed. Its body visually echoes the Latin letters ""a"" (pinyin 单韵母). Do not draw any letter or text."
art/o_1.png,o,letter,1,"Cute collectible monster card character for a children's Chinese learning game. Style: clean 2D vector-like illustration, thick dark outline, flat colors with soft cel shading, big glossy eyes, rounded shapes, kawaii, consistent front 3/4 view, soft top-left lighting. Full body, centered, nothing cropped. Plain pure white background, no text, no letters, no watermark, no frame. Palette lemon yellow #FFD23F and blue; a tiny robot body made of building blocks, with an antenna. Baby form: egg-shaped body, head is 60% of the body, stubby limbs or none, curious innocent expression. Small and simple. Its body visually echoes the Latin letters ""o"" (pinyin 单韵母). Do not draw any letter or text."
art/o_2.png,o,letter,2,"Cute collectible monster card character for a children's Chinese learning game. Style: clean 2D vector-like illustration, thick dark outline, flat colors with soft cel shading, big glossy eyes, rounded shapes, kawaii, consistent front 3/4 view, soft top-left lighting. Full body, centered, nothing cropped. Plain pure white background, no text, no letters, no watermark, no frame. Palette lemon yellow #FFD23F and blue; a tiny robot body made of building blocks, with an antenna. Teen form: proper arms and legs, standing confidently, holds ONE small prop related to its meaning, cheerful expression. Medium detail. Its body visually echoes the Latin letters ""o"" (pinyin 单韵母). Do not draw any letter or text."
art/o_3.png,o,letter,3,"Cute collectible monster card character for a children's Chinese learning game. Style: clean 2D vector-like illustration, thick dark outline, flat colors with soft cel shading, big glossy eyes, rounded shapes, kawaii, consistent front 3/4 view, soft top-left lighting. Full body, centered, nothing cropped. Plain pure white background, no text, no letters, no watermark, no frame. Palette lemon yellow #FFD23F and blue; a tiny robot body made of building blocks, with an antenna. King form: taller heroic proportions, royal cape and a small crown, a glowing aura of its element behind it, proud smile. Most detailed. Its body visually echoes the Latin letters ""o"" (pinyin 单韵母). Do not draw any letter or text."
art/e_1.png,e,letter,1,"Cute collectible monster card character for a children's Chinese learning game. Style: clean 2D vector-like illustration, thick dark outline, flat colors with soft cel shading, big glossy eyes, rounded shapes, kawaii, consistent front 3/4 view, soft top-left lighting. Full body, centered, nothing cropped. Plain pure white background, no text, no letters, no watermark, no frame. Palette lemon yellow #FFD23F and blue; a tiny robot body made of building blocks, with an antenna. Baby form: egg-shaped body, head is 60% of the body, stubby limbs or none, curious innocent expression. Small and simple. Its body visually echoes the Latin letters ""e"" (pinyin 单韵母). Do not draw any letter or text."
art/e_2.png,e,letter,2,"Cute collectible monster card character for a children's Chinese learning game. Style: clean 2D vector-like illustration, thick dark outline, flat colors with soft cel shading, big glossy eyes, rounded shapes, kawaii, consistent front 3/4 view, soft top-left lighting. Full body, centered, nothing cropped. Plain pure white background, no text, no letters, no watermark, no frame. Palette lemon yellow #FFD23F and blue; a tiny robot body made of building blocks, with an antenna. Teen form: proper arms and legs, standing confidently, holds ONE small prop related to its meaning, cheerful expression. Medium detail. Its body visually echoes the Latin letters ""e"" (pinyin 单韵母). Do not draw any letter or text."
art/e_3.png,e,letter,3,"Cute collectible monster card character for a children's Chinese learning game. Style: clean 2D vector-like illustration, thick dark outline, flat colors with soft cel shading, big glossy eyes, rounded shapes, kawaii, consistent front 3/4 view, soft top-left lighting. Full body, centered, nothing cropped. Plain pure white background, no text, no letters, no watermark, no frame. Palette lemon yellow #FFD23F and blue; a tiny robot body made of building blocks, with an antenna. King form: taller heroic proportions, royal cape and a small crown, a glowing aura of its element behind it, proud smile. Most detailed. Its body visually echoes the Latin letters ""e"" (pinyin 单韵母). Do not draw any letter or text."
art/i_1.png,i,letter,1,"Cute collectible monster card character for a children's Chinese learning game. Style: clean 2D vector-like illustration, thick dark outline, flat colors with soft cel shading, big glossy eyes, rounded shapes, kawaii, consistent front 3/4 view, soft top-left lighting. Full body, centered, nothing cropped. Plain pure white background, no text, no letters, no watermark, no frame. Palette lemon yellow #FFD23F and blue; a tiny robot body made of building blocks, with an antenna. Baby form: egg-shaped body, head is 60% of the body, stubby limbs or none, curious innocent expression. Small and simple. Its body visually echoes the Latin letters ""i"" (pinyin 单韵母). Do not draw any letter or text."
art/i_2.png,i,letter,2,"Cute collectible monster card character for a children's Chinese learning game. Style: clean 2D vector-like illustration, thick dark outline, flat colors with soft cel shading, big glossy eyes, rounded shapes, kawaii, consistent front 3/4 view, soft top-left lighting. Full body, centered, nothing cropped. Plain pure white background, no text, no letters, no watermark, no frame. Palette lemon yellow #FFD23F and blue; a tiny robot body made of building blocks, with an antenna. Teen form: proper arms and legs, standing confidently, holds ONE small prop related to its meaning, cheerful expression. Medium detail. Its body visually echoes the Latin letters ""i"" (pinyin 单韵母). Do not draw any letter or text."
art/i_3.png,i,letter,3,"Cute collectible monster card character for a children's Chinese learning game. Style: clean 2D vector-like illustration, thick dark outline, flat colors with soft cel shading, big glossy eyes, rounded shapes, kawaii, consistent front 3/4 view, soft top-left lighting. Full body, centered, nothing cropped. Plain pure white background, no text, no letters, no watermark, no frame. Palette lemon yellow #FFD23F and blue; a tiny robot body made of building blocks, with an antenna. King form: taller heroic proportions, royal cape and a small crown, a glowing aura of its element behind it, proud smile. Most detailed. Its body visually echoes the Latin letters ""i"" (pinyin 单韵母). Do not draw any letter or text."
art/u_1.png,u,letter,1,"Cute collectible monster card character for a children's Chinese learning game. Style: clean 2D vector-like illustration, thick dark outline, flat colors with soft cel shading, big glossy eyes, rounded shapes, kawaii, consistent front 3/4 view, soft top-left lighting. Full body, centered, nothing cropped. Plain pure white background, no text, no letters, no watermark, no frame. Palette lemon yellow #FFD23F and blue; a tiny robot body made of building blocks, with an antenna. Baby form: egg-shaped body, head is 60% of the body, stubby limbs or none, curious innocent expression. Small and simple. Its body visually echoes the Latin letters ""u"" (pinyin 单韵母). Do not draw any letter or text."
art/u_2.png,u,letter,2,"Cute collectible monster card character for a children's Chinese learning game. Style: clean 2D vector-like illustration, thick dark outline, flat colors with soft cel shading, big glossy eyes, rounded shapes, kawaii, consistent front 3/4 view, soft top-left lighting. Full body, centered, nothing cropped. Plain pure white background, no text, no letters, no watermark, no frame. Palette lemon yellow #FFD23F and blue; a tiny robot body made of building blocks, with an antenna. Teen form: proper arms and legs, standing confidently, holds ONE small prop related to its meaning, cheerful expression. Medium detail. Its body visually echoes the Latin letters ""u"" (pinyin 单韵母). Do not draw any letter or text."
art/u_3.png,u,letter,3,"Cute collectible monster card character for a children's Chinese learning game. Style: clean 2D vector-like illustration, thick dark outline, flat colors with soft cel shading, big glossy eyes, rounded shapes, kawaii, consistent front 3/4 view, soft top-left lighting. Full body, centered, nothing cropped. Plain pure white background, no text, no letters, no watermark, no frame. Palette lemon yellow #FFD23F and blue; a tiny robot body made of building blocks, with an antenna. King form: taller heroic proportions, royal cape and a small crown, a glowing aura of its element behind it, proud smile. Most detailed. Its body visually echoes the Latin letters ""u"" (pinyin 单韵母). Do not draw any letter or text."
art/ü_1.png,ü,letter,1,"Cute collectible monster card character for a children's Chinese learning game. Style: clean 2D vector-like illustration, thick dark outline, flat colors with soft cel shading, big glossy eyes, rounded shapes, kawaii, consistent front 3/4 view, soft top-left lighting. Full body, centered, nothing cropped. Plain pure white background, no text, no letters, no watermark, no frame. Palette lemon yellow #FFD23F and blue; a tiny robot body made of building blocks, with an antenna. Baby form: egg-shaped body, head is 60% of the body, stubby limbs or none, curious innocent expression. Small and simple. Its body visually echoes the Latin letters ""ü"" (pinyin 单韵母). Do not draw any letter or text."
art/ü_2.png,ü,letter,2,"Cute collectible monster card character for a children's Chinese learning game. Style: clean 2D vector-like illustration, thick dark outline, flat colors with soft cel shading, big glossy eyes, rounded shapes, kawaii, consistent front 3/4 view, soft top-left lighting. Full body, centered, nothing cropped. Plain pure white background, no text, no letters, no watermark, no frame. Palette lemon yellow #FFD23F and blue; a tiny robot body made of building blocks, with an antenna. Teen form: proper arms and legs, standing confidently, holds ONE small prop related to its meaning, cheerful expression. Medium detail. Its body visually echoes the Latin letters ""ü"" (pinyin 单韵母). Do not draw any letter or text."
art/ü_3.png,ü,letter,3,"Cute collectible monster card character for a children's Chinese learning game. Style: clean 2D vector-like illustration, thick dark outline, flat colors with soft cel shading, big glossy eyes, rounded shapes, kawaii, consistent front 3/4 view, soft top-left lighting. Full body, centered, nothing cropped. Plain pure white background, no text, no letters, no watermark, no frame. Palette lemon yellow #FFD23F and blue; a tiny robot body made of building blocks, with an antenna. King form: taller heroic proportions, royal cape and a small crown, a glowing aura of its element behind it, proud smile. Most detailed. Its body visually echoes the Latin letters ""ü"" (pinyin 单韵母). Do not draw any letter or text."
art/y_1.png,y,letter,1,"Cute collectible monster card character for a children's Chinese learning game. Style: clean 2D vector-like illustration, thick dark outline, flat colors with soft cel shading, big glossy eyes, rounded shapes, kawaii, consistent front 3/4 view, soft top-left lighting. Full body, centered, nothing cropped. Plain pure white background, no text, no letters, no watermark, no frame. Palette lemon yellow #FFD23F and blue; a tiny robot body made of building blocks, with an antenna. Baby form: egg-shaped body, head is 60% of the body, stubby limbs or none, curious innocent expression. Small and simple. Its body visually echoes the Latin letters ""y"" (pinyin 声母). Do not draw any letter or text."
art/y_2.png,y,letter,2,"Cute collectible monster card character for a children's Chinese learning game. Style: clean 2D vector-like illustration, thick dark outline, flat colors with soft cel shading, big glossy eyes, rounded shapes, kawaii, consistent front 3/4 view, soft top-left lighting. Full body, centered, nothing cropped. Plain pure white background, no text, no letters, no watermark, no frame. Palette lemon yellow #FFD23F and blue; a tiny robot body made of building blocks, with an antenna. Teen form: proper arms and legs, standing confidently, holds ONE small prop related to its meaning, cheerful expression. Medium detail. Its body visually echoes the Latin letters ""y"" (pinyin 声母). Do not draw any letter or text."
art/y_3.png,y,letter,3,"Cute collectible monster card character for a children's Chinese learning game. Style: clean 2D vector-like illustration, thick dark outline, flat colors with soft cel shading, big glossy eyes, rounded shapes, kawaii, consistent front 3/4 view, soft top-left lighting. Full body, centered, nothing cropped. Plain pure white background, no text, no letters, no watermark, no frame. Palette lemon yellow #FFD23F and blue; a tiny robot body made of building blocks, with an antenna. King form: taller heroic proportions, royal cape and a small crown, a glowing aura of its element behind it, proud smile. Most detailed. Its body visually echoes the Latin letters ""y"" (pinyin 声母). Do not draw any letter or text."
art/w_1.png,w,letter,1,"Cute collectible monster card character for a children's Chinese learning game. Style: clean 2D vector-like illustration, thick dark outline, flat colors with soft cel shading, big glossy eyes, rounded shapes, kawaii, consistent front 3/4 view, soft top-left lighting. Full body, centered, nothing cropped. Plain pure white background, no text, no letters, no watermark, no frame. Palette lemon yellow #FFD23F and blue; a tiny robot body made of building blocks, with an antenna. Baby form: egg-shaped body, head is 60% of the body, stubby limbs or none, curious innocent expression. Small and simple. Its body visually echoes the Latin letters ""w"" (pinyin 声母). Do not draw any letter or text."
art/w_2.png,w,letter,2,"Cute collectible monster card character for a children's Chinese learning game. Style: clean 2D vector-like illustration, thick dark outline, flat colors with soft cel shading, big glossy eyes, rounded shapes, kawaii, consistent front 3/4 view, soft top-left lighting. Full body, centered, nothing cropped. Plain pure white background, no text, no letters, no watermark, no frame. Palette lemon yellow #FFD23F and blue; a tiny robot body made of building blocks, with an antenna. Teen form: proper arms and legs, standing confidently, holds ONE small prop related to its meaning, cheerful expression. Medium detail. Its body visually echoes the Latin letters ""w"" (pinyin 声母). Do not draw any letter or text."
art/w_3.png,w,letter,3,"Cute collectible monster card character for a children's Chinese learning game. Style: clean 2D vector-like illustration, thick dark outline, flat colors with soft cel shading, big glossy eyes, rounded shapes, kawaii, consistent front 3/4 view, soft top-left lighting. Full body, centered, nothing cropped. Plain pure white background, no text, no letters, no watermark, no frame. Palette lemon yellow #FFD23F and blue; a tiny robot body made of building blocks, with an antenna. King form: taller heroic proportions, royal cape and a small crown, a glowing aura of its element behind it, proud smile. Most detailed. Its body visually echoes the Latin letters ""w"" (pinyin 声母). Do not draw any letter or text."
art/b_1.png,b,letter,1,"Cute collectible monster card character for a children's Chinese learning game. Style: clean 2D vector-like illustration, thick dark outline, flat colors with soft cel shading, big glossy eyes, rounded shapes, kawaii, consistent front 3/4 view, soft top-left lighting. Full body, centered, nothing cropped. Plain pure white background, no text, no letters, no watermark, no frame. Palette lemon yellow #FFD23F and blue; a tiny robot body made of building blocks, with an antenna. Baby form: egg-shaped body, head is 60% of the body, stubby limbs or none, curious innocent expression. Small and simple. Its body visually echoes the Latin letters ""b"" (pinyin 声母). Do not draw any letter or text."
art/b_2.png,b,letter,2,"Cute collectible monster card character for a children's Chinese learning game. Style: clean 2D vector-like illustration, thick dark outline, flat colors with soft cel shading, big glossy eyes, rounded shapes, kawaii, consistent front 3/4 view, soft top-left lighting. Full body, centered, nothing cropped. Plain pure white background, no text, no letters, no watermark, no frame. Palette lemon yellow #FFD23F and blue; a tiny robot body made of building blocks, with an antenna. Teen form: proper arms and legs, standing confidently, holds ONE small prop related to its meaning, cheerful expression. Medium detail. Its body visually echoes the Latin letters ""b"" (pinyin 声母). Do not draw any letter or text."
art/b_3.png,b,letter,3,"Cute collectible monster card character for a children's Chinese learning game. Style: clean 2D vector-like illustration, thick dark outline, flat colors with soft cel shading, big glossy eyes, rounded shapes, kawaii, consistent front 3/4 view, soft top-left lighting. Full body, centered, nothing cropped. Plain pure white background, no text, no letters, no watermark, no frame. Palette lemon yellow #FFD23F and blue; a tiny robot body made of building blocks, with an antenna. King form: taller heroic proportions, royal cape and a small crown, a glowing aura of its element behind it, proud smile. Most detailed. Its body visually echoes the Latin letters ""b"" (pinyin 声母). Do not draw any letter or text."
art/p_1.png,p,letter,1,"Cute collectible monster card character for a children's Chinese learning game. Style: clean 2D vector-like illustration, thick dark outline, flat colors with soft cel shading, big glossy eyes, rounded shapes, kawaii, consistent front 3/4 view, soft top-left lighting. Full body, centered, nothing cropped. Plain pure white background, no text, no letters, no watermark, no frame. Palette lemon yellow #FFD23F and blue; a tiny robot body made of building blocks, with an antenna. Baby form: egg-shaped body, head is 60% of the body, stubby limbs or none, curious innocent expression. Small and simple. Its body visually echoes the Latin letters ""p"" (pinyin 声母). Do not draw any letter or text."
art/p_2.png,p,letter,2,"Cute collectible monster card character for a children's Chinese learning game. Style: clean 2D vector-like illustration, thick dark outline, flat colors with soft cel shading, big glossy eyes, rounded shapes, kawaii, consistent front 3/4 view, soft top-left lighting. Full body, centered, nothing cropped. Plain pure white background, no text, no letters, no watermark, no frame. Palette lemon yellow #FFD23F and blue; a tiny robot body made of building blocks, with an antenna. Teen form: proper arms and legs, standing confidently, holds ONE small prop related to its meaning, cheerful expression. Medium detail. Its body visually echoes the Latin letters ""p"" (pinyin 声母). Do not draw any letter or text."
art/p_3.png,p,letter,3,"Cute collectible monster card character for a children's Chinese learning game. Style: clean 2D vector-like illustration, thick dark outline, flat colors with soft cel shading, big glossy eyes, rounded shapes, kawaii, consistent front 3/4 view, soft top-left lighting. Full body, centered, nothing cropped. Plain pure white background, no text, no letters, no watermark, no frame. Palette lemon yellow #FFD23F and blue; a tiny robot body made of building blocks, with an antenna. King form: taller heroic proportions, royal cape and a small crown, a glowing aura of its element behind it, proud smile. Most detailed. Its body visually echoes the Latin letters ""p"" (pinyin 声母). Do not draw any letter or text."
art/m_1.png,m,letter,1,"Cute collectible monster card character for a children's Chinese learning game. Style: clean 2D vector-like illustration, thick dark outline, flat colors with soft cel shading, big glossy eyes, rounded shapes, kawaii, consistent front 3/4 view, soft top-left lighting. Full body, centered, nothing cropped. Plain pure white background, no text, no letters, no watermark, no frame. Palette lemon yellow #FFD23F and blue; a tiny robot body made of building blocks, with an antenna. Baby form: egg-shaped body, head is 60% of the body, stubby limbs or none, curious innocent expression. Small and simple. Its body visually echoes the Latin letters ""m"" (pinyin 声母). Do not draw any letter or text."
art/m_2.png,m,letter,2,"Cute collectible monster card character for a children's Chinese learning game. Style: clean 2D vector-like illustration, thick dark outline, flat colors with soft cel shading, big glossy eyes, rounded shapes, kawaii, consistent front 3/4 view, soft top-left lighting. Full body, centered, nothing cropped. Plain pure white background, no text, no letters, no watermark, no frame. Palette lemon yellow #FFD23F and blue; a tiny robot body made of building blocks, with an antenna. Teen form: proper arms and legs, standing confidently, holds ONE small prop related to its meaning, cheerful expression. Medium detail. Its body visually echoes the Latin letters ""m"" (pinyin 声母). Do not draw any letter or text."
art/m_3.png,m,letter,3,"Cute collectible monster card character for a children's Chinese learning game. Style: clean 2D vector-like illustration, thick dark outline, flat colors with soft cel shading, big glossy eyes, rounded shapes, kawaii, consistent front 3/4 view, soft top-left lighting. Full body, centered, nothing cropped. Plain pure white background, no text, no letters, no watermark, no frame. Palette lemon yellow #FFD23F and blue; a tiny robot body made of building blocks, with an antenna. King form: taller heroic proportions, royal cape and a small crown, a glowing aura of its element behind it, proud smile. Most detailed. Its body visually echoes the Latin letters ""m"" (pinyin 声母). Do not draw any letter or text."
art/f_1.png,f,letter,1,"Cute collectible monster card character for a children's Chinese learning game. Style: clean 2D vector-like illustration, thick dark outline, flat colors with soft cel shading, big glossy eyes, rounded shapes, kawaii, consistent front 3/4 view, soft top-left lighting. Full body, centered, nothing cropped. Plain pure white background, no text, no letters, no watermark, no frame. Palette lemon yellow #FFD23F and blue; a tiny robot body made of building blocks, with an antenna. Baby form: egg-shaped body, head is 60% of the body, stubby limbs or none, curious innocent expression. Small and simple. Its body visually echoes the Latin letters ""f"" (pinyin 声母). Do not draw any letter or text."
art/f_2.png,f,letter,2,"Cute collectible monster card character for a children's Chinese learning game. Style: clean 2D vector-like illustration, thick dark outline, flat colors with soft cel shading, big glossy eyes, rounded shapes, kawaii, consistent front 3/4 view, soft top-left lighting. Full body, centered, nothing cropped. Plain pure white background, no text, no letters, no watermark, no frame. Palette lemon yellow #FFD23F and blue; a tiny robot body made of building blocks, with an antenna. Teen form: proper arms and legs, standing confidently, holds ONE small prop related to its meaning, cheerful expression. Medium detail. Its body visually echoes the Latin letters ""f"" (pinyin 声母). Do not draw any letter or text."
art/f_3.png,f,letter,3,"Cute collectible monster card character for a children's Chinese learning game. Style: clean 2D vector-like illustration, thick dark outline, flat colors with soft cel shading, big glossy eyes, rounded shapes, kawaii, consistent front 3/4 view, soft top-left lighting. Full body, centered, nothing cropped. Plain pure white background, no text, no letters, no watermark, no frame. Palette lemon yellow #FFD23F and blue; a tiny robot body made of building blocks, with an antenna. King form: taller heroic proportions, royal cape and a small crown, a glowing aura of its element behind it, proud smile. Most detailed. Its body visually echoes the Latin letters ""f"" (pinyin 声母). Do not draw any letter or text."
art/d_1.png,d,letter,1,"Cute collectible monster card character for a children's Chinese learning game. Style: clean 2D vector-like illustration, thick dark outline, flat colors with soft cel shading, big glossy eyes, rounded shapes, kawaii, consistent front 3/4 view, soft top-left lighting. Full body, centered, nothing cropped. Plain pure white background, no text, no letters, no watermark, no frame. Palette lemon yellow #FFD23F and blue; a tiny robot body made of building blocks, with an antenna. Baby form: egg-shaped body, head is 60% of the body, stubby limbs or none, curious innocent expression. Small and simple. Its body visually echoes the Latin letters ""d"" (pinyin 声母). Do not draw any letter or text."
art/d_2.png,d,letter,2,"Cute collectible monster card character for a children's Chinese learning game. Style: clean 2D vector-like illustration, thick dark outline, flat colors with soft cel shading, big glossy eyes, rounded shapes, kawaii, consistent front 3/4 view, soft top-left lighting. Full body, centered, nothing cropped. Plain pure white background, no text, no letters, no watermark, no frame. Palette lemon yellow #FFD23F and blue; a tiny robot body made of building blocks, with an antenna. Teen form: proper arms and legs, standing confidently, holds ONE small prop related to its meaning, cheerful expression. Medium detail. Its body visually echoes the Latin letters ""d"" (pinyin 声母). Do not draw any letter or text."
art/d_3.png,d,letter,3,"Cute collectible monster card character for a children's Chinese learning game. Style: clean 2D vector-like illustration, thick dark outline, flat colors with soft cel shading, big glossy eyes, rounded shapes, kawaii, consistent front 3/4 view, soft top-left lighting. Full body, centered, nothing cropped. Plain pure white background, no text, no letters, no watermark, no frame. Palette lemon yellow #FFD23F and blue; a tiny robot body made of building blocks, with an antenna. King form: taller heroic proportions, royal cape and a small crown, a glowing aura of its element behind it, proud smile. Most detailed. Its body visually echoes the Latin letters ""d"" (pinyin 声母). Do not draw any letter or text."
art/t_1.png,t,letter,1,"Cute collectible monster card character for a children's Chinese learning game. Style: clean 2D vector-like illustration, thick dark outline, flat colors with soft cel shading, big glossy eyes, rounded shapes, kawaii, consistent front 3/4 view, soft top-left lighting. Full body, centered, nothing cropped. Plain pure white background, no text, no letters, no watermark, no frame. Palette lemon yellow #FFD23F and blue; a tiny robot body made of building blocks, with an antenna. Baby form: egg-shaped body, head is 60% of the body, stubby limbs or none, curious innocent expression. Small and simple. Its body visually echoes the Latin letters ""t"" (pinyin 声母). Do not draw any letter or text."
art/t_2.png,t,letter,2,"Cute collectible monster card character for a children's Chinese learning game. Style: clean 2D vector-like illustration, thick dark outline, flat colors with soft cel shading, big glossy eyes, rounded shapes, kawaii, consistent front 3/4 view, soft top-left lighting. Full body, centered, nothing cropped. Plain pure white background, no text, no letters, no watermark, no frame. Palette lemon yellow #FFD23F and blue; a tiny robot body made of building blocks, with an antenna. Teen form: proper arms and legs, standing confidently, holds ONE small prop related to its meaning, cheerful expression. Medium detail. Its body visually echoes the Latin letters ""t"" (pinyin 声母). Do not draw any letter or text."
art/t_3.png,t,letter,3,"Cute collectible monster card character for a children's Chinese learning game. Style: clean 2D vector-like illustration, thick dark outline, flat colors with soft cel shading, big glossy eyes, rounded shapes, kawaii, consistent front 3/4 view, soft top-left lighting. Full body, centered, nothing cropped. Plain pure white background, no text, no letters, no watermark, no frame. Palette lemon yellow #FFD23F and blue; a tiny robot body made of building blocks, with an antenna. King form: taller heroic proportions, royal cape and a small crown, a glowing aura of its element behind it, proud smile. Most detailed. Its body visually echoes the Latin letters ""t"" (pinyin 声母). Do not draw any letter or text."
art/n_1.png,n,letter,1,"Cute collectible monster card character for a children's Chinese learning game. Style: clean 2D vector-like illustration, thick dark outline, flat colors with soft cel shading, big glossy eyes, rounded shapes, kawaii, consistent front 3/4 view, soft top-left lighting. Full body, centered, nothing cropped. Plain pure white background, no text, no letters, no watermark, no frame. Palette lemon yellow #FFD23F and blue; a tiny robot body made of building blocks, with an antenna. Baby form: egg-shaped body, head is 60% of the body, stubby limbs or none, curious innocent expression. Small and simple. Its body visually echoes the Latin letters ""n"" (pinyin 声母). Do not draw any letter or text."
art/n_2.png,n,letter,2,"Cute collectible monster card character for a children's Chinese learning game. Style: clean 2D vector-like illustration, thick dark outline, flat colors with soft cel shading, big glossy eyes, rounded shapes, kawaii, consistent front 3/4 view, soft top-left lighting. Full body, centered, nothing cropped. Plain pure white background, no text, no letters, no watermark, no frame. Palette lemon yellow #FFD23F and blue; a tiny robot body made of building blocks, with an antenna. Teen form: proper arms and legs, standing confidently, holds ONE small prop related to its meaning, cheerful expression. Medium detail. Its body visually echoes the Latin letters ""n"" (pinyin 声母). Do not draw any letter or text."
art/n_3.png,n,letter,3,"Cute collectible monster card character for a children's Chinese learning game. Style: clean 2D vector-like illustration, thick dark outline, flat colors with soft cel shading, big glossy eyes, rounded shapes, kawaii, consistent front 3/4 view, soft top-left lighting. Full body, centered, nothing cropped. Plain pure white background, no text, no letters, no watermark, no frame. Palette lemon yellow #FFD23F and blue; a tiny robot body made of building blocks, with an antenna. King form: taller heroic proportions, royal cape and a small crown, a glowing aura of its element behind it, proud smile. Most detailed. Its body visually echoes the Latin letters ""n"" (pinyin 声母). Do not draw any letter or text."
art/l_1.png,l,letter,1,"Cute collectible monster card character for a children's Chinese learning game. Style: clean 2D vector-like illustration, thick dark outline, flat colors with soft cel shading, big glossy eyes, rounded shapes, kawaii, consistent front 3/4 view, soft top-left lighting. Full body, centered, nothing cropped. Plain pure white background, no text, no letters, no watermark, no frame. Palette lemon yellow #FFD23F and blue; a tiny robot body made of building blocks, with an antenna. Baby form: egg-shaped body, head is 60% of the body, stubby limbs or none, curious innocent expression. Small and simple. Its body visually echoes the Latin letters ""l"" (pinyin 声母). Do not draw any letter or text."
art/l_2.png,l,letter,2,"Cute collectible monster card character for a children's Chinese learning game. Style: clean 2D vector-like illustration, thick dark outline, flat colors with soft cel shading, big glossy eyes, rounded shapes, kawaii, consistent front 3/4 view, soft top-left lighting. Full body, centered, nothing cropped. Plain pure white background, no text, no letters, no watermark, no frame. Palette lemon yellow #FFD23F and blue; a tiny robot body made of building blocks, with an antenna. Teen form: proper arms and legs, standing confidently, holds ONE small prop related to its meaning, cheerful expression. Medium detail. Its body visually echoes the Latin letters ""l"" (pinyin 声母). Do not draw any letter or text."
art/l_3.png,l,letter,3,"Cute collectible monster card character for a children's Chinese learning game. Style: clean 2D vector-like illustration, thick dark outline, flat colors with soft cel shading, big glossy eyes, rounded shapes, kawaii, consistent front 3/4 view, soft top-left lighting. Full body, centered, nothing cropped. Plain pure white background, no text, no letters, no watermark, no frame. Palette lemon yellow #FFD23F and blue; a tiny robot body made of building blocks, with an antenna. King form: taller heroic proportions, royal cape and a small crown, a glowing aura of its element behind it, proud smile. Most detailed. Its body visually echoes the Latin letters ""l"" (pinyin 声母). Do not draw any letter or text."
art/g_1.png,g,letter,1,"Cute collectible monster card character for a children's Chinese learning game. Style: clean 2D vector-like illustration, thick dark outline, flat colors with soft cel shading, big glossy eyes, rounded shapes, kawaii, consistent front 3/4 view, soft top-left lighting. Full body, centered, nothing cropped. Plain pure white background, no text, no letters, no watermark, no frame. Palette lemon yellow #FFD23F and blue; a tiny robot body made of building blocks, with an antenna. Baby form: egg-shaped body, head is 60% of the body, stubby limbs or none, curious innocent expression. Small and simple. Its body visually echoes the Latin letters ""g"" (pinyin 声母). Do not draw any letter or text."
art/g_2.png,g,letter,2,"Cute collectible monster card character for a children's Chinese learning game. Style: clean 2D vector-like illustration, thick dark outline, flat colors with soft cel shading, big glossy eyes, rounded shapes, kawaii, consistent front 3/4 view, soft top-left lighting. Full body, centered, nothing cropped. Plain pure white background, no text, no letters, no watermark, no frame. Palette lemon yellow #FFD23F and blue; a tiny robot body made of building blocks, with an antenna. Teen form: proper arms and legs, standing confidently, holds ONE small prop related to its meaning, cheerful expression. Medium detail. Its body visually echoes the Latin letters ""g"" (pinyin 声母). Do not draw any letter or text."
art/g_3.png,g,letter,3,"Cute collectible monster card character for a children's Chinese learning game. Style: clean 2D vector-like illustration, thick dark outline, flat colors with soft cel shading, big glossy eyes, rounded shapes, kawaii, consistent front 3/4 view, soft top-left lighting. Full body, centered, nothing cropped. Plain pure white background, no text, no letters, no watermark, no frame. Palette lemon yellow #FFD23F and blue; a tiny robot body made of building blocks, with an antenna. King form: taller heroic proportions, royal cape and a small crown, a glowing aura of its element behind it, proud smile. Most detailed. Its body visually echoes the Latin letters ""g"" (pinyin 声母). Do not draw any letter or text."
art/k_1.png,k,letter,1,"Cute collectible monster card character for a children's Chinese learning game. Style: clean 2D vector-like illustration, thick dark outline, flat colors with soft cel shading, big glossy eyes, rounded shapes, kawaii, consistent front 3/4 view, soft top-left lighting. Full body, centered, nothing cropped. Plain pure white background, no text, no letters, no watermark, no frame. Palette lemon yellow #FFD23F and blue; a tiny robot body made of building blocks, with an antenna. Baby form: egg-shaped body, head is 60% of the body, stubby limbs or none, curious innocent expression. Small and simple. Its body visually echoes the Latin letters ""k"" (pinyin 声母). Do not draw any letter or text."
art/k_2.png,k,letter,2,"Cute collectible monster card character for a children's Chinese learning game. Style: clean 2D vector-like illustration, thick dark outline, flat colors with soft cel shading, big glossy eyes, rounded shapes, kawaii, consistent front 3/4 view, soft top-left lighting. Full body, centered, nothing cropped. Plain pure white background, no text, no letters, no watermark, no frame. Palette lemon yellow #FFD23F and blue; a tiny robot body made of building blocks, with an antenna. Teen form: proper arms and legs, standing confidently, holds ONE small prop related to its meaning, cheerful expression. Medium detail. Its body visually echoes the Latin letters ""k"" (pinyin 声母). Do not draw any letter or text."
art/k_3.png,k,letter,3,"Cute collectible monster card character for a children's Chinese learning game. Style: clean 2D vector-like illustration, thick dark outline, flat colors with soft cel shading, big glossy eyes, rounded shapes, kawaii, consistent front 3/4 view, soft top-left lighting. Full body, centered, nothing cropped. Plain pure white background, no text, no letters, no watermark, no frame. Palette lemon yellow #FFD23F and blue; a tiny robot body made of building blocks, with an antenna. King form: taller heroic proportions, royal cape and a small crown, a glowing aura of its element behind it, proud smile. Most detailed. Its body visually echoes the Latin letters ""k"" (pinyin 声母). Do not draw any letter or text."
art/h_1.png,h,letter,1,"Cute collectible monster card character for a children's Chinese learning game. Style: clean 2D vector-like illustration, thick dark outline, flat colors with soft cel shading, big glossy eyes, rounded shapes, kawaii, consistent front 3/4 view, soft top-left lighting. Full body, centered, nothing cropped. Plain pure white background, no text, no letters, no watermark, no frame. Palette lemon yellow #FFD23F and blue; a tiny robot body made of building blocks, with an antenna. Baby form: egg-shaped body, head is 60% of the body, stubby limbs or none, curious innocent expression. Small and simple. Its body visually echoes the Latin letters ""h"" (pinyin 声母). Do not draw any letter or text."
art/h_2.png,h,letter,2,"Cute collectible monster card character for a children's Chinese learning game. Style: clean 2D vector-like illustration, thick dark outline, flat colors with soft cel shading, big glossy eyes, rounded shapes, kawaii, consistent front 3/4 view, soft top-left lighting. Full body, centered, nothing cropped. Plain pure white background, no text, no letters, no watermark, no frame. Palette lemon yellow #FFD23F and blue; a tiny robot body made of building blocks, with an antenna. Teen form: proper arms and legs, standing confidently, holds ONE small prop related to its meaning, cheerful expression. Medium detail. Its body visually echoes the Latin letters ""h"" (pinyin 声母). Do not draw any letter or text."
art/h_3.png,h,letter,3,"Cute collectible monster card character for a children's Chinese learning game. Style: clean 2D vector-like illustration, thick dark outline, flat colors with soft cel shading, big glossy eyes, rounded shapes, kawaii, consistent front 3/4 view, soft top-left lighting. Full body, centered, nothing cropped. Plain pure white background, no text, no letters, no watermark, no frame. Palette lemon yellow #FFD23F and blue; a tiny robot body made of building blocks, with an antenna. King form: taller heroic proportions, royal cape and a small crown, a glowing aura of its element behind it, proud smile. Most detailed. Its body visually echoes the Latin letters ""h"" (pinyin 声母). Do not draw any letter or text."
art/j_1.png,j,letter,1,"Cute collectible monster card character for a children's Chinese learning game. Style: clean 2D vector-like illustration, thick dark outline, flat colors with soft cel shading, big glossy eyes, rounded shapes, kawaii, consistent front 3/4 view, soft top-left lighting. Full body, centered, nothing cropped. Plain pure white background, no text, no letters, no watermark, no frame. Palette lemon yellow #FFD23F and blue; a tiny robot body made of building blocks, with an antenna. Baby form: egg-shaped body, head is 60% of the body, stubby limbs or none, curious innocent expression. Small and simple. Its body visually echoes the Latin letters ""j"" (pinyin 声母). Do not draw any letter or text."
art/j_2.png,j,letter,2,"Cute collectible monster card character for a children's Chinese learning game. Style: clean 2D vector-like illustration, thick dark outline, flat colors with soft cel shading, big glossy eyes, rounded shapes, kawaii, consistent front 3/4 view, soft top-left lighting. Full body, centered, nothing cropped. Plain pure white background, no text, no letters, no watermark, no frame. Palette lemon yellow #FFD23F and blue; a tiny robot body made of building blocks, with an antenna. Teen form: proper arms and legs, standing confidently, holds ONE small prop related to its meaning, cheerful expression. Medium detail. Its body visually echoes the Latin letters ""j"" (pinyin 声母). Do not draw any letter or text."
art/j_3.png,j,letter,3,"Cute collectible monster card character for a children's Chinese learning game. Style: clean 2D vector-like illustration, thick dark outline, flat colors with soft cel shading, big glossy eyes, rounded shapes, kawaii, consistent front 3/4 view, soft top-left lighting. Full body, centered, nothing cropped. Plain pure white background, no text, no letters, no watermark, no frame. Palette lemon yellow #FFD23F and blue; a tiny robot body made of building blocks, with an antenna. King form: taller heroic proportions, royal cape and a small crown, a glowing aura of its element behind it, proud smile. Most detailed. Its body visually echoes the Latin letters ""j"" (pinyin 声母). Do not draw any letter or text."
art/q_1.png,q,letter,1,"Cute collectible monster card character for a children's Chinese learning game. Style: clean 2D vector-like illustration, thick dark outline, flat colors with soft cel shading, big glossy eyes, rounded shapes, kawaii, consistent front 3/4 view, soft top-left lighting. Full body, centered, nothing cropped. Plain pure white background, no text, no letters, no watermark, no frame. Palette lemon yellow #FFD23F and blue; a tiny robot body made of building blocks, with an antenna. Baby form: egg-shaped body, head is 60% of the body, stubby limbs or none, curious innocent expression. Small and simple. Its body visually echoes the Latin letters ""q"" (pinyin 声母). Do not draw any letter or text."
art/q_2.png,q,letter,2,"Cute collectible monster card character for a children's Chinese learning game. Style: clean 2D vector-like illustration, thick dark outline, flat colors with soft cel shading, big glossy eyes, rounded shapes, kawaii, consistent front 3/4 view, soft top-left lighting. Full body, centered, nothing cropped. Plain pure white background, no text, no letters, no watermark, no frame. Palette lemon yellow #FFD23F and blue; a tiny robot body made of building blocks, with an antenna. Teen form: proper arms and legs, standing confidently, holds ONE small prop related to its meaning, cheerful expression. Medium detail. Its body visually echoes the Latin letters ""q"" (pinyin 声母). Do not draw any letter or text."
art/q_3.png,q,letter,3,"Cute collectible monster card character for a children's Chinese learning game. Style: clean 2D vector-like illustration, thick dark outline, flat colors with soft cel shading, big glossy eyes, rounded shapes, kawaii, consistent front 3/4 view, soft top-left lighting. Full body, centered, nothing cropped. Plain pure white background, no text, no letters, no watermark, no frame. Palette lemon yellow #FFD23F and blue; a tiny robot body made of building blocks, with an antenna. King form: taller heroic proportions, royal cape and a small crown, a glowing aura of its element behind it, proud smile. Most detailed. Its body visually echoes the Latin letters ""q"" (pinyin 声母). Do not draw any letter or text."
art/x_1.png,x,letter,1,"Cute collectible monster card character for a children's Chinese learning game. Style: clean 2D vector-like illustration, thick dark outline, flat colors with soft cel shading, big glossy eyes, rounded shapes, kawaii, consistent front 3/4 view, soft top-left lighting. Full body, centered, nothing cropped. Plain pure white background, no text, no letters, no watermark, no frame. Palette lemon yellow #FFD23F and blue; a tiny robot body made of building blocks, with an antenna. Baby form: egg-shaped body, head is 60% of the body, stubby limbs or none, curious innocent expression. Small and simple. Its body visually echoes the Latin letters ""x"" (pinyin 声母). Do not draw any letter or text."
art/x_2.png,x,letter,2,"Cute collectible monster card character for a children's Chinese learning game. Style: clean 2D vector-like illustration, thick dark outline, flat colors with soft cel shading, big glossy eyes, rounded shapes, kawaii, consistent front 3/4 view, soft top-left lighting. Full body, centered, nothing cropped. Plain pure white background, no text, no letters, no watermark, no frame. Palette lemon yellow #FFD23F and blue; a tiny robot body made of building blocks, with an antenna. Teen form: proper arms and legs, standing confidently, holds ONE small prop related to its meaning, cheerful expression. Medium detail. Its body visually echoes the Latin letters ""x"" (pinyin 声母). Do not draw any letter or text."
art/x_3.png,x,letter,3,"Cute collectible monster card character for a children's Chinese learning game. Style: clean 2D vector-like illustration, thick dark outline, flat colors with soft cel shading, big glossy eyes, rounded shapes, kawaii, consistent front 3/4 view, soft top-left lighting. Full body, centered, nothing cropped. Plain pure white background, no text, no letters, no watermark, no frame. Palette lemon yellow #FFD23F and blue; a tiny robot body made of building blocks, with an antenna. King form: taller heroic proportions, royal cape and a small crown, a glowing aura of its element behind it, proud smile. Most detailed. Its body visually echoes the Latin letters ""x"" (pinyin 声母). Do not draw any letter or text."
art/z_1.png,z,letter,1,"Cute collectible monster card character for a children's Chinese learning game. Style: clean 2D vector-like illustration, thick dark outline, flat colors with soft cel shading, big glossy eyes, rounded shapes, kawaii, consistent front 3/4 view, soft top-left lighting. Full body, centered, nothing cropped. Plain pure white background, no text, no letters, no watermark, no frame. Palette lemon yellow #FFD23F and blue; a tiny robot body made of building blocks, with an antenna. Baby form: egg-shaped body, head is 60% of the body, stubby limbs or none, curious innocent expression. Small and simple. Its body visually echoes the Latin letters ""z"" (pinyin 声母). Do not draw any letter or text."
art/z_2.png,z,letter,2,"Cute collectible monster card character for a children's Chinese learning game. Style: clean 2D vector-like illustration, thick dark outline, flat colors with soft cel shading, big glossy eyes, rounded shapes, kawaii, consistent front 3/4 view, soft top-left lighting. Full body, centered, nothing cropped. Plain pure white background, no text, no letters, no watermark, no frame. Palette lemon yellow #FFD23F and blue; a tiny robot body made of building blocks, with an antenna. Teen form: proper arms and legs, standing confidently, holds ONE small prop related to its meaning, cheerful expression. Medium detail. Its body visually echoes the Latin letters ""z"" (pinyin 声母). Do not draw any letter or text."
art/z_3.png,z,letter,3,"Cute collectible monster card character for a children's Chinese learning game. Style: clean 2D vector-like illustration, thick dark outline, flat colors with soft cel shading, big glossy eyes, rounded shapes, kawaii, consistent front 3/4 view, soft top-left lighting. Full body, centered, nothing cropped. Plain pure white background, no text, no letters, no watermark, no frame. Palette lemon yellow #FFD23F and blue; a tiny robot body made of building blocks, with an antenna. King form: taller heroic proportions, royal cape and a small crown, a glowing aura of its element behind it, proud smile. Most detailed. Its body visually echoes the Latin letters ""z"" (pinyin 声母). Do not draw any letter or text."
art/c_1.png,c,letter,1,"Cute collectible monster card character for a children's Chinese learning game. Style: clean 2D vector-like illustration, thick dark outline, flat colors with soft cel shading, big glossy eyes, rounded shapes, kawaii, consistent front 3/4 view, soft top-left lighting. Full body, centered, nothing cropped. Plain pure white background, no text, no letters, no watermark, no frame. Palette lemon yellow #FFD23F and blue; a tiny robot body made of building blocks, with an antenna. Baby form: egg-shaped body, head is 60% of the body, stubby limbs or none, curious innocent expression. Small and simple. Its body visually echoes the Latin letters ""c"" (pinyin 声母). Do not draw any letter or text."
art/c_2.png,c,letter,2,"Cute collectible monster card character for a children's Chinese learning game. Style: clean 2D vector-like illustration, thick dark outline, flat colors with soft cel shading, big glossy eyes, rounded shapes, kawaii, consistent front 3/4 view, soft top-left lighting. Full body, centered, nothing cropped. Plain pure white background, no text, no letters, no watermark, no frame. Palette lemon yellow #FFD23F and blue; a tiny robot body made of building blocks, with an antenna. Teen form: proper arms and legs, standing confidently, holds ONE small prop related to its meaning, cheerful expression. Medium detail. Its body visually echoes the Latin letters ""c"" (pinyin 声母). Do not draw any letter or text."
art/c_3.png,c,letter,3,"Cute collectible monster card character for a children's Chinese learning game. Style: clean 2D vector-like illustration, thick dark outline, flat colors with soft cel shading, big glossy eyes, rounded shapes, kawaii, consistent front 3/4 view, soft top-left lighting. Full body, centered, nothing cropped. Plain pure white background, no text, no letters, no watermark, no frame. Palette lemon yellow #FFD23F and blue; a tiny robot body made of building blocks, with an antenna. King form: taller heroic proportions, royal cape and a small crown, a glowing aura of its element behind it, proud smile. Most detailed. Its body visually echoes the Latin letters ""c"" (pinyin 声母). Do not draw any letter or text."
art/s_1.png,s,letter,1,"Cute collectible monster card character for a children's Chinese learning game. Style: clean 2D vector-like illustration, thick dark outline, flat colors with soft cel shading, big glossy eyes, rounded shapes, kawaii, consistent front 3/4 view, soft top-left lighting. Full body, centered, nothing cropped. Plain pure white background, no text, no letters, no watermark, no frame. Palette lemon yellow #FFD23F and blue; a tiny robot body made of building blocks, with an antenna. Baby form: egg-shaped body, head is 60% of the body, stubby limbs or none, curious innocent expression. Small and simple. Its body visually echoes the Latin letters ""s"" (pinyin 声母). Do not draw any letter or text."
art/s_2.png,s,letter,2,"Cute collectible monster card character for a children's Chinese learning game. Style: clean 2D vector-like illustration, thick dark outline, flat colors with soft cel shading, big glossy eyes, rounded shapes, kawaii, consistent front 3/4 view, soft top-left lighting. Full body, centered, nothing cropped. Plain pure white background, no text, no letters, no watermark, no frame. Palette lemon yellow #FFD23F and blue; a tiny robot body made of building blocks, with an antenna. Teen form: proper arms and legs, standing confidently, holds ONE small prop related to its meaning, cheerful expression. Medium detail. Its body visually echoes the Latin letters ""s"" (pinyin 声母). Do not draw any letter or text."
art/s_3.png,s,letter,3,"Cute collectible monster card character for a children's Chinese learning game. Style: clean 2D vector-like illustration, thick dark outline, flat colors with soft cel shading, big glossy eyes, rounded shapes, kawaii, consistent front 3/4 view, soft top-left lighting. Full body, centered, nothing cropped. Plain pure white background, no text, no letters, no watermark, no frame. Palette lemon yellow #FFD23F and blue; a tiny robot body made of building blocks, with an antenna. King form: taller heroic proportions, royal cape and a small crown, a glowing aura of its element behind it, proud smile. Most detailed. Its body visually echoes the Latin letters ""s"" (pinyin 声母). Do not draw any letter or text."
art/zh_1.png,zh,letter,1,"Cute collectible monster card character for a children's Chinese learning game. Style: clean 2D vector-like illustration, thick dark outline, flat colors with soft cel shading, big glossy eyes, rounded shapes, kawaii, consistent front 3/4 view, soft top-left lighting. Full body, centered, nothing cropped. Plain pure white background, no text, no letters, no watermark, no frame. Palette lemon yellow #FFD23F and blue; a tiny robot body made of building blocks, with an antenna. Baby form: egg-shaped body, head is 60% of the body, stubby limbs or none, curious innocent expression. Small and simple. Its body visually echoes the Latin letters ""zh"" (pinyin 声母). Do not draw any letter or text."
art/zh_2.png,zh,letter,2,"Cute collectible monster card character for a children's Chinese learning game. Style: clean 2D vector-like illustration, thick dark outline, flat colors with soft cel shading, big glossy eyes, rounded shapes, kawaii, consistent front 3/4 view, soft top-left lighting. Full body, centered, nothing cropped. Plain pure white background, no text, no letters, no watermark, no frame. Palette lemon yellow #FFD23F and blue; a tiny robot body made of building blocks, with an antenna. Teen form: proper arms and legs, standing confidently, holds ONE small prop related to its meaning, cheerful expression. Medium detail. Its body visually echoes the Latin letters ""zh"" (pinyin 声母). Do not draw any letter or text."
art/zh_3.png,zh,letter,3,"Cute collectible monster card character for a children's Chinese learning game. Style: clean 2D vector-like illustration, thick dark outline, flat colors with soft cel shading, big glossy eyes, rounded shapes, kawaii, consistent front 3/4 view, soft top-left lighting. Full body, centered, nothing cropped. Plain pure white background, no text, no letters, no watermark, no frame. Palette lemon yellow #FFD23F and blue; a tiny robot body made of building blocks, with an antenna. King form: taller heroic proportions, royal cape and a small crown, a glowing aura of its element behind it, proud smile. Most detailed. Its body visually echoes the Latin letters ""zh"" (pinyin 声母). Do not draw any letter or text."
art/ch_1.png,ch,letter,1,"Cute collectible monster card character for a children's Chinese learning game. Style: clean 2D vector-like illustration, thick dark outline, flat colors with soft cel shading, big glossy eyes, rounded shapes, kawaii, consistent front 3/4 view, soft top-left lighting. Full body, centered, nothing cropped. Plain pure white background, no text, no letters, no watermark, no frame. Palette lemon yellow #FFD23F and blue; a tiny robot body made of building blocks, with an antenna. Baby form: egg-shaped body, head is 60% of the body, stubby limbs or none, curious innocent expression. Small and simple. Its body visually echoes the Latin letters ""ch"" (pinyin 声母). Do not draw any letter or text."
art/ch_2.png,ch,letter,2,"Cute collectible monster card character for a children's Chinese learning game. Style: clean 2D vector-like illustration, thick dark outline, flat colors with soft cel shading, big glossy eyes, rounded shapes, kawaii, consistent front 3/4 view, soft top-left lighting. Full body, centered, nothing cropped. Plain pure white background, no text, no letters, no watermark, no frame. Palette lemon yellow #FFD23F and blue; a tiny robot body made of building blocks, with an antenna. Teen form: proper arms and legs, standing confidently, holds ONE small prop related to its meaning, cheerful expression. Medium detail. Its body visually echoes the Latin letters ""ch"" (pinyin 声母). Do not draw any letter or text."
art/ch_3.png,ch,letter,3,"Cute collectible monster card character for a children's Chinese learning game. Style: clean 2D vector-like illustration, thick dark outline, flat colors with soft cel shading, big glossy eyes, rounded shapes, kawaii, consistent front 3/4 view, soft top-left lighting. Full body, centered, nothing cropped. Plain pure white background, no text, no letters, no watermark, no frame. Palette lemon yellow #FFD23F and blue; a tiny robot body made of building blocks, with an antenna. King form: taller heroic proportions, royal cape and a small crown, a glowing aura of its element behind it, proud smile. Most detailed. Its body visually echoes the Latin letters ""ch"" (pinyin 声母). Do not draw any letter or text."
art/sh_1.png,sh,letter,1,"Cute collectible monster card character for a children's Chinese learning game. Style: clean 2D vector-like illustration, thick dark outline, flat colors with soft cel shading, big glossy eyes, rounded shapes, kawaii, consistent front 3/4 view, soft top-left lighting. Full body, centered, nothing cropped. Plain pure white background, no text, no letters, no watermark, no frame. Palette lemon yellow #FFD23F and blue; a tiny robot body made of building blocks, with an antenna. Baby form: egg-shaped body, head is 60% of the body, stubby limbs or none, curious innocent expression. Small and simple. Its body visually echoes the Latin letters ""sh"" (pinyin 声母). Do not draw any letter or text."
art/sh_2.png,sh,letter,2,"Cute collectible monster card character for a children's Chinese learning game. Style: clean 2D vector-like illustration, thick dark outline, flat colors with soft cel shading, big glossy eyes, rounded shapes, kawaii, consistent front 3/4 view, soft top-left lighting. Full body, centered, nothing cropped. Plain pure white background, no text, no letters, no watermark, no frame. Palette lemon yellow #FFD23F and blue; a tiny robot body made of building blocks, with an antenna. Teen form: proper arms and legs, standing confidently, holds ONE small prop related to its meaning, cheerful expression. Medium detail. Its body visually echoes the Latin letters ""sh"" (pinyin 声母). Do not draw any letter or text."
art/sh_3.png,sh,letter,3,"Cute collectible monster card character for a children's Chinese learning game. Style: clean 2D vector-like illustration, thick dark outline, flat colors with soft cel shading, big glossy eyes, rounded shapes, kawaii, consistent front 3/4 view, soft top-left lighting. Full body, centered, nothing cropped. Plain pure white background, no text, no letters, no watermark, no frame. Palette lemon yellow #FFD23F and blue; a tiny robot body made of building blocks, with an antenna. King form: taller heroic proportions, royal cape and a small crown, a glowing aura of its element behind it, proud smile. Most detailed. Its body visually echoes the Latin letters ""sh"" (pinyin 声母). Do not draw any letter or text."
art/r_1.png,r,letter,1,"Cute collectible monster card character for a children's Chinese learning game. Style: clean 2D vector-like illustration, thick dark outline, flat colors with soft cel shading, big glossy eyes, rounded shapes, kawaii, consistent front 3/4 view, soft top-left lighting. Full body, centered, nothing cropped. Plain pure white background, no text, no letters, no watermark, no frame. Palette lemon yellow #FFD23F and blue; a tiny robot body made of building blocks, with an antenna. Baby form: egg-shaped body, head is 60% of the body, stubby limbs or none, curious innocent expression. Small and simple. Its body visually echoes the Latin letters ""r"" (pinyin 声母). Do not draw any letter or text."
art/r_2.png,r,letter,2,"Cute collectible monster card character for a children's Chinese learning game. Style: clean 2D vector-like illustration, thick dark outline, flat colors with soft cel shading, big glossy eyes, rounded shapes, kawaii, consistent front 3/4 view, soft top-left lighting. Full body, centered, nothing cropped. Plain pure white background, no text, no letters, no watermark, no frame. Palette lemon yellow #FFD23F and blue; a tiny robot body made of building blocks, with an antenna. Teen form: proper arms and legs, standing confidently, holds ONE small prop related to its meaning, cheerful expression. Medium detail. Its body visually echoes the Latin letters ""r"" (pinyin 声母). Do not draw any letter or text."
art/r_3.png,r,letter,3,"Cute collectible monster card character for a children's Chinese learning game. Style: clean 2D vector-like illustration, thick dark outline, flat colors with soft cel shading, big glossy eyes, rounded shapes, kawaii, consistent front 3/4 view, soft top-left lighting. Full body, centered, nothing cropped. Plain pure white background, no text, no letters, no watermark, no frame. Palette lemon yellow #FFD23F and blue; a tiny robot body made of building blocks, with an antenna. King form: taller heroic proportions, royal cape and a small crown, a glowing aura of its element behind it, proud smile. Most detailed. Its body visually echoes the Latin letters ""r"" (pinyin 声母). Do not draw any letter or text."
art/ai_1.png,ai,letter,1,"Cute collectible monster card character for a children's Chinese learning game. Style: clean 2D vector-like illustration, thick dark outline, flat colors with soft cel shading, big glossy eyes, rounded shapes, kawaii, consistent front 3/4 view, soft top-left lighting. Full body, centered, nothing cropped. Plain pure white background, no text, no letters, no watermark, no frame. Palette lemon yellow #FFD23F and blue; a tiny robot body made of building blocks, with an antenna. Baby form: egg-shaped body, head is 60% of the body, stubby limbs or none, curious innocent expression. Small and simple. Its body visually echoes the Latin letters ""ai"" (pinyin 复韵母). Do not draw any letter or text."
art/ai_2.png,ai,letter,2,"Cute collectible monster card character for a children's Chinese learning game. Style: clean 2D vector-like illustration, thick dark outline, flat colors with soft cel shading, big glossy eyes, rounded shapes, kawaii, consistent front 3/4 view, soft top-left lighting. Full body, centered, nothing cropped. Plain pure white background, no text, no letters, no watermark, no frame. Palette lemon yellow #FFD23F and blue; a tiny robot body made of building blocks, with an antenna. Teen form: proper arms and legs, standing confidently, holds ONE small prop related to its meaning, cheerful expression. Medium detail. Its body visually echoes the Latin letters ""ai"" (pinyin 复韵母). Do not draw any letter or text."
art/ai_3.png,ai,letter,3,"Cute collectible monster card character for a children's Chinese learning game. Style: clean 2D vector-like illustration, thick dark outline, flat colors with soft cel shading, big glossy eyes, rounded shapes, kawaii, consistent front 3/4 view, soft top-left lighting. Full body, centered, nothing cropped. Plain pure white background, no text, no letters, no watermark, no frame. Palette lemon yellow #FFD23F and blue; a tiny robot body made of building blocks, with an antenna. King form: taller heroic proportions, royal cape and a small crown, a glowing aura of its element behind it, proud smile. Most detailed. Its body visually echoes the Latin letters ""ai"" (pinyin 复韵母). Do not draw any letter or text."
art/ei_1.png,ei,letter,1,"Cute collectible monster card character for a children's Chinese learning game. Style: clean 2D vector-like illustration, thick dark outline, flat colors with soft cel shading, big glossy eyes, rounded shapes, kawaii, consistent front 3/4 view, soft top-left lighting. Full body, centered, nothing cropped. Plain pure white background, no text, no letters, no watermark, no frame. Palette lemon yellow #FFD23F and blue; a tiny robot body made of building blocks, with an antenna. Baby form: egg-shaped body, head is 60% of the body, stubby limbs or none, curious innocent expression. Small and simple. Its body visually echoes the Latin letters ""ei"" (pinyin 复韵母). Do not draw any letter or text."
art/ei_2.png,ei,letter,2,"Cute collectible monster card character for a children's Chinese learning game. Style: clean 2D vector-like illustration, thick dark outline, flat colors with soft cel shading, big glossy eyes, rounded shapes, kawaii, consistent front 3/4 view, soft top-left lighting. Full body, centered, nothing cropped. Plain pure white background, no text, no letters, no watermark, no frame. Palette lemon yellow #FFD23F and blue; a tiny robot body made of building blocks, with an antenna. Teen form: proper arms and legs, standing confidently, holds ONE small prop related to its meaning, cheerful expression. Medium detail. Its body visually echoes the Latin letters ""ei"" (pinyin 复韵母). Do not draw any letter or text."
art/ei_3.png,ei,letter,3,"Cute collectible monster card character for a children's Chinese learning game. Style: clean 2D vector-like illustration, thick dark outline, flat colors with soft cel shading, big glossy eyes, rounded shapes, kawaii, consistent front 3/4 view, soft top-left lighting. Full body, centered, nothing cropped. Plain pure white background, no text, no letters, no watermark, no frame. Palette lemon yellow #FFD23F and blue; a tiny robot body made of building blocks, with an antenna. King form: taller heroic proportions, royal cape and a small crown, a glowing aura of its element behind it, proud smile. Most detailed. Its body visually echoes the Latin letters ""ei"" (pinyin 复韵母). Do not draw any letter or text."
art/ui_1.png,ui,letter,1,"Cute collectible monster card character for a children's Chinese learning game. Style: clean 2D vector-like illustration, thick dark outline, flat colors with soft cel shading, big glossy eyes, rounded shapes, kawaii, consistent front 3/4 view, soft top-left lighting. Full body, centered, nothing cropped. Plain pure white background, no text, no letters, no watermark, no frame. Palette lemon yellow #FFD23F and blue; a tiny robot body made of building blocks, with an antenna. Baby form: egg-shaped body, head is 60% of the body, stubby limbs or none, curious innocent expression. Small and simple. Its body visually echoes the Latin letters ""ui"" (pinyin 复韵母). Do not draw any letter or text."
art/ui_2.png,ui,letter,2,"Cute collectible monster card character for a children's Chinese learning game. Style: clean 2D vector-like illustration, thick dark outline, flat colors with soft cel shading, big glossy eyes, rounded shapes, kawaii, consistent front 3/4 view, soft top-left lighting. Full body, centered, nothing cropped. Plain pure white background, no text, no letters, no watermark, no frame. Palette lemon yellow #FFD23F and blue; a tiny robot body made of building blocks, with an antenna. Teen form: proper arms and legs, standing confidently, holds ONE small prop related to its meaning, cheerful expression. Medium detail. Its body visually echoes the Latin letters ""ui"" (pinyin 复韵母). Do not draw any letter or text."
art/ui_3.png,ui,letter,3,"Cute collectible monster card character for a children's Chinese learning game. Style: clean 2D vector-like illustration, thick dark outline, flat colors with soft cel shading, big glossy eyes, rounded shapes, kawaii, consistent front 3/4 view, soft top-left lighting. Full body, centered, nothing cropped. Plain pure white background, no text, no letters, no watermark, no frame. Palette lemon yellow #FFD23F and blue; a tiny robot body made of building blocks, with an antenna. King form: taller heroic proportions, royal cape and a small crown, a glowing aura of its element behind it, proud smile. Most detailed. Its body visually echoes the Latin letters ""ui"" (pinyin 复韵母). Do not draw any letter or text."
art/ao_1.png,ao,letter,1,"Cute collectible monster card character for a children's Chinese learning game. Style: clean 2D vector-like illustration, thick dark outline, flat colors with soft cel shading, big glossy eyes, rounded shapes, kawaii, consistent front 3/4 view, soft top-left lighting. Full body, centered, nothing cropped. Plain pure white background, no text, no letters, no watermark, no frame. Palette lemon yellow #FFD23F and blue; a tiny robot body made of building blocks, with an antenna. Baby form: egg-shaped body, head is 60% of the body, stubby limbs or none, curious innocent expression. Small and simple. Its body visually echoes the Latin letters ""ao"" (pinyin 复韵母). Do not draw any letter or text."
art/ao_2.png,ao,letter,2,"Cute collectible monster card character for a children's Chinese learning game. Style: clean 2D vector-like illustration, thick dark outline, flat colors with soft cel shading, big glossy eyes, rounded shapes, kawaii, consistent front 3/4 view, soft top-left lighting. Full body, centered, nothing cropped. Plain pure white background, no text, no letters, no watermark, no frame. Palette lemon yellow #FFD23F and blue; a tiny robot body made of building blocks, with an antenna. Teen form: proper arms and legs, standing confidently, holds ONE small prop related to its meaning, cheerful expression. Medium detail. Its body visually echoes the Latin letters ""ao"" (pinyin 复韵母). Do not draw any letter or text."
art/ao_3.png,ao,letter,3,"Cute collectible monster card character for a children's Chinese learning game. Style: clean 2D vector-like illustration, thick dark outline, flat colors with soft cel shading, big glossy eyes, rounded shapes, kawaii, consistent front 3/4 view, soft top-left lighting. Full body, centered, nothing cropped. Plain pure white background, no text, no letters, no watermark, no frame. Palette lemon yellow #FFD23F and blue; a tiny robot body made of building blocks, with an antenna. King form: taller heroic proportions, royal cape and a small crown, a glowing aura of its element behind it, proud smile. Most detailed. Its body visually echoes the Latin letters ""ao"" (pinyin 复韵母). Do not draw any letter or text."
art/ou_1.png,ou,letter,1,"Cute collectible monster card character for a children's Chinese learning game. Style: clean 2D vector-like illustration, thick dark outline, flat colors with soft cel shading, big glossy eyes, rounded shapes, kawaii, consistent front 3/4 view, soft top-left lighting. Full body, centered, nothing cropped. Plain pure white background, no text, no letters, no watermark, no frame. Palette lemon yellow #FFD23F and blue; a tiny robot body made of building blocks, with an antenna. Baby form: egg-shaped body, head is 60% of the body, stubby limbs or none, curious innocent expression. Small and simple. Its body visually echoes the Latin letters ""ou"" (pinyin 复韵母). Do not draw any letter or text."
art/ou_2.png,ou,letter,2,"Cute collectible monster card character for a children's Chinese learning game. Style: clean 2D vector-like illustration, thick dark outline, flat colors with soft cel shading, big glossy eyes, rounded shapes, kawaii, consistent front 3/4 view, soft top-left lighting. Full body, centered, nothing cropped. Plain pure white background, no text, no letters, no watermark, no frame. Palette lemon yellow #FFD23F and blue; a tiny robot body made of building blocks, with an antenna. Teen form: proper arms and legs, standing confidently, holds ONE small prop related to its meaning, cheerful expression. Medium detail. Its body visually echoes the Latin letters ""ou"" (pinyin 复韵母). Do not draw any letter or text."
art/ou_3.png,ou,letter,3,"Cute collectible monster card character for a children's Chinese learning game. Style: clean 2D vector-like illustration, thick dark outline, flat colors with soft cel shading, big glossy eyes, rounded shapes, kawaii, consistent front 3/4 view, soft top-left lighting. Full body, centered, nothing cropped. Plain pure white background, no text, no letters, no watermark, no frame. Palette lemon yellow #FFD23F and blue; a tiny robot body made of building blocks, with an antenna. King form: taller heroic proportions, royal cape and a small crown, a glowing aura of its element behind it, proud smile. Most detailed. Its body visually echoes the Latin letters ""ou"" (pinyin 复韵母). Do not draw any letter or text."
art/iu_1.png,iu,letter,1,"Cute collectible monster card character for a children's Chinese learning game. Style: clean 2D vector-like illustration, thick dark outline, flat colors with soft cel shading, big glossy eyes, rounded shapes, kawaii, consistent front 3/4 view, soft top-left lighting. Full body, centered, nothing cropped. Plain pure white background, no text, no letters, no watermark, no frame. Palette lemon yellow #FFD23F and blue; a tiny robot body made of building blocks, with an antenna. Baby form: egg-shaped body, head is 60% of the body, stubby limbs or none, curious innocent expression. Small and simple. Its body visually echoes the Latin letters ""iu"" (pinyin 复韵母). Do not draw any letter or text."
art/iu_2.png,iu,letter,2,"Cute collectible monster card character for a children's Chinese learning game. Style: clean 2D vector-like illustration, thick dark outline, flat colors with soft cel shading, big glossy eyes, rounded shapes, kawaii, consistent front 3/4 view, soft top-left lighting. Full body, centered, nothing cropped. Plain pure white background, no text, no letters, no watermark, no frame. Palette lemon yellow #FFD23F and blue; a tiny robot body made of building blocks, with an antenna. Teen form: proper arms and legs, standing confidently, holds ONE small prop related to its meaning, cheerful expression. Medium detail. Its body visually echoes the Latin letters ""iu"" (pinyin 复韵母). Do not draw any letter or text."
art/iu_3.png,iu,letter,3,"Cute collectible monster card character for a children's Chinese learning game. Style: clean 2D vector-like illustration, thick dark outline, flat colors with soft cel shading, big glossy eyes, rounded shapes, kawaii, consistent front 3/4 view, soft top-left lighting. Full body, centered, nothing cropped. Plain pure white background, no text, no letters, no watermark, no frame. Palette lemon yellow #FFD23F and blue; a tiny robot body made of building blocks, with an antenna. King form: taller heroic proportions, royal cape and a small crown, a glowing aura of its element behind it, proud smile. Most detailed. Its body visually echoes the Latin letters ""iu"" (pinyin 复韵母). Do not draw any letter or text."
art/ie_1.png,ie,letter,1,"Cute collectible monster card character for a children's Chinese learning game. Style: clean 2D vector-like illustration, thick dark outline, flat colors with soft cel shading, big glossy eyes, rounded shapes, kawaii, consistent front 3/4 view, soft top-left lighting. Full body, centered, nothing cropped. Plain pure white background, no text, no letters, no watermark, no frame. Palette lemon yellow #FFD23F and blue; a tiny robot body made of building blocks, with an antenna. Baby form: egg-shaped body, head is 60% of the body, stubby limbs or none, curious innocent expression. Small and simple. Its body visually echoes the Latin letters ""ie"" (pinyin 复韵母). Do not draw any letter or text."
art/ie_2.png,ie,letter,2,"Cute collectible monster card character for a children's Chinese learning game. Style: clean 2D vector-like illustration, thick dark outline, flat colors with soft cel shading, big glossy eyes, rounded shapes, kawaii, consistent front 3/4 view, soft top-left lighting. Full body, centered, nothing cropped. Plain pure white background, no text, no letters, no watermark, no frame. Palette lemon yellow #FFD23F and blue; a tiny robot body made of building blocks, with an antenna. Teen form: proper arms and legs, standing confidently, holds ONE small prop related to its meaning, cheerful expression. Medium detail. Its body visually echoes the Latin letters ""ie"" (pinyin 复韵母). Do not draw any letter or text."
art/ie_3.png,ie,letter,3,"Cute collectible monster card character for a children's Chinese learning game. Style: clean 2D vector-like illustration, thick dark outline, flat colors with soft cel shading, big glossy eyes, rounded shapes, kawaii, consistent front 3/4 view, soft top-left lighting. Full body, centered, nothing cropped. Plain pure white background, no text, no letters, no watermark, no frame. Palette lemon yellow #FFD23F and blue; a tiny robot body made of building blocks, with an antenna. King form: taller heroic proportions, royal cape and a small crown, a glowing aura of its element behind it, proud smile. Most detailed. Its body visually echoes the Latin letters ""ie"" (pinyin 复韵母). Do not draw any letter or text."
art/üe_1.png,üe,letter,1,"Cute collectible monster card character for a children's Chinese learning game. Style: clean 2D vector-like illustration, thick dark outline, flat colors with soft cel shading, big glossy eyes, rounded shapes, kawaii, consistent front 3/4 view, soft top-left lighting. Full body, centered, nothing cropped. Plain pure white background, no text, no letters, no watermark, no frame. Palette lemon yellow #FFD23F and blue; a tiny robot body made of building blocks, with an antenna. Baby form: egg-shaped body, head is 60% of the body, stubby limbs or none, curious innocent expression. Small and simple. Its body visually echoes the Latin letters ""üe"" (pinyin 复韵母). Do not draw any letter or text."
art/üe_2.png,üe,letter,2,"Cute collectible monster card character for a children's Chinese learning game. Style: clean 2D vector-like illustration, thick dark outline, flat colors with soft cel shading, big glossy eyes, rounded shapes, kawaii, consistent front 3/4 view, soft top-left lighting. Full body, centered, nothing cropped. Plain pure white background, no text, no letters, no watermark, no frame. Palette lemon yellow #FFD23F and blue; a tiny robot body made of building blocks, with an antenna. Teen form: proper arms and legs, standing confidently, holds ONE small prop related to its meaning, cheerful expression. Medium detail. Its body visually echoes the Latin letters ""üe"" (pinyin 复韵母). Do not draw any letter or text."
art/üe_3.png,üe,letter,3,"Cute collectible monster card character for a children's Chinese learning game. Style: clean 2D vector-like illustration, thick dark outline, flat colors with soft cel shading, big glossy eyes, rounded shapes, kawaii, consistent front 3/4 view, soft top-left lighting. Full body, centered, nothing cropped. Plain pure white background, no text, no letters, no watermark, no frame. Palette lemon yellow #FFD23F and blue; a tiny robot body made of building blocks, with an antenna. King form: taller heroic proportions, royal cape and a small crown, a glowing aura of its element behind it, proud smile. Most detailed. Its body visually echoes the Latin letters ""üe"" (pinyin 复韵母). Do not draw any letter or text."
art/er_1.png,er,letter,1,"Cute collectible monster card character for a children's Chinese learning game. Style: clean 2D vector-like illustration, thick dark outline, flat colors with soft cel shading, big glossy eyes, rounded shapes, kawaii, consistent front 3/4 view, soft top-left lighting. Full body, centered, nothing cropped. Plain pure white background, no text, no letters, no watermark, no frame. Palette lemon yellow #FFD23F and blue; a tiny robot body made of building blocks, with an antenna. Baby form: egg-shaped body, head is 60% of the body, stubby limbs or none, curious innocent expression. Small and simple. Its body visually echoes the Latin letters ""er"" (pinyin 复韵母). Do not draw any letter or text."
art/er_2.png,er,letter,2,"Cute collectible monster card character for a children's Chinese learning game. Style: clean 2D vector-like illustration, thick dark outline, flat colors with soft cel shading, big glossy eyes, rounded shapes, kawaii, consistent front 3/4 view, soft top-left lighting. Full body, centered, nothing cropped. Plain pure white background, no text, no letters, no watermark, no frame. Palette lemon yellow #FFD23F and blue; a tiny robot body made of building blocks, with an antenna. Teen form: proper arms and legs, standing confidently, holds ONE small prop related to its meaning, cheerful expression. Medium detail. Its body visually echoes the Latin letters ""er"" (pinyin 复韵母). Do not draw any letter or text."
art/er_3.png,er,letter,3,"Cute collectible monster card character for a children's Chinese learning game. Style: clean 2D vector-like illustration, thick dark outline, flat colors with soft cel shading, big glossy eyes, rounded shapes, kawaii, consistent front 3/4 view, soft top-left lighting. Full body, centered, nothing cropped. Plain pure white background, no text, no letters, no watermark, no frame. Palette lemon yellow #FFD23F and blue; a tiny robot body made of building blocks, with an antenna. King form: taller heroic proportions, royal cape and a small crown, a glowing aura of its element behind it, proud smile. Most detailed. Its body visually echoes the Latin letters ""er"" (pinyin 复韵母). Do not draw any letter or text."
art/an_1.png,an,letter,1,"Cute collectible monster card character for a children's Chinese learning game. Style: clean 2D vector-like illustration, thick dark outline, flat colors with soft cel shading, big glossy eyes, rounded shapes, kawaii, consistent front 3/4 view, soft top-left lighting. Full body, centered, nothing cropped. Plain pure white background, no text, no letters, no watermark, no frame. Palette lemon yellow #FFD23F and blue; a tiny robot body made of building blocks, with an antenna. Baby form: egg-shaped body, head is 60% of the body, stubby limbs or none, curious innocent expression. Small and simple. Its body visually echoes the Latin letters ""an"" (pinyin 鼻韵母). Do not draw any letter or text."
art/an_2.png,an,letter,2,"Cute collectible monster card character for a children's Chinese learning game. Style: clean 2D vector-like illustration, thick dark outline, flat colors with soft cel shading, big glossy eyes, rounded shapes, kawaii, consistent front 3/4 view, soft top-left lighting. Full body, centered, nothing cropped. Plain pure white background, no text, no letters, no watermark, no frame. Palette lemon yellow #FFD23F and blue; a tiny robot body made of building blocks, with an antenna. Teen form: proper arms and legs, standing confidently, holds ONE small prop related to its meaning, cheerful expression. Medium detail. Its body visually echoes the Latin letters ""an"" (pinyin 鼻韵母). Do not draw any letter or text."
art/an_3.png,an,letter,3,"Cute collectible monster card character for a children's Chinese learning game. Style: clean 2D vector-like illustration, thick dark outline, flat colors with soft cel shading, big glossy eyes, rounded shapes, kawaii, consistent front 3/4 view, soft top-left lighting. Full body, centered, nothing cropped. Plain pure white background, no text, no letters, no watermark, no frame. Palette lemon yellow #FFD23F and blue; a tiny robot body made of building blocks, with an antenna. King form: taller heroic proportions, royal cape and a small crown, a glowing aura of its element behind it, proud smile. Most detailed. Its body visually echoes the Latin letters ""an"" (pinyin 鼻韵母). Do not draw any letter or text."
art/en_1.png,en,letter,1,"Cute collectible monster card character for a children's Chinese learning game. Style: clean 2D vector-like illustration, thick dark outline, flat colors with soft cel shading, big glossy eyes, rounded shapes, kawaii, consistent front 3/4 view, soft top-left lighting. Full body, centered, nothing cropped. Plain pure white background, no text, no letters, no watermark, no frame. Palette lemon yellow #FFD23F and blue; a tiny robot body made of building blocks, with an antenna. Baby form: egg-shaped body, head is 60% of the body, stubby limbs or none, curious innocent expression. Small and simple. Its body visually echoes the Latin letters ""en"" (pinyin 鼻韵母). Do not draw any letter or text."
art/en_2.png,en,letter,2,"Cute collectible monster card character for a children's Chinese learning game. Style: clean 2D vector-like illustration, thick dark outline, flat colors with soft cel shading, big glossy eyes, rounded shapes, kawaii, consistent front 3/4 view, soft top-left lighting. Full body, centered, nothing cropped. Plain pure white background, no text, no letters, no watermark, no frame. Palette lemon yellow #FFD23F and blue; a tiny robot body made of building blocks, with an antenna. Teen form: proper arms and legs, standing confidently, holds ONE small prop related to its meaning, cheerful expression. Medium detail. Its body visually echoes the Latin letters ""en"" (pinyin 鼻韵母). Do not draw any letter or text."
art/en_3.png,en,letter,3,"Cute collectible monster card character for a children's Chinese learning game. Style: clean 2D vector-like illustration, thick dark outline, flat colors with soft cel shading, big glossy eyes, rounded shapes, kawaii, consistent front 3/4 view, soft top-left lighting. Full body, centered, nothing cropped. Plain pure white background, no text, no letters, no watermark, no frame. Palette lemon yellow #FFD23F and blue; a tiny robot body made of building blocks, with an antenna. King form: taller heroic proportions, royal cape and a small crown, a glowing aura of its element behind it, proud smile. Most detailed. Its body visually echoes the Latin letters ""en"" (pinyin 鼻韵母). Do not draw any letter or text."
art/in_1.png,in,letter,1,"Cute collectible monster card character for a children's Chinese learning game. Style: clean 2D vector-like illustration, thick dark outline, flat colors with soft cel shading, big glossy eyes, rounded shapes, kawaii, consistent front 3/4 view, soft top-left lighting. Full body, centered, nothing cropped. Plain pure white background, no text, no letters, no watermark, no frame. Palette lemon yellow #FFD23F and blue; a tiny robot body made of building blocks, with an antenna. Baby form: egg-shaped body, head is 60% of the body, stubby limbs or none, curious innocent expression. Small and simple. Its body visually echoes the Latin letters ""in"" (pinyin 鼻韵母). Do not draw any letter or text."
art/in_2.png,in,letter,2,"Cute collectible monster card character for a children's Chinese learning game. Style: clean 2D vector-like illustration, thick dark outline, flat colors with soft cel shading, big glossy eyes, rounded shapes, kawaii, consistent front 3/4 view, soft top-left lighting. Full body, centered, nothing cropped. Plain pure white background, no text, no letters, no watermark, no frame. Palette lemon yellow #FFD23F and blue; a tiny robot body made of building blocks, with an antenna. Teen form: proper arms and legs, standing confidently, holds ONE small prop related to its meaning, cheerful expression. Medium detail. Its body visually echoes the Latin letters ""in"" (pinyin 鼻韵母). Do not draw any letter or text."
art/in_3.png,in,letter,3,"Cute collectible monster card character for a children's Chinese learning game. Style: clean 2D vector-like illustration, thick dark outline, flat colors with soft cel shading, big glossy eyes, rounded shapes, kawaii, consistent front 3/4 view, soft top-left lighting. Full body, centered, nothing cropped. Plain pure white background, no text, no letters, no watermark, no frame. Palette lemon yellow #FFD23F and blue; a tiny robot body made of building blocks, with an antenna. King form: taller heroic proportions, royal cape and a small crown, a glowing aura of its element behind it, proud smile. Most detailed. Its body visually echoes the Latin letters ""in"" (pinyin 鼻韵母). Do not draw any letter or text."
art/un_1.png,un,letter,1,"Cute collectible monster card character for a children's Chinese learning game. Style: clean 2D vector-like illustration, thick dark outline, flat colors with soft cel shading, big glossy eyes, rounded shapes, kawaii, consistent front 3/4 view, soft top-left lighting. Full body, centered, nothing cropped. Plain pure white background, no text, no letters, no watermark, no frame. Palette lemon yellow #FFD23F and blue; a tiny robot body made of building blocks, with an antenna. Baby form: egg-shaped body, head is 60% of the body, stubby limbs or none, curious innocent expression. Small and simple. Its body visually echoes the Latin letters ""un"" (pinyin 鼻韵母). Do not draw any letter or text."
art/un_2.png,un,letter,2,"Cute collectible monster card character for a children's Chinese learning game. Style: clean 2D vector-like illustration, thick dark outline, flat colors with soft cel shading, big glossy eyes, rounded shapes, kawaii, consistent front 3/4 view, soft top-left lighting. Full body, centered, nothing cropped. Plain pure white background, no text, no letters, no watermark, no frame. Palette lemon yellow #FFD23F and blue; a tiny robot body made of building blocks, with an antenna. Teen form: proper arms and legs, standing confidently, holds ONE small prop related to its meaning, cheerful expression. Medium detail. Its body visually echoes the Latin letters ""un"" (pinyin 鼻韵母). Do not draw any letter or text."
art/un_3.png,un,letter,3,"Cute collectible monster card character for a children's Chinese learning game. Style: clean 2D vector-like illustration, thick dark outline, flat colors with soft cel shading, big glossy eyes, rounded shapes, kawaii, consistent front 3/4 view, soft top-left lighting. Full body, centered, nothing cropped. Plain pure white background, no text, no letters, no watermark, no frame. Palette lemon yellow #FFD23F and blue; a tiny robot body made of building blocks, with an antenna. King form: taller heroic proportions, royal cape and a small crown, a glowing aura of its element behind it, proud smile. Most detailed. Its body visually echoes the Latin letters ""un"" (pinyin 鼻韵母). Do not draw any letter or text."
art/ün_1.png,ün,letter,1,"Cute collectible monster card character for a children's Chinese learning game. Style: clean 2D vector-like illustration, thick dark outline, flat colors with soft cel shading, big glossy eyes, rounded shapes, kawaii, consistent front 3/4 view, soft top-left lighting. Full body, centered, nothing cropped. Plain pure white background, no text, no letters, no watermark, no frame. Palette lemon yellow #FFD23F and blue; a tiny robot body made of building blocks, with an antenna. Baby form: egg-shaped body, head is 60% of the body, stubby limbs or none, curious innocent expression. Small and simple. Its body visually echoes the Latin letters ""ün"" (pinyin 鼻韵母). Do not draw any letter or text."
art/ün_2.png,ün,letter,2,"Cute collectible monster card character for a children's Chinese learning game. Style: clean 2D vector-like illustration, thick dark outline, flat colors with soft cel shading, big glossy eyes, rounded shapes, kawaii, consistent front 3/4 view, soft top-left lighting. Full body, centered, nothing cropped. Plain pure white background, no text, no letters, no watermark, no frame. Palette lemon yellow #FFD23F and blue; a tiny robot body made of building blocks, with an antenna. Teen form: proper arms and legs, standing confidently, holds ONE small prop related to its meaning, cheerful expression. Medium detail. Its body visually echoes the Latin letters ""ün"" (pinyin 鼻韵母). Do not draw any letter or text."
art/ün_3.png,ün,letter,3,"Cute collectible monster card character for a children's Chinese learning game. Style: clean 2D vector-like illustration, thick dark outline, flat colors with soft cel shading, big glossy eyes, rounded shapes, kawaii, consistent front 3/4 view, soft top-left lighting. Full body, centered, nothing cropped. Plain pure white background, no text, no letters, no watermark, no frame. Palette lemon yellow #FFD23F and blue; a tiny robot body made of building blocks, with an antenna. King form: taller heroic proportions, royal cape and a small crown, a glowing aura of its element behind it, proud smile. Most detailed. Its body visually echoes the Latin letters ""ün"" (pinyin 鼻韵母). Do not draw any letter or text."
art/ang_1.png,ang,letter,1,"Cute collectible monster card character for a children's Chinese learning game. Style: clean 2D vector-like illustration, thick dark outline, flat colors with soft cel shading, big glossy eyes, rounded shapes, kawaii, consistent front 3/4 view, soft top-left lighting. Full body, centered, nothing cropped. Plain pure white background, no text, no letters, no watermark, no frame. Palette lemon yellow #FFD23F and blue; a tiny robot body made of building blocks, with an antenna. Baby form: egg-shaped body, head is 60% of the body, stubby limbs or none, curious innocent expression. Small and simple. Its body visually echoes the Latin letters ""ang"" (pinyin 鼻韵母). Do not draw any letter or text."
art/ang_2.png,ang,letter,2,"Cute collectible monster card character for a children's Chinese learning game. Style: clean 2D vector-like illustration, thick dark outline, flat colors with soft cel shading, big glossy eyes, rounded shapes, kawaii, consistent front 3/4 view, soft top-left lighting. Full body, centered, nothing cropped. Plain pure white background, no text, no letters, no watermark, no frame. Palette lemon yellow #FFD23F and blue; a tiny robot body made of building blocks, with an antenna. Teen form: proper arms and legs, standing confidently, holds ONE small prop related to its meaning, cheerful expression. Medium detail. Its body visually echoes the Latin letters ""ang"" (pinyin 鼻韵母). Do not draw any letter or text."
art/ang_3.png,ang,letter,3,"Cute collectible monster card character for a children's Chinese learning game. Style: clean 2D vector-like illustration, thick dark outline, flat colors with soft cel shading, big glossy eyes, rounded shapes, kawaii, consistent front 3/4 view, soft top-left lighting. Full body, centered, nothing cropped. Plain pure white background, no text, no letters, no watermark, no frame. Palette lemon yellow #FFD23F and blue; a tiny robot body made of building blocks, with an antenna. King form: taller heroic proportions, royal cape and a small crown, a glowing aura of its element behind it, proud smile. Most detailed. Its body visually echoes the Latin letters ""ang"" (pinyin 鼻韵母). Do not draw any letter or text."
art/eng_1.png,eng,letter,1,"Cute collectible monster card character for a children's Chinese learning game. Style: clean 2D vector-like illustration, thick dark outline, flat colors with soft cel shading, big glossy eyes, rounded shapes, kawaii, consistent front 3/4 view, soft top-left lighting. Full body, centered, nothing cropped. Plain pure white background, no text, no letters, no watermark, no frame. Palette lemon yellow #FFD23F and blue; a tiny robot body made of building blocks, with an antenna. Baby form: egg-shaped body, head is 60% of the body, stubby limbs or none, curious innocent expression. Small and simple. Its body visually echoes the Latin letters ""eng"" (pinyin 鼻韵母). Do not draw any letter or text."
art/eng_2.png,eng,letter,2,"Cute collectible monster card character for a children's Chinese learning game. Style: clean 2D vector-like illustration, thick dark outline, flat colors with soft cel shading, big glossy eyes, rounded shapes, kawaii, consistent front 3/4 view, soft top-left lighting. Full body, centered, nothing cropped. Plain pure white background, no text, no letters, no watermark, no frame. Palette lemon yellow #FFD23F and blue; a tiny robot body made of building blocks, with an antenna. Teen form: proper arms and legs, standing confidently, holds ONE small prop related to its meaning, cheerful expression. Medium detail. Its body visually echoes the Latin letters ""eng"" (pinyin 鼻韵母). Do not draw any letter or text."
art/eng_3.png,eng,letter,3,"Cute collectible monster card character for a children's Chinese learning game. Style: clean 2D vector-like illustration, thick dark outline, flat colors with soft cel shading, big glossy eyes, rounded shapes, kawaii, consistent front 3/4 view, soft top-left lighting. Full body, centered, nothing cropped. Plain pure white background, no text, no letters, no watermark, no frame. Palette lemon yellow #FFD23F and blue; a tiny robot body made of building blocks, with an antenna. King form: taller heroic proportions, royal cape and a small crown, a glowing aura of its element behind it, proud smile. Most detailed. Its body visually echoes the Latin letters ""eng"" (pinyin 鼻韵母). Do not draw any letter or text."
art/ing_1.png,ing,letter,1,"Cute collectible monster card character for a children's Chinese learning game. Style: clean 2D vector-like illustration, thick dark outline, flat colors with soft cel shading, big glossy eyes, rounded shapes, kawaii, consistent front 3/4 view, soft top-left lighting. Full body, centered, nothing cropped. Plain pure white background, no text, no letters, no watermark, no frame. Palette lemon yellow #FFD23F and blue; a tiny robot body made of building blocks, with an antenna. Baby form: egg-shaped body, head is 60% of the body, stubby limbs or none, curious innocent expression. Small and simple. Its body visually echoes the Latin letters ""ing"" (pinyin 鼻韵母). Do not draw any letter or text."
art/ing_2.png,ing,letter,2,"Cute collectible monster card character for a children's Chinese learning game. Style: clean 2D vector-like illustration, thick dark outline, flat colors with soft cel shading, big glossy eyes, rounded shapes, kawaii, consistent front 3/4 view, soft top-left lighting. Full body, centered, nothing cropped. Plain pure white background, no text, no letters, no watermark, no frame. Palette lemon yellow #FFD23F and blue; a tiny robot body made of building blocks, with an antenna. Teen form: proper arms and legs, standing confidently, holds ONE small prop related to its meaning, cheerful expression. Medium detail. Its body visually echoes the Latin letters ""ing"" (pinyin 鼻韵母). Do not draw any letter or text."
art/ing_3.png,ing,letter,3,"Cute collectible monster card character for a children's Chinese learning game. Style: clean 2D vector-like illustration, thick dark outline, flat colors with soft cel shading, big glossy eyes, rounded shapes, kawaii, consistent front 3/4 view, soft top-left lighting. Full body, centered, nothing cropped. Plain pure white background, no text, no letters, no watermark, no frame. Palette lemon yellow #FFD23F and blue; a tiny robot body made of building blocks, with an antenna. King form: taller heroic proportions, royal cape and a small crown, a glowing aura of its element behind it, proud smile. Most detailed. Its body visually echoes the Latin letters ""ing"" (pinyin 鼻韵母). Do not draw any letter or text."
art/ong_1.png,ong,letter,1,"Cute collectible monster card character for a children's Chinese learning game. Style: clean 2D vector-like illustration, thick dark outline, flat colors with soft cel shading, big glossy eyes, rounded shapes, kawaii, consistent front 3/4 view, soft top-left lighting. Full body, centered, nothing cropped. Plain pure white background, no text, no letters, no watermark, no frame. Palette lemon yellow #FFD23F and blue; a tiny robot body made of building blocks, with an antenna. Baby form: egg-shaped body, head is 60% of the body, stubby limbs or none, curious innocent expression. Small and simple. Its body visually echoes the Latin letters ""ong"" (pinyin 鼻韵母). Do not draw any letter or text."
art/ong_2.png,ong,letter,2,"Cute collectible monster card character for a children's Chinese learning game. Style: clean 2D vector-like illustration, thick dark outline, flat colors with soft cel shading, big glossy eyes, rounded shapes, kawaii, consistent front 3/4 view, soft top-left lighting. Full body, centered, nothing cropped. Plain pure white background, no text, no letters, no watermark, no frame. Palette lemon yellow #FFD23F and blue; a tiny robot body made of building blocks, with an antenna. Teen form: proper arms and legs, standing confidently, holds ONE small prop related to its meaning, cheerful expression. Medium detail. Its body visually echoes the Latin letters ""ong"" (pinyin 鼻韵母). Do not draw any letter or text."
art/ong_3.png,ong,letter,3,"Cute collectible monster card character for a children's Chinese learning game. Style: clean 2D vector-like illustration, thick dark outline, flat colors with soft cel shading, big glossy eyes, rounded shapes, kawaii, consistent front 3/4 view, soft top-left lighting. Full body, centered, nothing cropped. Plain pure white background, no text, no letters, no watermark, no frame. Palette lemon yellow #FFD23F and blue; a tiny robot body made of building blocks, with an antenna. King form: taller heroic proportions, royal cape and a small crown, a glowing aura of its element behind it, proud smile. Most detailed. Its body visually echoes the Latin letters ""ong"" (pinyin 鼻韵母). Do not draw any letter or text."
art/zhi_1.png,zhi,letter,1,"Cute collectible monster card character for a children's Chinese learning game. Style: clean 2D vector-like illustration, thick dark outline, flat colors with soft cel shading, big glossy eyes, rounded shapes, kawaii, consistent front 3/4 view, soft top-left lighting. Full body, centered, nothing cropped. Plain pure white background, no text, no letters, no watermark, no frame. Palette lemon yellow #FFD23F and blue; a tiny robot body made of building blocks, with an antenna. Baby form: egg-shaped body, head is 60% of the body, stubby limbs or none, curious innocent expression. Small and simple. Its body visually echoes the Latin letters ""zhi"" (pinyin 整体认读音节). Do not draw any letter or text."
art/zhi_2.png,zhi,letter,2,"Cute collectible monster card character for a children's Chinese learning game. Style: clean 2D vector-like illustration, thick dark outline, flat colors with soft cel shading, big glossy eyes, rounded shapes, kawaii, consistent front 3/4 view, soft top-left lighting. Full body, centered, nothing cropped. Plain pure white background, no text, no letters, no watermark, no frame. Palette lemon yellow #FFD23F and blue; a tiny robot body made of building blocks, with an antenna. Teen form: proper arms and legs, standing confidently, holds ONE small prop related to its meaning, cheerful expression. Medium detail. Its body visually echoes the Latin letters ""zhi"" (pinyin 整体认读音节). Do not draw any letter or text."
art/zhi_3.png,zhi,letter,3,"Cute collectible monster card character for a children's Chinese learning game. Style: clean 2D vector-like illustration, thick dark outline, flat colors with soft cel shading, big glossy eyes, rounded shapes, kawaii, consistent front 3/4 view, soft top-left lighting. Full body, centered, nothing cropped. Plain pure white background, no text, no letters, no watermark, no frame. Palette lemon yellow #FFD23F and blue; a tiny robot body made of building blocks, with an antenna. King form: taller heroic proportions, royal cape and a small crown, a glowing aura of its element behind it, proud smile. Most detailed. Its body visually echoes the Latin letters ""zhi"" (pinyin 整体认读音节). Do not draw any letter or text."
art/chi_1.png,chi,letter,1,"Cute collectible monster card character for a children's Chinese learning game. Style: clean 2D vector-like illustration, thick dark outline, flat colors with soft cel shading, big glossy eyes, rounded shapes, kawaii, consistent front 3/4 view, soft top-left lighting. Full body, centered, nothing cropped. Plain pure white background, no text, no letters, no watermark, no frame. Palette lemon yellow #FFD23F and blue; a tiny robot body made of building blocks, with an antenna. Baby form: egg-shaped body, head is 60% of the body, stubby limbs or none, curious innocent expression. Small and simple. Its body visually echoes the Latin letters ""chi"" (pinyin 整体认读音节). Do not draw any letter or text."
art/chi_2.png,chi,letter,2,"Cute collectible monster card character for a children's Chinese learning game. Style: clean 2D vector-like illustration, thick dark outline, flat colors with soft cel shading, big glossy eyes, rounded shapes, kawaii, consistent front 3/4 view, soft top-left lighting. Full body, centered, nothing cropped. Plain pure white background, no text, no letters, no watermark, no frame. Palette lemon yellow #FFD23F and blue; a tiny robot body made of building blocks, with an antenna. Teen form: proper arms and legs, standing confidently, holds ONE small prop related to its meaning, cheerful expression. Medium detail. Its body visually echoes the Latin letters ""chi"" (pinyin 整体认读音节). Do not draw any letter or text."
art/chi_3.png,chi,letter,3,"Cute collectible monster card character for a children's Chinese learning game. Style: clean 2D vector-like illustration, thick dark outline, flat colors with soft cel shading, big glossy eyes, rounded shapes, kawaii, consistent front 3/4 view, soft top-left lighting. Full body, centered, nothing cropped. Plain pure white background, no text, no letters, no watermark, no frame. Palette lemon yellow #FFD23F and blue; a tiny robot body made of building blocks, with an antenna. King form: taller heroic proportions, royal cape and a small crown, a glowing aura of its element behind it, proud smile. Most detailed. Its body visually echoes the Latin letters ""chi"" (pinyin 整体认读音节). Do not draw any letter or text."
art/shi_1.png,shi,letter,1,"Cute collectible monster card character for a children's Chinese learning game. Style: clean 2D vector-like illustration, thick dark outline, flat colors with soft cel shading, big glossy eyes, rounded shapes, kawaii, consistent front 3/4 view, soft top-left lighting. Full body, centered, nothing cropped. Plain pure white background, no text, no letters, no watermark, no frame. Palette lemon yellow #FFD23F and blue; a tiny robot body made of building blocks, with an antenna. Baby form: egg-shaped body, head is 60% of the body, stubby limbs or none, curious innocent expression. Small and simple. Its body visually echoes the Latin letters ""shi"" (pinyin 整体认读音节). Do not draw any letter or text."
art/shi_2.png,shi,letter,2,"Cute collectible monster card character for a children's Chinese learning game. Style: clean 2D vector-like illustration, thick dark outline, flat colors with soft cel shading, big glossy eyes, rounded shapes, kawaii, consistent front 3/4 view, soft top-left lighting. Full body, centered, nothing cropped. Plain pure white background, no text, no letters, no watermark, no frame. Palette lemon yellow #FFD23F and blue; a tiny robot body made of building blocks, with an antenna. Teen form: proper arms and legs, standing confidently, holds ONE small prop related to its meaning, cheerful expression. Medium detail. Its body visually echoes the Latin letters ""shi"" (pinyin 整体认读音节). Do not draw any letter or text."
art/shi_3.png,shi,letter,3,"Cute collectible monster card character for a children's Chinese learning game. Style: clean 2D vector-like illustration, thick dark outline, flat colors with soft cel shading, big glossy eyes, rounded shapes, kawaii, consistent front 3/4 view, soft top-left lighting. Full body, centered, nothing cropped. Plain pure white background, no text, no letters, no watermark, no frame. Palette lemon yellow #FFD23F and blue; a tiny robot body made of building blocks, with an antenna. King form: taller heroic proportions, royal cape and a small crown, a glowing aura of its element behind it, proud smile. Most detailed. Its body visually echoes the Latin letters ""shi"" (pinyin 整体认读音节). Do not draw any letter or text."
art/ri_1.png,ri,letter,1,"Cute collectible monster card character for a children's Chinese learning game. Style: clean 2D vector-like illustration, thick dark outline, flat colors with soft cel shading, big glossy eyes, rounded shapes, kawaii, consistent front 3/4 view, soft top-left lighting. Full body, centered, nothing cropped. Plain pure white background, no text, no letters, no watermark, no frame. Palette lemon yellow #FFD23F and blue; a tiny robot body made of building blocks, with an antenna. Baby form: egg-shaped body, head is 60% of the body, stubby limbs or none, curious innocent expression. Small and simple. Its body visually echoes the Latin letters ""ri"" (pinyin 整体认读音节). Do not draw any letter or text."
art/ri_2.png,ri,letter,2,"Cute collectible monster card character for a children's Chinese learning game. Style: clean 2D vector-like illustration, thick dark outline, flat colors with soft cel shading, big glossy eyes, rounded shapes, kawaii, consistent front 3/4 view, soft top-left lighting. Full body, centered, nothing cropped. Plain pure white background, no text, no letters, no watermark, no frame. Palette lemon yellow #FFD23F and blue; a tiny robot body made of building blocks, with an antenna. Teen form: proper arms and legs, standing confidently, holds ONE small prop related to its meaning, cheerful expression. Medium detail. Its body visually echoes the Latin letters ""ri"" (pinyin 整体认读音节). Do not draw any letter or text."
art/ri_3.png,ri,letter,3,"Cute collectible monster card character for a children's Chinese learning game. Style: clean 2D vector-like illustration, thick dark outline, flat colors with soft cel shading, big glossy eyes, rounded shapes, kawaii, consistent front 3/4 view, soft top-left lighting. Full body, centered, nothing cropped. Plain pure white background, no text, no letters, no watermark, no frame. Palette lemon yellow #FFD23F and blue; a tiny robot body made of building blocks, with an antenna. King form: taller heroic proportions, royal cape and a small crown, a glowing aura of its element behind it, proud smile. Most detailed. Its body visually echoes the Latin letters ""ri"" (pinyin 整体认读音节). Do not draw any letter or text."
art/zi_1.png,zi,letter,1,"Cute collectible monster card character for a children's Chinese learning game. Style: clean 2D vector-like illustration, thick dark outline, flat colors with soft cel shading, big glossy eyes, rounded shapes, kawaii, consistent front 3/4 view, soft top-left lighting. Full body, centered, nothing cropped. Plain pure white background, no text, no letters, no watermark, no frame. Palette lemon yellow #FFD23F and blue; a tiny robot body made of building blocks, with an antenna. Baby form: egg-shaped body, head is 60% of the body, stubby limbs or none, curious innocent expression. Small and simple. Its body visually echoes the Latin letters ""zi"" (pinyin 整体认读音节). Do not draw any letter or text."
art/zi_2.png,zi,letter,2,"Cute collectible monster card character for a children's Chinese learning game. Style: clean 2D vector-like illustration, thick dark outline, flat colors with soft cel shading, big glossy eyes, rounded shapes, kawaii, consistent front 3/4 view, soft top-left lighting. Full body, centered, nothing cropped. Plain pure white background, no text, no letters, no watermark, no frame. Palette lemon yellow #FFD23F and blue; a tiny robot body made of building blocks, with an antenna. Teen form: proper arms and legs, standing confidently, holds ONE small prop related to its meaning, cheerful expression. Medium detail. Its body visually echoes the Latin letters ""zi"" (pinyin 整体认读音节). Do not draw any letter or text."
art/zi_3.png,zi,letter,3,"Cute collectible monster card character for a children's Chinese learning game. Style: clean 2D vector-like illustration, thick dark outline, flat colors with soft cel shading, big glossy eyes, rounded shapes, kawaii, consistent front 3/4 view, soft top-left lighting. Full body, centered, nothing cropped. Plain pure white background, no text, no letters, no watermark, no frame. Palette lemon yellow #FFD23F and blue; a tiny robot body made of building blocks, with an antenna. King form: taller heroic proportions, royal cape and a small crown, a glowing aura of its element behind it, proud smile. Most detailed. Its body visually echoes the Latin letters ""zi"" (pinyin 整体认读音节). Do not draw any letter or text."
art/ci_1.png,ci,letter,1,"Cute collectible monster card character for a children's Chinese learning game. Style: clean 2D vector-like illustration, thick dark outline, flat colors with soft cel shading, big glossy eyes, rounded shapes, kawaii, consistent front 3/4 view, soft top-left lighting. Full body, centered, nothing cropped. Plain pure white background, no text, no letters, no watermark, no frame. Palette lemon yellow #FFD23F and blue; a tiny robot body made of building blocks, with an antenna. Baby form: egg-shaped body, head is 60% of the body, stubby limbs or none, curious innocent expression. Small and simple. Its body visually echoes the Latin letters ""ci"" (pinyin 整体认读音节). Do not draw any letter or text."
art/ci_2.png,ci,letter,2,"Cute collectible monster card character for a children's Chinese learning game. Style: clean 2D vector-like illustration, thick dark outline, flat colors with soft cel shading, big glossy eyes, rounded shapes, kawaii, consistent front 3/4 view, soft top-left lighting. Full body, centered, nothing cropped. Plain pure white background, no text, no letters, no watermark, no frame. Palette lemon yellow #FFD23F and blue; a tiny robot body made of building blocks, with an antenna. Teen form: proper arms and legs, standing confidently, holds ONE small prop related to its meaning, cheerful expression. Medium detail. Its body visually echoes the Latin letters ""ci"" (pinyin 整体认读音节). Do not draw any letter or text."
art/ci_3.png,ci,letter,3,"Cute collectible monster card character for a children's Chinese learning game. Style: clean 2D vector-like illustration, thick dark outline, flat colors with soft cel shading, big glossy eyes, rounded shapes, kawaii, consistent front 3/4 view, soft top-left lighting. Full body, centered, nothing cropped. Plain pure white background, no text, no letters, no watermark, no frame. Palette lemon yellow #FFD23F and blue; a tiny robot body made of building blocks, with an antenna. King form: taller heroic proportions, royal cape and a small crown, a glowing aura of its element behind it, proud smile. Most detailed. Its body visually echoes the Latin letters ""ci"" (pinyin 整体认读音节). Do not draw any letter or text."
art/si_1.png,si,letter,1,"Cute collectible monster card character for a children's Chinese learning game. Style: clean 2D vector-like illustration, thick dark outline, flat colors with soft cel shading, big glossy eyes, rounded shapes, kawaii, consistent front 3/4 view, soft top-left lighting. Full body, centered, nothing cropped. Plain pure white background, no text, no letters, no watermark, no frame. Palette lemon yellow #FFD23F and blue; a tiny robot body made of building blocks, with an antenna. Baby form: egg-shaped body, head is 60% of the body, stubby limbs or none, curious innocent expression. Small and simple. Its body visually echoes the Latin letters ""si"" (pinyin 整体认读音节). Do not draw any letter or text."
art/si_2.png,si,letter,2,"Cute collectible monster card character for a children's Chinese learning game. Style: clean 2D vector-like illustration, thick dark outline, flat colors with soft cel shading, big glossy eyes, rounded shapes, kawaii, consistent front 3/4 view, soft top-left lighting. Full body, centered, nothing cropped. Plain pure white background, no text, no letters, no watermark, no frame. Palette lemon yellow #FFD23F and blue; a tiny robot body made of building blocks, with an antenna. Teen form: proper arms and legs, standing confidently, holds ONE small prop related to its meaning, cheerful expression. Medium detail. Its body visually echoes the Latin letters ""si"" (pinyin 整体认读音节). Do not draw any letter or text."
art/si_3.png,si,letter,3,"Cute collectible monster card character for a children's Chinese learning game. Style: clean 2D vector-like illustration, thick dark outline, flat colors with soft cel shading, big glossy eyes, rounded shapes, kawaii, consistent front 3/4 view, soft top-left lighting. Full body, centered, nothing cropped. Plain pure white background, no text, no letters, no watermark, no frame. Palette lemon yellow #FFD23F and blue; a tiny robot body made of building blocks, with an antenna. King form: taller heroic proportions, royal cape and a small crown, a glowing aura of its element behind it, proud smile. Most detailed. Its body visually echoes the Latin letters ""si"" (pinyin 整体认读音节). Do not draw any letter or text."
art/yi_1.png,yi,letter,1,"Cute collectible monster card character for a children's Chinese learning game. Style: clean 2D vector-like illustration, thick dark outline, flat colors with soft cel shading, big glossy eyes, rounded shapes, kawaii, consistent front 3/4 view, soft top-left lighting. Full body, centered, nothing cropped. Plain pure white background, no text, no letters, no watermark, no frame. Palette lemon yellow #FFD23F and blue; a tiny robot body made of building blocks, with an antenna. Baby form: egg-shaped body, head is 60% of the body, stubby limbs or none, curious innocent expression. Small and simple. Its body visually echoes the Latin letters ""yi"" (pinyin 整体认读音节). Do not draw any letter or text."
art/yi_2.png,yi,letter,2,"Cute collectible monster card character for a children's Chinese learning game. Style: clean 2D vector-like illustration, thick dark outline, flat colors with soft cel shading, big glossy eyes, rounded shapes, kawaii, consistent front 3/4 view, soft top-left lighting. Full body, centered, nothing cropped. Plain pure white background, no text, no letters, no watermark, no frame. Palette lemon yellow #FFD23F and blue; a tiny robot body made of building blocks, with an antenna. Teen form: proper arms and legs, standing confidently, holds ONE small prop related to its meaning, cheerful expression. Medium detail. Its body visually echoes the Latin letters ""yi"" (pinyin 整体认读音节). Do not draw any letter or text."
art/yi_3.png,yi,letter,3,"Cute collectible monster card character for a children's Chinese learning game. Style: clean 2D vector-like illustration, thick dark outline, flat colors with soft cel shading, big glossy eyes, rounded shapes, kawaii, consistent front 3/4 view, soft top-left lighting. Full body, centered, nothing cropped. Plain pure white background, no text, no letters, no watermark, no frame. Palette lemon yellow #FFD23F and blue; a tiny robot body made of building blocks, with an antenna. King form: taller heroic proportions, royal cape and a small crown, a glowing aura of its element behind it, proud smile. Most detailed. Its body visually echoes the Latin letters ""yi"" (pinyin 整体认读音节). Do not draw any letter or text."
art/wu_1.png,wu,letter,1,"Cute collectible monster card character for a children's Chinese learning game. Style: clean 2D vector-like illustration, thick dark outline, flat colors with soft cel shading, big glossy eyes, rounded shapes, kawaii, consistent front 3/4 view, soft top-left lighting. Full body, centered, nothing cropped. Plain pure white background, no text, no letters, no watermark, no frame. Palette lemon yellow #FFD23F and blue; a tiny robot body made of building blocks, with an antenna. Baby form: egg-shaped body, head is 60% of the body, stubby limbs or none, curious innocent expression. Small and simple. Its body visually echoes the Latin letters ""wu"" (pinyin 整体认读音节). Do not draw any letter or text."
art/wu_2.png,wu,letter,2,"Cute collectible monster card character for a children's Chinese learning game. Style: clean 2D vector-like illustration, thick dark outline, flat colors with soft cel shading, big glossy eyes, rounded shapes, kawaii, consistent front 3/4 view, soft top-left lighting. Full body, centered, nothing cropped. Plain pure white background, no text, no letters, no watermark, no frame. Palette lemon yellow #FFD23F and blue; a tiny robot body made of building blocks, with an antenna. Teen form: proper arms and legs, standing confidently, holds ONE small prop related to its meaning, cheerful expression. Medium detail. Its body visually echoes the Latin letters ""wu"" (pinyin 整体认读音节). Do not draw any letter or text."
art/wu_3.png,wu,letter,3,"Cute collectible monster card character for a children's Chinese learning game. Style: clean 2D vector-like illustration, thick dark outline, flat colors with soft cel shading, big glossy eyes, rounded shapes, kawaii, consistent front 3/4 view, soft top-left lighting. Full body, centered, nothing cropped. Plain pure white background, no text, no letters, no watermark, no frame. Palette lemon yellow #FFD23F and blue; a tiny robot body made of building blocks, with an antenna. King form: taller heroic proportions, royal cape and a small crown, a glowing aura of its element behind it, proud smile. Most detailed. Its body visually echoes the Latin letters ""wu"" (pinyin 整体认读音节). Do not draw any letter or text."
art/yu_1.png,yu,letter,1,"Cute collectible monster card character for a children's Chinese learning game. Style: clean 2D vector-like illustration, thick dark outline, flat colors with soft cel shading, big glossy eyes, rounded shapes, kawaii, consistent front 3/4 view, soft top-left lighting. Full body, centered, nothing cropped. Plain pure white background, no text, no letters, no watermark, no frame. Palette lemon yellow #FFD23F and blue; a tiny robot body made of building blocks, with an antenna. Baby form: egg-shaped body, head is 60% of the body, stubby limbs or none, curious innocent expression. Small and simple. Its body visually echoes the Latin letters ""yu"" (pinyin 整体认读音节). Do not draw any letter or text."
art/yu_2.png,yu,letter,2,"Cute collectible monster card character for a children's Chinese learning game. Style: clean 2D vector-like illustration, thick dark outline, flat colors with soft cel shading, big glossy eyes, rounded shapes, kawaii, consistent front 3/4 view, soft top-left lighting. Full body, centered, nothing cropped. Plain pure white background, no text, no letters, no watermark, no frame. Palette lemon yellow #FFD23F and blue; a tiny robot body made of building blocks, with an antenna. Teen form: proper arms and legs, standing confidently, holds ONE small prop related to its meaning, cheerful expression. Medium detail. Its body visually echoes the Latin letters ""yu"" (pinyin 整体认读音节). Do not draw any letter or text."
art/yu_3.png,yu,letter,3,"Cute collectible monster card character for a children's Chinese learning game. Style: clean 2D vector-like illustration, thick dark outline, flat colors with soft cel shading, big glossy eyes, rounded shapes, kawaii, consistent front 3/4 view, soft top-left lighting. Full body, centered, nothing cropped. Plain pure white background, no text, no letters, no watermark, no frame. Palette lemon yellow #FFD23F and blue; a tiny robot body made of building blocks, with an antenna. King form: taller heroic proportions, royal cape and a small crown, a glowing aura of its element behind it, proud smile. Most detailed. Its body visually echoes the Latin letters ""yu"" (pinyin 整体认读音节). Do not draw any letter or text."
art/ye_1.png,ye,letter,1,"Cute collectible monster card character for a children's Chinese learning game. Style: clean 2D vector-like illustration, thick dark outline, flat colors with soft cel shading, big glossy eyes, rounded shapes, kawaii, consistent front 3/4 view, soft top-left lighting. Full body, centered, nothing cropped. Plain pure white background, no text, no letters, no watermark, no frame. Palette lemon yellow #FFD23F and blue; a tiny robot body made of building blocks, with an antenna. Baby form: egg-shaped body, head is 60% of the body, stubby limbs or none, curious innocent expression. Small and simple. Its body visually echoes the Latin letters ""ye"" (pinyin 整体认读音节). Do not draw any letter or text."
art/ye_2.png,ye,letter,2,"Cute collectible monster card character for a children's Chinese learning game. Style: clean 2D vector-like illustration, thick dark outline, flat colors with soft cel shading, big glossy eyes, rounded shapes, kawaii, consistent front 3/4 view, soft top-left lighting. Full body, centered, nothing cropped. Plain pure white background, no text, no letters, no watermark, no frame. Palette lemon yellow #FFD23F and blue; a tiny robot body made of building blocks, with an antenna. Teen form: proper arms and legs, standing confidently, holds ONE small prop related to its meaning, cheerful expression. Medium detail. Its body visually echoes the Latin letters ""ye"" (pinyin 整体认读音节). Do not draw any letter or text."
art/ye_3.png,ye,letter,3,"Cute collectible monster card character for a children's Chinese learning game. Style: clean 2D vector-like illustration, thick dark outline, flat colors with soft cel shading, big glossy eyes, rounded shapes, kawaii, consistent front 3/4 view, soft top-left lighting. Full body, centered, nothing cropped. Plain pure white background, no text, no letters, no watermark, no frame. Palette lemon yellow #FFD23F and blue; a tiny robot body made of building blocks, with an antenna. King form: taller heroic proportions, royal cape and a small crown, a glowing aura of its element behind it, proud smile. Most detailed. Its body visually echoes the Latin letters ""ye"" (pinyin 整体认读音节). Do not draw any letter or text."
art/yue_1.png,yue,letter,1,"Cute collectible monster card character for a children's Chinese learning game. Style: clean 2D vector-like illustration, thick dark outline, flat colors with soft cel shading, big glossy eyes, rounded shapes, kawaii, consistent front 3/4 view, soft top-left lighting. Full body, centered, nothing cropped. Plain pure white background, no text, no letters, no watermark, no frame. Palette lemon yellow #FFD23F and blue; a tiny robot body made of building blocks, with an antenna. Baby form: egg-shaped body, head is 60% of the body, stubby limbs or none, curious innocent expression. Small and simple. Its body visually echoes the Latin letters ""yue"" (pinyin 整体认读音节). Do not draw any letter or text."
art/yue_2.png,yue,letter,2,"Cute collectible monster card character for a children's Chinese learning game. Style: clean 2D vector-like illustration, thick dark outline, flat colors with soft cel shading, big glossy eyes, rounded shapes, kawaii, consistent front 3/4 view, soft top-left lighting. Full body, centered, nothing cropped. Plain pure white background, no text, no letters, no watermark, no frame. Palette lemon yellow #FFD23F and blue; a tiny robot body made of building blocks, with an antenna. Teen form: proper arms and legs, standing confidently, holds ONE small prop related to its meaning, cheerful expression. Medium detail. Its body visually echoes the Latin letters ""yue"" (pinyin 整体认读音节). Do not draw any letter or text."
art/yue_3.png,yue,letter,3,"Cute collectible monster card character for a children's Chinese learning game. Style: clean 2D vector-like illustration, thick dark outline, flat colors with soft cel shading, big glossy eyes, rounded shapes, kawaii, consistent front 3/4 view, soft top-left lighting. Full body, centered, nothing cropped. Plain pure white background, no text, no letters, no watermark, no frame. Palette lemon yellow #FFD23F and blue; a tiny robot body made of building blocks, with an antenna. King form: taller heroic proportions, royal cape and a small crown, a glowing aura of its element behind it, proud smile. Most detailed. Its body visually echoes the Latin letters ""yue"" (pinyin 整体认读音节). Do not draw any letter or text."
art/yuan_1.png,yuan,letter,1,"Cute collectible monster card character for a children's Chinese learning game. Style: clean 2D vector-like illustration, thick dark outline, flat colors with soft cel shading, big glossy eyes, rounded shapes, kawaii, consistent front 3/4 view, soft top-left lighting. Full body, centered, nothing cropped. Plain pure white background, no text, no letters, no watermark, no frame. Palette lemon yellow #FFD23F and blue; a tiny robot body made of building blocks, with an antenna. Baby form: egg-shaped body, head is 60% of the body, stubby limbs or none, curious innocent expression. Small and simple. Its body visually echoes the Latin letters ""yuan"" (pinyin 整体认读音节). Do not draw any letter or text."
art/yuan_2.png,yuan,letter,2,"Cute collectible monster card character for a children's Chinese learning game. Style: clean 2D vector-like illustration, thick dark outline, flat colors with soft cel shading, big glossy eyes, rounded shapes, kawaii, consistent front 3/4 view, soft top-left lighting. Full body, centered, nothing cropped. Plain pure white background, no text, no letters, no watermark, no frame. Palette lemon yellow #FFD23F and blue; a tiny robot body made of building blocks, with an antenna. Teen form: proper arms and legs, standing confidently, holds ONE small prop related to its meaning, cheerful expression. Medium detail. Its body visually echoes the Latin letters ""yuan"" (pinyin 整体认读音节). Do not draw any letter or text."
art/yuan_3.png,yuan,letter,3,"Cute collectible monster card character for a children's Chinese learning game. Style: clean 2D vector-like illustration, thick dark outline, flat colors with soft cel shading, big glossy eyes, rounded shapes, kawaii, consistent front 3/4 view, soft top-left lighting. Full body, centered, nothing cropped. Plain pure white background, no text, no letters, no watermark, no frame. Palette lemon yellow #FFD23F and blue; a tiny robot body made of building blocks, with an antenna. King form: taller heroic proportions, royal cape and a small crown, a glowing aura of its element behind it, proud smile. Most detailed. Its body visually echoes the Latin letters ""yuan"" (pinyin 整体认读音节). Do not draw any letter or text."
art/yin_1.png,yin,letter,1,"Cute collectible monster card character for a children's Chinese learning game. Style: clean 2D vector-like illustration, thick dark outline, flat colors with soft cel shading, big glossy eyes, rounded shapes, kawaii, consistent front 3/4 view, soft top-left lighting. Full body, centered, nothing cropped. Plain pure white background, no text, no letters, no watermark, no frame. Palette lemon yellow #FFD23F and blue; a tiny robot body made of building blocks, with an antenna. Baby form: egg-shaped body, head is 60% of the body, stubby limbs or none, curious innocent expression. Small and simple. Its body visually echoes the Latin letters ""yin"" (pinyin 整体认读音节). Do not draw any letter or text."
art/yin_2.png,yin,letter,2,"Cute collectible monster card character for a children's Chinese learning game. Style: clean 2D vector-like illustration, thick dark outline, flat colors with soft cel shading, big glossy eyes, rounded shapes, kawaii, consistent front 3/4 view, soft top-left lighting. Full body, centered, nothing cropped. Plain pure white background, no text, no letters, no watermark, no frame. Palette lemon yellow #FFD23F and blue; a tiny robot body made of building blocks, with an antenna. Teen form: proper arms and legs, standing confidently, holds ONE small prop related to its meaning, cheerful expression. Medium detail. Its body visually echoes the Latin letters ""yin"" (pinyin 整体认读音节). Do not draw any letter or text."
art/yin_3.png,yin,letter,3,"Cute collectible monster card character for a children's Chinese learning game. Style: clean 2D vector-like illustration, thick dark outline, flat colors with soft cel shading, big glossy eyes, rounded shapes, kawaii, consistent front 3/4 view, soft top-left lighting. Full body, centered, nothing cropped. Plain pure white background, no text, no letters, no watermark, no frame. Palette lemon yellow #FFD23F and blue; a tiny robot body made of building blocks, with an antenna. King form: taller heroic proportions, royal cape and a small crown, a glowing aura of its element behind it, proud smile. Most detailed. Its body visually echoes the Latin letters ""yin"" (pinyin 整体认读音节). Do not draw any letter or text."
art/yun_1.png,yun,letter,1,"Cute collectible monster card character for a children's Chinese learning game. Style: clean 2D vector-like illustration, thick dark outline, flat colors with soft cel shading, big glossy eyes, rounded shapes, kawaii, consistent front 3/4 view, soft top-left lighting. Full body, centered, nothing cropped. Plain pure white background, no text, no letters, no watermark, no frame. Palette lemon yellow #FFD23F and blue; a tiny robot body made of building blocks, with an antenna. Baby form: egg-shaped body, head is 60% of the body, stubby limbs or none, curious innocent expression. Small and simple. Its body visually echoes the Latin letters ""yun"" (pinyin 整体认读音节). Do not draw any letter or text."
art/yun_2.png,yun,letter,2,"Cute collectible monster card character for a children's Chinese learning game. Style: clean 2D vector-like illustration, thick dark outline, flat colors with soft cel shading, big glossy eyes, rounded shapes, kawaii, consistent front 3/4 view, soft top-left lighting. Full body, centered, nothing cropped. Plain pure white background, no text, no letters, no watermark, no frame. Palette lemon yellow #FFD23F and blue; a tiny robot body made of building blocks, with an antenna. Teen form: proper arms and legs, standing confidently, holds ONE small prop related to its meaning, cheerful expression. Medium detail. Its body visually echoes the Latin letters ""yun"" (pinyin 整体认读音节). Do not draw any letter or text."
art/yun_3.png,yun,letter,3,"Cute collectible monster card character for a children's Chinese learning game. Style: clean 2D vector-like illustration, thick dark outline, flat colors with soft cel shading, big glossy eyes, rounded shapes, kawaii, consistent front 3/4 view, soft top-left lighting. Full body, centered, nothing cropped. Plain pure white background, no text, no letters, no watermark, no frame. Palette lemon yellow #FFD23F and blue; a tiny robot body made of building blocks, with an antenna. King form: taller heroic proportions, royal cape and a small crown, a glowing aura of its element behind it, proud smile. Most detailed. Its body visually echoes the Latin letters ""yun"" (pinyin 整体认读音节). Do not draw any letter or text."
art/ying_1.png,ying,letter,1,"Cute collectible monster card character for a children's Chinese learning game. Style: clean 2D vector-like illustration, thick dark outline, flat colors with soft cel shading, big glossy eyes, rounded shapes, kawaii, consistent front 3/4 view, soft top-left lighting. Full body, centered, nothing cropped. Plain pure white background, no text, no letters, no watermark, no frame. Palette lemon yellow #FFD23F and blue; a tiny robot body made of building blocks, with an antenna. Baby form: egg-shaped body, head is 60% of the body, stubby limbs or none, curious innocent expression. Small and simple. Its body visually echoes the Latin letters ""ying"" (pinyin 整体认读音节). Do not draw any letter or text."
art/ying_2.png,ying,letter,2,"Cute collectible monster card character for a children's Chinese learning game. Style: clean 2D vector-like illustration, thick dark outline, flat colors with soft cel shading, big glossy eyes, rounded shapes, kawaii, consistent front 3/4 view, soft top-left lighting. Full body, centered, nothing cropped. Plain pure white background, no text, no letters, no watermark, no frame. Palette lemon yellow #FFD23F and blue; a tiny robot body made of building blocks, with an antenna. Teen form: proper arms and legs, standing confidently, holds ONE small prop related to its meaning, cheerful expression. Medium detail. Its body visually echoes the Latin letters ""ying"" (pinyin 整体认读音节). Do not draw any letter or text."
art/ying_3.png,ying,letter,3,"Cute collectible monster card character for a children's Chinese learning game. Style: clean 2D vector-like illustration, thick dark outline, flat colors with soft cel shading, big glossy eyes, rounded shapes, kawaii, consistent front 3/4 view, soft top-left lighting. Full body, centered, nothing cropped. Plain pure white background, no text, no letters, no watermark, no frame. Palette lemon yellow #FFD23F and blue; a tiny robot body made of building blocks, with an antenna. King form: taller heroic proportions, royal cape and a small crown, a glowing aura of its element behind it, proud smile. Most detailed. Its body visually echoes the Latin letters ""ying"" (pinyin 整体认读音节). Do not draw any letter or text."
art/一_1.png,一,sky,1,"Cute collectible monster card character for a children's Chinese learning game. Style: clean 2D vector-like illustration, thick dark outline, flat colors with soft cel shading, big glossy eyes, rounded shapes, kawaii, consistent front 3/4 view, soft top-left lighting. Full body, centered, nothing cropped. Plain pure white background, no text, no letters, no watermark, no frame. Palette sky blue #5AB6FF and cream white; tiny wings and cloud-like feet. Baby form: egg-shaped body, head is 60% of the body, stubby limbs or none, curious innocent expression. Small and simple. The character means ""one"". Its body visually echoes the shape of the Chinese character 一: its whole body is one long horizontal bar, like a friendly caterpillar lying flat, eyes at the left end Do not draw any Chinese character or text."
art/一_2.png,一,sky,2,"Cute collectible monster card character for a children's Chinese learning game. Style: clean 2D vector-like illustration, thick dark outline, flat colors with soft cel shading, big glossy eyes, rounded shapes, kawaii, consistent front 3/4 view, soft top-left lighting. Full body, centered, nothing cropped. Plain pure white background, no text, no letters, no watermark, no frame. Palette sky blue #5AB6FF and cream white; tiny wings and cloud-like feet. Teen form: proper arms and legs, standing confidently, holds ONE small prop related to its meaning, cheerful expression. Medium detail. The character means ""one"". Its body visually echoes the shape of the Chinese character 一: its whole body is one long horizontal bar, like a friendly caterpillar lying flat, eyes at the left end Do not draw any Chinese character or text."
art/一_3.png,一,sky,3,"Cute collectible monster card character for a children's Chinese learning game. Style: clean 2D vector-like illustration, thick dark outline, flat colors with soft cel shading, big glossy eyes, rounded shapes, kawaii, consistent front 3/4 view, soft top-left lighting. Full body, centered, nothing cropped. Plain pure white background, no text, no letters, no watermark, no frame. Palette sky blue #5AB6FF and cream white; tiny wings and cloud-like feet. King form: taller heroic proportions, royal cape and a small crown, a glowing aura of its element behind it, proud smile. Most detailed. The character means ""one"". Its body visually echoes the shape of the Chinese character 一: its whole body is one long horizontal bar, like a friendly caterpillar lying flat, eyes at the left end Do not draw any Chinese character or text."
art/二_1.png,二,sky,1,"Cute collectible monster card character for a children's Chinese learning game. Style: clean 2D vector-like illustration, thick dark outline, flat colors with soft cel shading, big glossy eyes, rounded shapes, kawaii, consistent front 3/4 view, soft top-left lighting. Full body, centered, nothing cropped. Plain pure white background, no text, no letters, no watermark, no frame. Palette sky blue #5AB6FF and cream white; tiny wings and cloud-like feet. Baby form: egg-shaped body, head is 60% of the body, stubby limbs or none, curious innocent expression. Small and simple. The character means ""two"". Its body visually echoes the shape of the Chinese character 二: two stacked horizontal bars form its body, the shorter one on top like a hat brim, the longer one below as its belly Do not draw any Chinese character or text."
art/二_2.png,二,sky,2,"Cute collectible monster card character for a children's Chinese learning game. Style: clean 2D vector-like illustration, thick dark outline, flat colors with soft cel shading, big glossy eyes, rounded shapes, kawaii, consistent front 3/4 view, soft top-left lighting. Full body, centered, nothing cropped. Plain pure white background, no text, no letters, no watermark, no frame. Palette sky blue #5AB6FF and cream white; tiny wings and cloud-like feet. Teen form: proper arms and legs, standing confidently, holds ONE small prop related to its meaning, cheerful expression. Medium detail. The character means ""two"". Its body visually echoes the shape of the Chinese character 二: two stacked horizontal bars form its body, the shorter one on top like a hat brim, the longer one below as its belly Do not draw any Chinese character or text."
art/二_3.png,二,sky,3,"Cute collectible monster card character for a children's Chinese learning game. Style: clean 2D vector-like illustration, thick dark outline, flat colors with soft cel shading, big glossy eyes, rounded shapes, kawaii, consistent front 3/4 view, soft top-left lighting. Full body, centered, nothing cropped. Plain pure white background, no text, no letters, no watermark, no frame. Palette sky blue #5AB6FF and cream white; tiny wings and cloud-like feet. King form: taller heroic proportions, royal cape and a small crown, a glowing aura of its element behind it, proud smile. Most detailed. The character means ""two"". Its body visually echoes the shape of the Chinese character 二: two stacked horizontal bars form its body, the shorter one on top like a hat brim, the longer one below as its belly Do not draw any Chinese character or text."
art/三_1.png,三,wood,1,"Cute collectible monster card character for a children's Chinese learning game. Style: clean 2D vector-like illustration, thick dark outline, flat colors with soft cel shading, big glossy eyes, rounded shapes, kawaii, consistent front 3/4 view, soft top-left lighting. Full body, centered, nothing cropped. Plain pure white background, no text, no letters, no watermark, no frame. Palette grass green #4CC35A and warm brown; leaf-shaped ears, twig-like arms. Baby form: egg-shaped body, head is 60% of the body, stubby limbs or none, curious innocent expression. Small and simple. The character means ""three"". Its body visually echoes the shape of the Chinese character 三: three stacked horizontal bars: a short top bar as eyebrows, a middle bar as the face, a long bottom bar as the body Do not draw any Chinese character or text."
art/三_2.png,三,wood,2,"Cute collectible monster card character for a children's Chinese learning game. Style: clean 2D vector-like illustration, thick dark outline, flat colors with soft cel shading, big glossy eyes, rounded shapes, kawaii, consistent front 3/4 view, soft top-left lighting. Full body, centered, nothing cropped. Plain pure white background, no text, no letters, no watermark, no frame. Palette grass green #4CC35A and warm brown; leaf-shaped ears, twig-like arms. Teen form: proper arms and legs, standing confidently, holds ONE small prop related to its meaning, cheerful expression. Medium detail. The character means ""three"". Its body visually echoes the shape of the Chinese character 三: three stacked horizontal bars: a short top bar as eyebrows, a middle bar as the face, a long bottom bar as the body Do not draw any Chinese character or text."
art/三_3.png,三,wood,3,"Cute collectible monster card character for a children's Chinese learning game. Style: clean 2D vector-like illustration, thick dark outline, flat colors with soft cel shading, big glossy eyes, rounded shapes, kawaii, consistent front 3/4 view, soft top-left lighting. Full body, centered, nothing cropped. Plain pure white background, no text, no letters, no watermark, no frame. Palette grass green #4CC35A and warm brown; leaf-shaped ears, twig-like arms. King form: taller heroic proportions, royal cape and a small crown, a glowing aura of its element behind it, proud smile. Most detailed. The character means ""three"". Its body visually echoes the shape of the Chinese character 三: three stacked horizontal bars: a short top bar as eyebrows, a middle bar as the face, a long bottom bar as the body Do not draw any Chinese character or text."
art/十_1.png,十,earth,1,"Cute collectible monster card character for a children's Chinese learning game. Style: clean 2D vector-like illustration, thick dark outline, flat colors with soft cel shading, big glossy eyes, rounded shapes, kawaii, consistent front 3/4 view, soft top-left lighting. Full body, centered, nothing cropped. Plain pure white background, no text, no letters, no watermark, no frame. Palette sandy ochre #C89B5E and stone grey; a rocky back shell. Baby form: egg-shaped body, head is 60% of the body, stubby limbs or none, curious innocent expression. Small and simple. The character means ""ten"". Its body visually echoes the shape of the Chinese character 十: a plus-shaped body: a tall vertical trunk crossed by a horizontal bar that forms two outstretched arms Do not draw any Chinese character or text."
art/十_2.png,十,earth,2,"Cute collectible monster card character for a children's Chinese learning game. Style: clean 2D vector-like illustration, thick dark outline, flat colors with soft cel shading, big glossy eyes, rounded shapes, kawaii, consistent front 3/4 view, soft top-left lighting. Full body, centered, nothing cropped. Plain pure white background, no text, no letters, no watermark, no frame. Palette sandy ochre #C89B5E and stone grey; a rocky back shell. Teen form: proper arms and legs, standing confidently, holds ONE small prop related to its meaning, cheerful expression. Medium detail. The character means ""ten"". Its body visually echoes the shape of the Chinese character 十: a plus-shaped body: a tall vertical trunk crossed by a horizontal bar that forms two outstretched arms Do not draw any Chinese character or text."
art/十_3.png,十,earth,3,"Cute collectible monster card character for a children's Chinese learning game. Style: clean 2D vector-like illustration, thick dark outline, flat colors with soft cel shading, big glossy eyes, rounded shapes, kawaii, consistent front 3/4 view, soft top-left lighting. Full body, centered, nothing cropped. Plain pure white background, no text, no letters, no watermark, no frame. Palette sandy ochre #C89B5E and stone grey; a rocky back shell. King form: taller heroic proportions, royal cape and a small crown, a glowing aura of its element behind it, proud smile. Most detailed. The character means ""ten"". Its body visually echoes the shape of the Chinese character 十: a plus-shaped body: a tall vertical trunk crossed by a horizontal bar that forms two outstretched arms Do not draw any Chinese character or text."
art/人_1.png,人,heart,1,"Cute collectible monster card character for a children's Chinese learning game. Style: clean 2D vector-like illustration, thick dark outline, flat colors with soft cel shading, big glossy eyes, rounded shapes, kawaii, consistent front 3/4 view, soft top-left lighting. Full body, centered, nothing cropped. Plain pure white background, no text, no letters, no watermark, no frame. Palette pink #FF7FA8 and lilac; fluffy fur, heart-shaped tail, blush cheeks. Baby form: egg-shaped body, head is 60% of the body, stubby limbs or none, curious innocent expression. Small and simple. The character means ""person; people"". Its body visually echoes the shape of the Chinese character 人: two long legs spread wide like the two strokes of 人, a tiny head on top, no arms, standing proudly Do not draw any Chinese character or text."
art/人_2.png,人,heart,2,"Cute collectible monster card character for a children's Chinese learning game. Style: clean 2D vector-like illustration, thick dark outline, flat colors with soft cel shading, big glossy eyes, rounded shapes, kawaii, consistent front 3/4 view, soft top-left lighting. Full body, centered, nothing cropped. Plain pure white background, no text, no letters, no watermark, no frame. Palette pink #FF7FA8 and lilac; fluffy fur, heart-shaped tail, blush cheeks. Teen form: proper arms and legs, standing confidently, holds ONE small prop related to its meaning, cheerful expression. Medium detail. The character means ""person; people"". Its body visually echoes the shape of the Chinese character 人: two long legs spread wide like the two strokes of 人, a tiny head on top, no arms, standing proudly Do not draw any Chinese character or text."
art/人_3.png,人,heart,3,"Cute collectible monster card character for a children's Chinese learning game. Style: clean 2D vector-like illustration, thick dark outline, flat colors with soft cel shading, big glossy eyes, rounded shapes, kawaii, consistent front 3/4 view, soft top-left lighting. Full body, centered, nothing cropped. Plain pure white background, no text, no letters, no watermark, no frame. Palette pink #FF7FA8 and lilac; fluffy fur, heart-shaped tail, blush cheeks. King form: taller heroic proportions, royal cape and a small crown, a glowing aura of its element behind it, proud smile. Most detailed. The character means ""person; people"". Its body visually echoes the shape of the Chinese character 人: two long legs spread wide like the two strokes of 人, a tiny head on top, no arms, standing proudly Do not draw any Chinese character or text."
art/大_1.png,大,earth,1,"Cute collectible monster card character for a children's Chinese learning game. Style: clean 2D vector-like illustration, thick dark outline, flat colors with soft cel shading, big glossy eyes, rounded shapes, kawaii, consistent front 3/4 view, soft top-left lighting. Full body, centered, nothing cropped. Plain pure white background, no text, no letters, no watermark, no frame. Palette sandy ochre #C89B5E and stone grey; a rocky back shell. Baby form: egg-shaped body, head is 60% of the body, stubby limbs or none, curious innocent expression. Small and simple. The character means ""big"". Its body visually echoes the shape of the Chinese character 大: a figure with arms stretched straight out to both sides and legs spread, like the character 大 Do not draw any Chinese character or text."
art/大_2.png,大,earth,2,"Cute collectible monster card character for a children's Chinese learning game. Style: clean 2D vector-like illustration, thick dark outline, flat colors with soft cel shading, big glossy eyes, rounded shapes, kawaii, consistent front 3/4 view, soft top-left lighting. Full body, centered, nothing cropped. Plain pure white background, no text, no letters, no watermark, no frame. Palette sandy ochre #C89B5E and stone grey; a rocky back shell. Teen form: proper arms and legs, standing confidently, holds ONE small prop related to its meaning, cheerful expression. Medium detail. The character means ""big"". Its body visually echoes the shape of the Chinese character 大: a figure with arms stretched straight out to both sides and legs spread, like the character 大 Do not draw any Chinese character or text."
art/大_3.png,大,earth,3,"Cute collectible monster card character for a children's Chinese learning game. Style: clean 2D vector-like illustration, thick dark outline, flat colors with soft cel shading, big glossy eyes, rounded shapes, kawaii, consistent front 3/4 view, soft top-left lighting. Full body, centered, nothing cropped. Plain pure white background, no text, no letters, no watermark, no frame. Palette sandy ochre #C89B5E and stone grey; a rocky back shell. King form: taller heroic proportions, royal cape and a small crown, a glowing aura of its element behind it, proud smile. Most detailed. The character means ""big"". Its body visually echoes the shape of the Chinese character 大: a figure with arms stretched straight out to both sides and legs spread, like the character 大 Do not draw any Chinese character or text."
art/小_1.png,小,water,1,"Cute collectible monster card character for a children's Chinese learning game. Style: clean 2D vector-like illustration, thick dark outline, flat colors with soft cel shading, big glossy eyes, rounded shapes, kawaii, consistent front 3/4 view, soft top-left lighting. Full body, centered, nothing cropped. Plain pure white background, no text, no letters, no watermark, no frame. Palette aqua blue #3FA9F5 and translucent white; water-ripple marks and a bubble. Baby form: egg-shaped body, head is 60% of the body, stubby limbs or none, curious innocent expression. Small and simple. The character means ""small"". Its body visually echoes the shape of the Chinese character 小: a tiny body with one vertical hooked tail in the middle and two small dots as eyes on either side Do not draw any Chinese character or text."
art/小_2.png,小,water,2,"Cute collectible monster card character for a children's Chinese learning game. Style: clean 2D vector-like illustration, thick dark outline, flat colors with soft cel shading, big glossy eyes, rounded shapes, kawaii, consistent front 3/4 view, soft top-left lighting. Full body, centered, nothing cropped. Plain pure white background, no text, no letters, no watermark, no frame. Palette aqua blue #3FA9F5 and translucent white; water-ripple marks and a bubble. Teen form: proper arms and legs, standing confidently, holds ONE small prop related to its meaning, cheerful expression. Medium detail. The character means ""small"". Its body visually echoes the shape of the Chinese character 小: a tiny body with one vertical hooked tail in the middle and two small dots as eyes on either side Do not draw any Chinese character or text."
art/小_3.png,小,water,3,"Cute collectible monster card character for a children's Chinese learning game. Style: clean 2D vector-like illustration, thick dark outline, flat colors with soft cel shading, big glossy eyes, rounded shapes, kawaii, consistent front 3/4 view, soft top-left lighting. Full body, centered, nothing cropped. Plain pure white background, no text, no letters, no watermark, no frame. Palette aqua blue #3FA9F5 and translucent white; water-ripple marks and a bubble. King form: taller heroic proportions, royal cape and a small crown, a glowing aura of its element behind it, proud smile. Most detailed. The character means ""small"". Its body visually echoes the shape of the Chinese character 小: a tiny body with one vertical hooked tail in the middle and two small dots as eyes on either side Do not draw any Chinese character or text."
art/口_1.png,口,heart,1,"Cute collectible monster card character for a children's Chinese learning game. Style: clean 2D vector-like illustration, thick dark outline, flat colors with soft cel shading, big glossy eyes, rounded shapes, kawaii, consistent front 3/4 view, soft top-left lighting. Full body, centered, nothing cropped. Plain pure white background, no text, no letters, no watermark, no frame. Palette pink #FF7FA8 and lilac; fluffy fur, heart-shaped tail, blush cheeks. Baby form: egg-shaped body, head is 60% of the body, stubby limbs or none, curious innocent expression. Small and simple. The character means ""mouth"". Its body visually echoes the shape of the Chinese character 口: a square boxy face where the mouth is a huge wide-open rectangle filling most of the face Do not draw any Chinese character or text."
art/口_2.png,口,heart,2,"Cute collectible monster card character for a children's Chinese learning game. Style: clean 2D vector-like illustration, thick dark outline, flat colors with soft cel shading, big glossy eyes, rounded shapes, kawaii, consistent front 3/4 view, soft top-left lighting. Full body, centered, nothing cropped. Plain pure white background, no text, no letters, no watermark, no frame. Palette pink #FF7FA8 and lilac; fluffy fur, heart-shaped tail, blush cheeks. Teen form: proper arms and legs, standing confidently, holds ONE small prop related to its meaning, cheerful expression. Medium detail. The character means ""mouth"". Its body visually echoes the shape of the Chinese character 口: a square boxy face where the mouth is a huge wide-open rectangle filling most of the face Do not draw any Chinese character or text."
art/口_3.png,口,heart,3,"Cute collectible monster card character for a children's Chinese learning game. Style: clean 2D vector-like illustration, thick dark outline, flat colors with soft cel shading, big glossy eyes, rounded shapes, kawaii, consistent front 3/4 view, soft top-left lighting. Full body, centered, nothing cropped. Plain pure white background, no text, no letters, no watermark, no frame. Palette pink #FF7FA8 and lilac; fluffy fur, heart-shaped tail, blush cheeks. King form: taller heroic proportions, royal cape and a small crown, a glowing aura of its element behind it, proud smile. Most detailed. The character means ""mouth"". Its body visually echoes the shape of the Chinese character 口: a square boxy face where the mouth is a huge wide-open rectangle filling most of the face Do not draw any Chinese character or text."
art/日_1.png,日,fire,1,"Cute collectible monster card character for a children's Chinese learning game. Style: clean 2D vector-like illustration, thick dark outline, flat colors with soft cel shading, big glossy eyes, rounded shapes, kawaii, consistent front 3/4 view, soft top-left lighting. Full body, centered, nothing cropped. Plain pure white background, no text, no letters, no watermark, no frame. Palette orange-red #FF6B35 and golden yellow; a flame tuft on the head, a spark at the tail. Baby form: egg-shaped body, head is 60% of the body, stubby limbs or none, curious innocent expression. Small and simple. The character means ""sun; day"". Its body visually echoes the shape of the Chinese character 日: a round warm sun body with a single horizontal line across the middle that is its closed smiling eyes Do not draw any Chinese character or text."
art/日_2.png,日,fire,2,"Cute collectible monster card character for a children's Chinese learning game. Style: clean 2D vector-like illustration, thick dark outline, flat colors with soft cel shading, big glossy eyes, rounded shapes, kawaii, consistent front 3/4 view, soft top-left lighting. Full body, centered, nothing cropped. Plain pure white background, no text, no letters, no watermark, no frame. Palette orange-red #FF6B35 and golden yellow; a flame tuft on the head, a spark at the tail. Teen form: proper arms and legs, standing confidently, holds ONE small prop related to its meaning, cheerful expression. Medium detail. The character means ""sun; day"". Its body visually echoes the shape of the Chinese character 日: a round warm sun body with a single horizontal line across the middle that is its closed smiling eyes Do not draw any Chinese character or text."
art/日_3.png,日,fire,3,"Cute collectible monster card character for a children's Chinese learning game. Style: clean 2D vector-like illustration, thick dark outline, flat colors with soft cel shading, big glossy eyes, rounded shapes, kawaii, consistent front 3/4 view, soft top-left lighting. Full body, centered, nothing cropped. Plain pure white background, no text, no letters, no watermark, no frame. Palette orange-red #FF6B35 and golden yellow; a flame tuft on the head, a spark at the tail. King form: taller heroic proportions, royal cape and a small crown, a glowing aura of its element behind it, proud smile. Most detailed. The character means ""sun; day"". Its body visually echoes the shape of the Chinese character 日: a round warm sun body with a single horizontal line across the middle that is its closed smiling eyes Do not draw any Chinese character or text."
art/月_1.png,月,sky,1,"Cute collectible monster card character for a children's Chinese learning game. Style: clean 2D vector-like illustration, thick dark outline, flat colors with soft cel shading, big glossy eyes, rounded shapes, kawaii, consistent front 3/4 view, soft top-left lighting. Full body, centered, nothing cropped. Plain pure white background, no text, no letters, no watermark, no frame. Palette sky blue #5AB6FF and cream white; tiny wings and cloud-like feet. Baby form: egg-shaped body, head is 60% of the body, stubby limbs or none, curious innocent expression. Small and simple. The character means ""moon; month"". Its body visually echoes the shape of the Chinese character 月: a crescent-moon shaped body seen from the side, with two short horizontal lines inside as stripes Do not draw any Chinese character or text."
art/月_2.png,月,sky,2,"Cute collectible monster card character for a children's Chinese learning game. Style: clean 2D vector-like illustration, thick dark outline, flat colors with soft cel shading, big glossy eyes, rounded shapes, kawaii, consistent front 3/4 view, soft top-left lighting. Full body, centered, nothing cropped. Plain pure white background, no text, no letters, no watermark, no frame. Palette sky blue #5AB6FF and cream white; tiny wings and cloud-like feet. Teen form: proper arms and legs, standing confidently, holds ONE small prop related to its meaning, cheerful expression. Medium detail. The character means ""moon; month"". Its body visually echoes the shape of the Chinese character 月: a crescent-moon shaped body seen from the side, with two short horizontal lines inside as stripes Do not draw any Chinese character or text."
art/月_3.png,月,sky,3,"Cute collectible monster card character for a children's Chinese learning game. Style: clean 2D vector-like illustration, thick dark outline, flat colors with soft cel shading, big glossy eyes, rounded shapes, kawaii, consistent front 3/4 view, soft top-left lighting. Full body, centered, nothing cropped. Plain pure white background, no text, no letters, no watermark, no frame. Palette sky blue #5AB6FF and cream white; tiny wings and cloud-like feet. King form: taller heroic proportions, royal cape and a small crown, a glowing aura of its element behind it, proud smile. Most detailed. The character means ""moon; month"". Its body visually echoes the shape of the Chinese character 月: a crescent-moon shaped body seen from the side, with two short horizontal lines inside as stripes Do not draw any Chinese character or text."
art/山_1.png,山,earth,1,"Cute collectible monster card character for a children's Chinese learning game. Style: clean 2D vector-like illustration, thick dark outline, flat colors with soft cel shading, big glossy eyes, rounded shapes, kawaii, consistent front 3/4 view, soft top-left lighting. Full body, centered, nothing cropped. Plain pure white background, no text, no letters, no watermark, no frame. Palette sandy ochre #C89B5E and stone grey; a rocky back shell. Baby form: egg-shaped body, head is 60% of the body, stubby limbs or none, curious innocent expression. Small and simple. The character means ""mountain"". Its body visually echoes the shape of the Chinese character 山: three stone peaks rise from its head like a crown, the middle peak tallest, a wide flat rocky base for feet Do not draw any Chinese character or text."
art/山_2.png,山,earth,2,"Cute collectible monster card character for a children's Chinese learning game. Style: clean 2D vector-like illustration, thick dark outline, flat colors with soft cel shading, big glossy eyes, rounded shapes, kawaii, consistent front 3/4 view, soft top-left lighting. Full body, centered, nothing cropped. Plain pure white background, no text, no letters, no watermark, no frame. Palette sandy ochre #C89B5E and stone grey; a rocky back shell. Teen form: proper arms and legs, standing confidently, holds ONE small prop related to its meaning, cheerful expression. Medium detail. The character means ""mountain"". Its body visually echoes the shape of the Chinese character 山: three stone peaks rise from its head like a crown, the middle peak tallest, a wide flat rocky base for feet Do not draw any Chinese character or text."
art/山_3.png,山,earth,3,"Cute collectible monster card character for a children's Chinese learning game. Style: clean 2D vector-like illustration, thick dark outline, flat colors with soft cel shading, big glossy eyes, rounded shapes, kawaii, consistent front 3/4 view, soft top-left lighting. Full body, centered, nothing cropped. Plain pure white background, no text, no letters, no watermark, no frame. Palette sandy ochre #C89B5E and stone grey; a rocky back shell. King form: taller heroic proportions, royal cape and a small crown, a glowing aura of its element behind it, proud smile. Most detailed. The character means ""mountain"". Its body visually echoes the shape of the Chinese character 山: three stone peaks rise from its head like a crown, the middle peak tallest, a wide flat rocky base for feet Do not draw any Chinese character or text."
art/水_1.png,水,water,1,"Cute collectible monster card character for a children's Chinese learning game. Style: clean 2D vector-like illustration, thick dark outline, flat colors with soft cel shading, big glossy eyes, rounded shapes, kawaii, consistent front 3/4 view, soft top-left lighting. Full body, centered, nothing cropped. Plain pure white background, no text, no letters, no watermark, no frame. Palette aqua blue #3FA9F5 and translucent white; water-ripple marks and a bubble. Baby form: egg-shaped body, head is 60% of the body, stubby limbs or none, curious innocent expression. Small and simple. The character means ""water"". Its body visually echoes the shape of the Chinese character 水: a water-drop body with a central vertical hook and two splashes curling out on each side Do not draw any Chinese character or text."
art/水_2.png,水,water,2,"Cute collectible monster card character for a children's Chinese learning game. Style: clean 2D vector-like illustration, thick dark outline, flat colors with soft cel shading, big glossy eyes, rounded shapes, kawaii, consistent front 3/4 view, soft top-left lighting. Full body, centered, nothing cropped. Plain pure white background, no text, no letters, no watermark, no frame. Palette aqua blue #3FA9F5 and translucent white; water-ripple marks and a bubble. Teen form: proper arms and legs, standing confidently, holds ONE small prop related to its meaning, cheerful expression. Medium detail. The character means ""water"". Its body visually echoes the shape of the Chinese character 水: a water-drop body with a central vertical hook and two splashes curling out on each side Do not draw any Chinese character or text."
art/水_3.png,水,water,3,"Cute collectible monster card character for a children's Chinese learning game. Style: clean 2D vector-like illustration, thick dark outline, flat colors with soft cel shading, big glossy eyes, rounded shapes, kawaii, consistent front 3/4 view, soft top-left lighting. Full body, centered, nothing cropped. Plain pure white background, no text, no letters, no watermark, no frame. Palette aqua blue #3FA9F5 and translucent white; water-ripple marks and a bubble. King form: taller heroic proportions, royal cape and a small crown, a glowing aura of its element behind it, proud smile. Most detailed. The character means ""water"". Its body visually echoes the shape of the Chinese character 水: a water-drop body with a central vertical hook and two splashes curling out on each side Do not draw any Chinese character or text."
art/火_1.png,火,fire,1,"Cute collectible monster card character for a children's Chinese learning game. Style: clean 2D vector-like illustration, thick dark outline, flat colors with soft cel shading, big glossy eyes, rounded shapes, kawaii, consistent front 3/4 view, soft top-left lighting. Full body, centered, nothing cropped. Plain pure white background, no text, no letters, no watermark, no frame. Palette orange-red #FF6B35 and golden yellow; a flame tuft on the head, a spark at the tail. Baby form: egg-shaped body, head is 60% of the body, stubby limbs or none, curious innocent expression. Small and simple. The character means ""fire"". Its body visually echoes the shape of the Chinese character 火: a tall central flame on top with two small sparks leaning outward left and right like the two dots of 火 Do not draw any Chinese character or text."
art/火_2.png,火,fire,2,"Cute collectible monster card character for a children's Chinese learning game. Style: clean 2D vector-like illustration, thick dark outline, flat colors with soft cel shading, big glossy eyes, rounded shapes, kawaii, consistent front 3/4 view, soft top-left lighting. Full body, centered, nothing cropped. Plain pure white background, no text, no letters, no watermark, no frame. Palette orange-red #FF6B35 and golden yellow; a flame tuft on the head, a spark at the tail. Teen form: proper arms and legs, standing confidently, holds ONE small prop related to its meaning, cheerful expression. Medium detail. The character means ""fire"". Its body visually echoes the shape of the Chinese character 火: a tall central flame on top with two small sparks leaning outward left and right like the two dots of 火 Do not draw any Chinese character or text."
art/火_3.png,火,fire,3,"Cute collectible monster card character for a children's Chinese learning game. Style: clean 2D vector-like illustration, thick dark outline, flat colors with soft cel shading, big glossy eyes, rounded shapes, kawaii, consistent front 3/4 view, soft top-left lighting. Full body, centered, nothing cropped. Plain pure white background, no text, no letters, no watermark, no frame. Palette orange-red #FF6B35 and golden yellow; a flame tuft on the head, a spark at the tail. King form: taller heroic proportions, royal cape and a small crown, a glowing aura of its element behind it, proud smile. Most detailed. The character means ""fire"". Its body visually echoes the shape of the Chinese character 火: a tall central flame on top with two small sparks leaning outward left and right like the two dots of 火 Do not draw any Chinese character or text."
art/木_1.png,木,wood,1,"Cute collectible monster card character for a children's Chinese learning game. Style: clean 2D vector-like illustration, thick dark outline, flat colors with soft cel shading, big glossy eyes, rounded shapes, kawaii, consistent front 3/4 view, soft top-left lighting. Full body, centered, nothing cropped. Plain pure white background, no text, no letters, no watermark, no frame. Palette grass green #4CC35A and warm brown; leaf-shaped ears, twig-like arms. Baby form: egg-shaped body, head is 60% of the body, stubby limbs or none, curious innocent expression. Small and simple. The character means ""tree; wood"". Its body visually echoes the shape of the Chinese character 木: a small tree: a sapling sprouting from its head, two arms held straight out like the horizontal stroke, legs spread like the two lower strokes Do not draw any Chinese character or text."
art/木_2.png,木,wood,2,"Cute collectible monster card character for a children's Chinese learning game. Style: clean 2D vector-like illustration, thick dark outline, flat colors with soft cel shading, big glossy eyes, rounded shapes, kawaii, consistent front 3/4 view, soft top-left lighting. Full body, centered, nothing cropped. Plain pure white background, no text, no letters, no watermark, no frame. Palette grass green #4CC35A and warm brown; leaf-shaped ears, twig-like arms. Teen form: proper arms and legs, standing confidently, holds ONE small prop related to its meaning, cheerful expression. Medium detail. The character means ""tree; wood"". Its body visually echoes the shape of the Chinese character 木: a small tree: a sapling sprouting from its head, two arms held straight out like the horizontal stroke, legs spread like the two lower strokes Do not draw any Chinese character or text."
art/木_3.png,木,wood,3,"Cute collectible monster card character for a children's Chinese learning game. Style: clean 2D vector-like illustration, thick dark outline, flat colors with soft cel shading, big glossy eyes, rounded shapes, kawaii, consistent front 3/4 view, soft top-left lighting. Full body, centered, nothing cropped. Plain pure white background, no text, no letters, no watermark, no frame. Palette grass green #4CC35A and warm brown; leaf-shaped ears, twig-like arms. King form: taller heroic proportions, royal cape and a small crown, a glowing aura of its element behind it, proud smile. Most detailed. The character means ""tree; wood"". Its body visually echoes the shape of the Chinese character 木: a small tree: a sapling sprouting from its head, two arms held straight out like the horizontal stroke, legs spread like the two lower strokes Do not draw any Chinese character or text."
art/上_1.png,上,sky,1,"Cute collectible monster card character for a children's Chinese learning game. Style: clean 2D vector-like illustration, thick dark outline, flat colors with soft cel shading, big glossy eyes, rounded shapes, kawaii, consistent front 3/4 view, soft top-left lighting. Full body, centered, nothing cropped. Plain pure white background, no text, no letters, no watermark, no frame. Palette sky blue #5AB6FF and cream white; tiny wings and cloud-like feet. Baby form: egg-shaped body, head is 60% of the body, stubby limbs or none, curious innocent expression. Small and simple. The character means ""up; above"". Its body visually echoes the shape of the Chinese character 上: a short vertical stem standing on a long flat base, with a small branch pointing right, like an arrow pointing up Do not draw any Chinese character or text."
art/上_2.png,上,sky,2,"Cute collectible monster card character for a children's Chinese learning game. Style: clean 2D vector-like illustration, thick dark outline, flat colors with soft cel shading, big glossy eyes, rounded shapes, kawaii, consistent front 3/4 view, soft top-left lighting. Full body, centered, nothing cropped. Plain pure white background, no text, no letters, no watermark, no frame. Palette sky blue #5AB6FF and cream white; tiny wings and cloud-like feet. Teen form: proper arms and legs, standing confidently, holds ONE small prop related to its meaning, cheerful expression. Medium detail. The character means ""up; above"". Its body visually echoes the shape of the Chinese character 上: a short vertical stem standing on a long flat base, with a small branch pointing right, like an arrow pointing up Do not draw any Chinese character or text."
art/上_3.png,上,sky,3,"Cute collectible monster card character for a children's Chinese learning game. Style: clean 2D vector-like illustration, thick dark outline, flat colors with soft cel shading, big glossy eyes, rounded shapes, kawaii, consistent front 3/4 view, soft top-left lighting. Full body, centered, nothing cropped. Plain pure white background, no text, no letters, no watermark, no frame. Palette sky blue #5AB6FF and cream white; tiny wings and cloud-like feet. King form: taller heroic proportions, royal cape and a small crown, a glowing aura of its element behind it, proud smile. Most detailed. The character means ""up; above"". Its body visually echoes the shape of the Chinese character 上: a short vertical stem standing on a long flat base, with a small branch pointing right, like an arrow pointing up Do not draw any Chinese character or text."
art/下_1.png,下,water,1,"Cute collectible monster card character for a children's Chinese learning game. Style: clean 2D vector-like illustration, thick dark outline, flat colors with soft cel shading, big glossy eyes, rounded shapes, kawaii, consistent front 3/4 view, soft top-left lighting. Full body, centered, nothing cropped. Plain pure white background, no text, no letters, no watermark, no frame. Palette aqua blue #3FA9F5 and translucent white; water-ripple marks and a bubble. Baby form: egg-shaped body, head is 60% of the body, stubby limbs or none, curious innocent expression. Small and simple. The character means ""down; below"". Its body visually echoes the shape of the Chinese character 下: a long flat top like a roof with a vertical stem hanging down and a small dot, like an arrow pointing down Do not draw any Chinese character or text."
art/下_2.png,下,water,2,"Cute collectible monster card character for a children's Chinese learning game. Style: clean 2D vector-like illustration, thick dark outline, flat colors with soft cel shading, big glossy eyes, rounded shapes, kawaii, consistent front 3/4 view, soft top-left lighting. Full body, centered, nothing cropped. Plain pure white background, no text, no letters, no watermark, no frame. Palette aqua blue #3FA9F5 and translucent white; water-ripple marks and a bubble. Teen form: proper arms and legs, standing confidently, holds ONE small prop related to its meaning, cheerful expression. Medium detail. The character means ""down; below"". Its body visually echoes the shape of the Chinese character 下: a long flat top like a roof with a vertical stem hanging down and a small dot, like an arrow pointing down Do not draw any Chinese character or text."
art/下_3.png,下,water,3,"Cute collectible monster card character for a children's Chinese learning game. Style: clean 2D vector-like illustration, thick dark outline, flat colors with soft cel shading, big glossy eyes, rounded shapes, kawaii, consistent front 3/4 view, soft top-left lighting. Full body, centered, nothing cropped. Plain pure white background, no text, no letters, no watermark, no frame. Palette aqua blue #3FA9F5 and translucent white; water-ripple marks and a bubble. King form: taller heroic proportions, royal cape and a small crown, a glowing aura of its element behind it, proud smile. Most detailed. The character means ""down; below"". Its body visually echoes the shape of the Chinese character 下: a long flat top like a roof with a vertical stem hanging down and a small dot, like an arrow pointing down Do not draw any Chinese character or text."
art/中_1.png,中,earth,1,"Cute collectible monster card character for a children's Chinese learning game. Style: clean 2D vector-like illustration, thick dark outline, flat colors with soft cel shading, big glossy eyes, rounded shapes, kawaii, consistent front 3/4 view, soft top-left lighting. Full body, centered, nothing cropped. Plain pure white background, no text, no letters, no watermark, no frame. Palette sandy ochre #C89B5E and stone grey; a rocky back shell. Baby form: egg-shaped body, head is 60% of the body, stubby limbs or none, curious innocent expression. Small and simple. The character means ""middle; in"". Its body visually echoes the shape of the Chinese character 中: a square box body pierced by one tall vertical pole through the middle, like a flag on a pole Do not draw any Chinese character or text."
art/中_2.png,中,earth,2,"Cute collectible monster card character for a children's Chinese learning game. Style: clean 2D vector-like illustration, thick dark outline, flat colors with soft cel shading, big glossy eyes, rounded shapes, kawaii, consistent front 3/4 view, soft top-left lighting. Full body, centered, nothing cropped. Plain pure white background, no text, no letters, no watermark, no frame. Palette sandy ochre #C89B5E and stone grey; a rocky back shell. Teen form: proper arms and legs, standing confidently, holds ONE small prop related to its meaning, cheerful expression. Medium detail. The character means ""middle; in"". Its body visually echoes the shape of the Chinese character 中: a square box body pierced by one tall vertical pole through the middle, like a flag on a pole Do not draw any Chinese character or text."
art/中_3.png,中,earth,3,"Cute collectible monster card character for a children's Chinese learning game. Style: clean 2D vector-like illustration, thick dark outline, flat colors with soft cel shading, big glossy eyes, rounded shapes, kawaii, consistent front 3/4 view, soft top-left lighting. Full body, centered, nothing cropped. Plain pure white background, no text, no letters, no watermark, no frame. Palette sandy ochre #C89B5E and stone grey; a rocky back shell. King form: taller heroic proportions, royal cape and a small crown, a glowing aura of its element behind it, proud smile. Most detailed. The character means ""middle; in"". Its body visually echoes the shape of the Chinese character 中: a square box body pierced by one tall vertical pole through the middle, like a flag on a pole Do not draw any Chinese character or text."
art/手_1.png,手,heart,1,"Cute collectible monster card character for a children's Chinese learning game. Style: clean 2D vector-like illustration, thick dark outline, flat colors with soft cel shading, big glossy eyes, rounded shapes, kawaii, consistent front 3/4 view, soft top-left lighting. Full body, centered, nothing cropped. Plain pure white background, no text, no letters, no watermark, no frame. Palette pink #FF7FA8 and lilac; fluffy fur, heart-shaped tail, blush cheeks. Baby form: egg-shaped body, head is 60% of the body, stubby limbs or none, curious innocent expression. Small and simple. The character means ""hand"". Its body visually echoes the shape of the Chinese character 手: a hand-shaped creature: a wide palm with fingers fanning out at the top and one long curved tail Do not draw any Chinese character or text."
art/手_2.png,手,heart,2,"Cute collectible monster card character for a children's Chinese learning game. Style: clean 2D vector-like illustration, thick dark outline, flat colors with soft cel shading, big glossy eyes, rounded shapes, kawaii, consistent front 3/4 view, soft top-left lighting. Full body, centered, nothing cropped. Plain pure white background, no text, no letters, no watermark, no frame. Palette pink #FF7FA8 and lilac; fluffy fur, heart-shaped tail, blush cheeks. Teen form: proper arms and legs, standing confidently, holds ONE small prop related to its meaning, cheerful expression. Medium detail. The character means ""hand"". Its body visually echoes the shape of the Chinese character 手: a hand-shaped creature: a wide palm with fingers fanning out at the top and one long curved tail Do not draw any Chinese character or text."
art/手_3.png,手,heart,3,"Cute collectible monster card character for a children's Chinese learning game. Style: clean 2D vector-like illustration, thick dark outline, flat colors with soft cel shading, big glossy eyes, rounded shapes, kawaii, consistent front 3/4 view, soft top-left lighting. Full body, centered, nothing cropped. Plain pure white background, no text, no letters, no watermark, no frame. Palette pink #FF7FA8 and lilac; fluffy fur, heart-shaped tail, blush cheeks. King form: taller heroic proportions, royal cape and a small crown, a glowing aura of its element behind it, proud smile. Most detailed. The character means ""hand"". Its body visually echoes the shape of the Chinese character 手: a hand-shaped creature: a wide palm with fingers fanning out at the top and one long curved tail Do not draw any Chinese character or text."
art/目_1.png,目,heart,1,"Cute collectible monster card character for a children's Chinese learning game. Style: clean 2D vector-like illustration, thick dark outline, flat colors with soft cel shading, big glossy eyes, rounded shapes, kawaii, consistent front 3/4 view, soft top-left lighting. Full body, centered, nothing cropped. Plain pure white background, no text, no letters, no watermark, no frame. Palette pink #FF7FA8 and lilac; fluffy fur, heart-shaped tail, blush cheeks. Baby form: egg-shaped body, head is 60% of the body, stubby limbs or none, curious innocent expression. Small and simple. The character means ""eye"". Its body visually echoes the shape of the Chinese character 目: a tall vertical eye-shaped body with two horizontal lines inside, like a big eye with lids Do not draw any Chinese character or text."
art/目_2.png,目,heart,2,"Cute collectible monster card character for a children's Chinese learning game. Style: clean 2D vector-like illustration, thick dark outline, flat colors with soft cel shading, big glossy eyes, rounded shapes, kawaii, consistent front 3/4 view, soft top-left lighting. Full body, centered, nothing cropped. Plain pure white background, no text, no letters, no watermark, no frame. Palette pink #FF7FA8 and lilac; fluffy fur, heart-shaped tail, blush cheeks. Teen form: proper arms and legs, standing confidently, holds ONE small prop related to its meaning, cheerful expression. Medium detail. The character means ""eye"". Its body visually echoes the shape of the Chinese character 目: a tall vertical eye-shaped body with two horizontal lines inside, like a big eye with lids Do not draw any Chinese character or text."
art/目_3.png,目,heart,3,"Cute collectible monster card character for a children's Chinese learning game. Style: clean 2D vector-like illustration, thick dark outline, flat colors with soft cel shading, big glossy eyes, rounded shapes, kawaii, consistent front 3/4 view, soft top-left lighting. Full body, centered, nothing cropped. Plain pure white background, no text, no letters, no watermark, no frame. Palette pink #FF7FA8 and lilac; fluffy fur, heart-shaped tail, blush cheeks. King form: taller heroic proportions, royal cape and a small crown, a glowing aura of its element behind it, proud smile. Most detailed. The character means ""eye"". Its body visually echoes the shape of the Chinese character 目: a tall vertical eye-shaped body with two horizontal lines inside, like a big eye with lids Do not draw any Chinese character or text."
art/田_1.png,田,wood,1,"Cute collectible monster card character for a children's Chinese learning game. Style: clean 2D vector-like illustration, thick dark outline, flat colors with soft cel shading, big glossy eyes, rounded shapes, kawaii, consistent front 3/4 view, soft top-left lighting. Full body, centered, nothing cropped. Plain pure white background, no text, no letters, no watermark, no frame. Palette grass green #4CC35A and warm brown; leaf-shaped ears, twig-like arms. Baby form: egg-shaped body, head is 60% of the body, stubby limbs or none, curious innocent expression. Small and simple. The character means ""field"". Its body visually echoes the shape of the Chinese character 田: a square body divided into four equal windows, like a rice field seen from above Do not draw any Chinese character or text."
art/田_2.png,田,wood,2,"Cute collectible monster card character for a children's Chinese learning game. Style: clean 2D vector-like illustration, thick dark outline, flat colors with soft cel shading, big glossy eyes, rounded shapes, kawaii, consistent front 3/4 view, soft top-left lighting. Full body, centered, nothing cropped. Plain pure white background, no text, no letters, no watermark, no frame. Palette grass green #4CC35A and warm brown; leaf-shaped ears, twig-like arms. Teen form: proper arms and legs, standing confidently, holds ONE small prop related to its meaning, cheerful expression. Medium detail. The character means ""field"". Its body visually echoes the shape of the Chinese character 田: a square body divided into four equal windows, like a rice field seen from above Do not draw any Chinese character or text."
art/田_3.png,田,wood,3,"Cute collectible monster card character for a children's Chinese learning game. Style: clean 2D vector-like illustration, thick dark outline, flat colors with soft cel shading, big glossy eyes, rounded shapes, kawaii, consistent front 3/4 view, soft top-left lighting. Full body, centered, nothing cropped. Plain pure white background, no text, no letters, no watermark, no frame. Palette grass green #4CC35A and warm brown; leaf-shaped ears, twig-like arms. King form: taller heroic proportions, royal cape and a small crown, a glowing aura of its element behind it, proud smile. Most detailed. The character means ""field"". Its body visually echoes the shape of the Chinese character 田: a square body divided into four equal windows, like a rice field seen from above Do not draw any Chinese character or text."
art/土_1.png,土,earth,1,"Cute collectible monster card character for a children's Chinese learning game. Style: clean 2D vector-like illustration, thick dark outline, flat colors with soft cel shading, big glossy eyes, rounded shapes, kawaii, consistent front 3/4 view, soft top-left lighting. Full body, centered, nothing cropped. Plain pure white background, no text, no letters, no watermark, no frame. Palette sandy ochre #C89B5E and stone grey; a rocky back shell. Baby form: egg-shaped body, head is 60% of the body, stubby limbs or none, curious innocent expression. Small and simple. The character means ""earth; soil"". Its body visually echoes the shape of the Chinese character 土: a short wide figure: a vertical stem standing on a long flat base with a shorter bar across its middle Do not draw any Chinese character or text."
art/土_2.png,土,earth,2,"Cute collectible monster card character for a children's Chinese learning game. Style: clean 2D vector-like illustration, thick dark outline, flat colors with soft cel shading, big glossy eyes, rounded shapes, kawaii, consistent front 3/4 view, soft top-left lighting. Full body, centered, nothing cropped. Plain pure white background, no text, no letters, no watermark, no frame. Palette sandy ochre #C89B5E and stone grey; a rocky back shell. Teen form: proper arms and legs, standing confidently, holds ONE small prop related to its meaning, cheerful expression. Medium detail. The character means ""earth; soil"". Its body visually echoes the shape of the Chinese character 土: a short wide figure: a vertical stem standing on a long flat base with a shorter bar across its middle Do not draw any Chinese character or text."
art/土_3.png,土,earth,3,"Cute collectible monster card character for a children's Chinese learning game. Style: clean 2D vector-like illustration, thick dark outline, flat colors with soft cel shading, big glossy eyes, rounded shapes, kawaii, consistent front 3/4 view, soft top-left lighting. Full body, centered, nothing cropped. Plain pure white background, no text, no letters, no watermark, no frame. Palette sandy ochre #C89B5E and stone grey; a rocky back shell. King form: taller heroic proportions, royal cape and a small crown, a glowing aura of its element behind it, proud smile. Most detailed. The character means ""earth; soil"". Its body visually echoes the shape of the Chinese character 土: a short wide figure: a vertical stem standing on a long flat base with a shorter bar across its middle Do not draw any Chinese character or text."
art/牛_1.png,牛,earth,1,"Cute collectible monster card character for a children's Chinese learning game. Style: clean 2D vector-like illustration, thick dark outline, flat colors with soft cel shading, big glossy eyes, rounded shapes, kawaii, consistent front 3/4 view, soft top-left lighting. Full body, centered, nothing cropped. Plain pure white background, no text, no letters, no watermark, no frame. Palette sandy ochre #C89B5E and stone grey; a rocky back shell. Baby form: egg-shaped body, head is 60% of the body, stubby limbs or none, curious innocent expression. Small and simple. The character means ""ox; cow"". Its body visually echoes the shape of the Chinese character 牛: a bull: two horns on top, a long vertical face, horizontal stripes across the snout Do not draw any Chinese character or text."
art/牛_2.png,牛,earth,2,"Cute collectible monster card character for a children's Chinese learning game. Style: clean 2D vector-like illustration, thick dark outline, flat colors with soft cel shading, big glossy eyes, rounded shapes, kawaii, consistent front 3/4 view, soft top-left lighting. Full body, centered, nothing cropped. Plain pure white background, no text, no letters, no watermark, no frame. Palette sandy ochre #C89B5E and stone grey; a rocky back shell. Teen form: proper arms and legs, standing confidently, holds ONE small prop related to its meaning, cheerful expression. Medium detail. The character means ""ox; cow"". Its body visually echoes the shape of the Chinese character 牛: a bull: two horns on top, a long vertical face, horizontal stripes across the snout Do not draw any Chinese character or text."
art/牛_3.png,牛,earth,3,"Cute collectible monster card character for a children's Chinese learning game. Style: clean 2D vector-like illustration, thick dark outline, flat colors with soft cel shading, big glossy eyes, rounded shapes, kawaii, consistent front 3/4 view, soft top-left lighting. Full body, centered, nothing cropped. Plain pure white background, no text, no letters, no watermark, no frame. Palette sandy ochre #C89B5E and stone grey; a rocky back shell. King form: taller heroic proportions, royal cape and a small crown, a glowing aura of its element behind it, proud smile. Most detailed. The character means ""ox; cow"". Its body visually echoes the shape of the Chinese character 牛: a bull: two horns on top, a long vertical face, horizontal stripes across the snout Do not draw any Chinese character or text."
art/鸟_1.png,鸟,sky,1,"Cute collectible monster card character for a children's Chinese learning game. Style: clean 2D vector-like illustration, thick dark outline, flat colors with soft cel shading, big glossy eyes, rounded shapes, kawaii, consistent front 3/4 view, soft top-left lighting. Full body, centered, nothing cropped. Plain pure white background, no text, no letters, no watermark, no frame. Palette sky blue #5AB6FF and cream white; tiny wings and cloud-like feet. Baby form: egg-shaped body, head is 60% of the body, stubby limbs or none, curious innocent expression. Small and simple. The character means ""bird"". Its body visually echoes the shape of the Chinese character 鸟: a bird: one dot as the eye, a hooked beak, a curved wing swept back, standing on a long tail Do not draw any Chinese character or text."
art/鸟_2.png,鸟,sky,2,"Cute collectible monster card character for a children's Chinese learning game. Style: clean 2D vector-like illustration, thick dark outline, flat colors with soft cel shading, big glossy eyes, rounded shapes, kawaii, consistent front 3/4 view, soft top-left lighting. Full body, centered, nothing cropped. Plain pure white background, no text, no letters, no watermark, no frame. Palette sky blue #5AB6FF and cream white; tiny wings and cloud-like feet. Teen form: proper arms and legs, standing confidently, holds ONE small prop related to its meaning, cheerful expression. Medium detail. The character means ""bird"". Its body visually echoes the shape of the Chinese character 鸟: a bird: one dot as the eye, a hooked beak, a curved wing swept back, standing on a long tail Do not draw any Chinese character or text."
art/鸟_3.png,鸟,sky,3,"Cute collectible monster card character for a children's Chinese learning game. Style: clean 2D vector-like illustration, thick dark outline, flat colors with soft cel shading, big glossy eyes, rounded shapes, kawaii, consistent front 3/4 view, soft top-left lighting. Full body, centered, nothing cropped. Plain pure white background, no text, no letters, no watermark, no frame. Palette sky blue #5AB6FF and cream white; tiny wings and cloud-like feet. King form: taller heroic proportions, royal cape and a small crown, a glowing aura of its element behind it, proud smile. Most detailed. The character means ""bird"". Its body visually echoes the shape of the Chinese character 鸟: a bird: one dot as the eye, a hooked beak, a curved wing swept back, standing on a long tail Do not draw any Chinese character or text."
art/天_1.png,天,sky,1,"Cute collectible monster card character for a children's Chinese learning game. Style: clean 2D vector-like illustration, thick dark outline, flat colors with soft cel shading, big glossy eyes, rounded shapes, kawaii, consistent front 3/4 view, soft top-left lighting. Full body, centered, nothing cropped. Plain pure white background, no text, no letters, no watermark, no frame. Palette sky blue #5AB6FF and cream white; tiny wings and cloud-like feet. Baby form: egg-shaped body, head is 60% of the body, stubby limbs or none, curious innocent expression. Small and simple. The character means ""sky; day"". Its body visually echoes the shape of the Chinese character 天: a wide flat hat (the top bar) over a figure with outstretched arms and spread legs, looking up at the sky Do not draw any Chinese character or text."
art/天_2.png,天,sky,2,"Cute collectible monster card character for a children's Chinese learning game. Style: clean 2D vector-like illustration, thick dark outline, flat colors with soft cel shading, big glossy eyes, rounded shapes, kawaii, consistent front 3/4 view, soft top-left lighting. Full body, centered, nothing cropped. Plain pure white background, no text, no letters, no watermark, no frame. Palette sky blue #5AB6FF and cream white; tiny wings and cloud-like feet. Teen form: proper arms and legs, standing confidently, holds ONE small prop related to its meaning, cheerful expression. Medium detail. The character means ""sky; day"". Its body visually echoes the shape of the Chinese character 天: a wide flat hat (the top bar) over a figure with outstretched arms and spread legs, looking up at the sky Do not draw any Chinese character or text."
art/天_3.png,天,sky,3,"Cute collectible monster card character for a children's Chinese learning game. Style: clean 2D vector-like illustration, thick dark outline, flat colors with soft cel shading, big glossy eyes, rounded shapes, kawaii, consistent front 3/4 view, soft top-left lighting. Full body, centered, nothing cropped. Plain pure white background, no text, no letters, no watermark, no frame. Palette sky blue #5AB6FF and cream white; tiny wings and cloud-like feet. King form: taller heroic proportions, royal cape and a small crown, a glowing aura of its element behind it, proud smile. Most detailed. The character means ""sky; day"". Its body visually echoes the shape of the Chinese character 天: a wide flat hat (the top bar) over a figure with outstretched arms and spread legs, looking up at the sky Do not draw any Chinese character or text."
art/了_1.png,了,earth,1,"Cute collectible monster card character for a children's Chinese learning game. Style: clean 2D vector-like illustration, thick dark outline, flat colors with soft cel shading, big glossy eyes, rounded shapes, kawaii, consistent front 3/4 view, soft top-left lighting. Full body, centered, nothing cropped. Plain pure white background, no text, no letters, no watermark, no frame. Palette sandy ochre #C89B5E and stone grey; a rocky back shell. Baby form: egg-shaped body, head is 60% of the body, stubby limbs or none, curious innocent expression. Small and simple. The character means ""(done)"". Do not draw any Chinese character or text."
art/了_2.png,了,earth,2,"Cute collectible monster card character for a children's Chinese learning game. Style: clean 2D vector-like illustration, thick dark outline, flat colors with soft cel shading, big glossy eyes, rounded shapes, kawaii, consistent front 3/4 view, soft top-left lighting. Full body, centered, nothing cropped. Plain pure white background, no text, no letters, no watermark, no frame. Palette sandy ochre #C89B5E and stone grey; a rocky back shell. Teen form: proper arms and legs, standing confidently, holds ONE small prop related to its meaning, cheerful expression. Medium detail. The character means ""(done)"". Do not draw any Chinese character or text."
art/了_3.png,了,earth,3,"Cute collectible monster card character for a children's Chinese learning game. Style: clean 2D vector-like illustration, thick dark outline, flat colors with soft cel shading, big glossy eyes, rounded shapes, kawaii, consistent front 3/4 view, soft top-left lighting. Full body, centered, nothing cropped. Plain pure white background, no text, no letters, no watermark, no frame. Palette sandy ochre #C89B5E and stone grey; a rocky back shell. King form: taller heroic proportions, royal cape and a small crown, a glowing aura of its element behind it, proud smile. Most detailed. The character means ""(done)"". Do not draw any Chinese character or text."
art/力_1.png,力,sky,1,"Cute collectible monster card character for a children's Chinese learning game. Style: clean 2D vector-like illustration, thick dark outline, flat colors with soft cel shading, big glossy eyes, rounded shapes, kawaii, consistent front 3/4 view, soft top-left lighting. Full body, centered, nothing cropped. Plain pure white background, no text, no letters, no watermark, no frame. Palette sky blue #5AB6FF and cream white; tiny wings and cloud-like feet. Baby form: egg-shaped body, head is 60% of the body, stubby limbs or none, curious innocent expression. Small and simple. The character means ""strength; power"". Do not draw any Chinese character or text."
art/力_2.png,力,sky,2,"Cute collectible monster card character for a children's Chinese learning game. Style: clean 2D vector-like illustration, thick dark outline, flat colors with soft cel shading, big glossy eyes, rounded shapes, kawaii, consistent front 3/4 view, soft top-left lighting. Full body, centered, nothing cropped. Plain pure white background, no text, no letters, no watermark, no frame. Palette sky blue #5AB6FF and cream white; tiny wings and cloud-like feet. Teen form: proper arms and legs, standing confidently, holds ONE small prop related to its meaning, cheerful expression. Medium detail. The character means ""strength; power"". Do not draw any Chinese character or text."
art/力_3.png,力,sky,3,"Cute collectible monster card character for a children's Chinese learning game. Style: clean 2D vector-like illustration, thick dark outline, flat colors with soft cel shading, big glossy eyes, rounded shapes, kawaii, consistent front 3/4 view, soft top-left lighting. Full body, centered, nothing cropped. Plain pure white background, no text, no letters, no watermark, no frame. Palette sky blue #5AB6FF and cream white; tiny wings and cloud-like feet. King form: taller heroic proportions, royal cape and a small crown, a glowing aura of its element behind it, proud smile. Most detailed. The character means ""strength; power"". Do not draw any Chinese character or text."
art/又_1.png,又,heart,1,"Cute collectible monster card character for a children's Chinese learning game. Style: clean 2D vector-like illustration, thick dark outline, flat colors with soft cel shading, big glossy eyes, rounded shapes, kawaii, consistent front 3/4 view, soft top-left lighting. Full body, centered, nothing cropped. Plain pure white background, no text, no letters, no watermark, no frame. Palette pink #FF7FA8 and lilac; fluffy fur, heart-shaped tail, blush cheeks. Baby form: egg-shaped body, head is 60% of the body, stubby limbs or none, curious innocent expression. Small and simple. The character means ""again; also"". Do not draw any Chinese character or text."
art/又_2.png,又,heart,2,"Cute collectible monster card character for a children's Chinese learning game. Style: clean 2D vector-like illustration, thick dark outline, flat colors with soft cel shading, big glossy eyes, rounded shapes, kawaii, consistent front 3/4 view, soft top-left lighting. Full body, centered, nothing cropped. Plain pure white background, no text, no letters, no watermark, no frame. Palette pink #FF7FA8 and lilac; fluffy fur, heart-shaped tail, blush cheeks. Teen form: proper arms and legs, standing confidently, holds ONE small prop related to its meaning, cheerful expression. Medium detail. The character means ""again; also"". Do not draw any Chinese character or text."
art/又_3.png,又,heart,3,"Cute collectible monster card character for a children's Chinese learning game. Style: clean 2D vector-like illustration, thick dark outline, flat colors with soft cel shading, big glossy eyes, rounded shapes, kawaii, consistent front 3/4 view, soft top-left lighting. Full body, centered, nothing cropped. Plain pure white background, no text, no letters, no watermark, no frame. Palette pink #FF7FA8 and lilac; fluffy fur, heart-shaped tail, blush cheeks. King form: taller heroic proportions, royal cape and a small crown, a glowing aura of its element behind it, proud smile. Most detailed. The character means ""again; also"". Do not draw any Chinese character or text."
art/儿_1.png,儿,sky,1,"Cute collectible monster card character for a children's Chinese learning game. Style: clean 2D vector-like illustration, thick dark outline, flat colors with soft cel shading, big glossy eyes, rounded shapes, kawaii, consistent front 3/4 view, soft top-left lighting. Full body, centered, nothing cropped. Plain pure white background, no text, no letters, no watermark, no frame. Palette sky blue #5AB6FF and cream white; tiny wings and cloud-like feet. Baby form: egg-shaped body, head is 60% of the body, stubby limbs or none, curious innocent expression. Small and simple. The character means ""child"". Do not draw any Chinese character or text."
art/儿_2.png,儿,sky,2,"Cute collectible monster card character for a children's Chinese learning game. Style: clean 2D vector-like illustration, thick dark outline, flat colors with soft cel shading, big glossy eyes, rounded shapes, kawaii, consistent front 3/4 view, soft top-left lighting. Full body, centered, nothing cropped. Plain pure white background, no text, no letters, no watermark, no frame. Palette sky blue #5AB6FF and cream white; tiny wings and cloud-like feet. Teen form: proper arms and legs, standing confidently, holds ONE small prop related to its meaning, cheerful expression. Medium detail. The character means ""child"". Do not draw any Chinese character or text."
art/儿_3.png,儿,sky,3,"Cute collectible monster card character for a children's Chinese learning game. Style: clean 2D vector-like illustration, thick dark outline, flat colors with soft cel shading, big glossy eyes, rounded shapes, kawaii, consistent front 3/4 view, soft top-left lighting. Full body, centered, nothing cropped. Plain pure white background, no text, no letters, no watermark, no frame. Palette sky blue #5AB6FF and cream white; tiny wings and cloud-like feet. King form: taller heroic proportions, royal cape and a small crown, a glowing aura of its element behind it, proud smile. Most detailed. The character means ""child"". Do not draw any Chinese character or text."
art/入_1.png,入,fire,1,"Cute collectible monster card character for a children's Chinese learning game. Style: clean 2D vector-like illustration, thick dark outline, flat colors with soft cel shading, big glossy eyes, rounded shapes, kawaii, consistent front 3/4 view, soft top-left lighting. Full body, centered, nothing cropped. Plain pure white background, no text, no letters, no watermark, no frame. Palette orange-red #FF6B35 and golden yellow; a flame tuft on the head, a spark at the tail. Baby form: egg-shaped body, head is 60% of the body, stubby limbs or none, curious innocent expression. Small and simple. The character means ""enter"". Do not draw any Chinese character or text."
art/入_2.png,入,fire,2,"Cute collectible monster card character for a children's Chinese learning game. Style: clean 2D vector-like illustration, thick dark outline, flat colors with soft cel shading, big glossy eyes, rounded shapes, kawaii, consistent front 3/4 view, soft top-left lighting. Full body, centered, nothing cropped. Plain pure white background, no text, no letters, no watermark, no frame. Palette orange-red #FF6B35 and golden yellow; a flame tuft on the head, a spark at the tail. Teen form: proper arms and legs, standing confidently, holds ONE small prop related to its meaning, cheerful expression. Medium detail. The character means ""enter"". Do not draw any Chinese character or text."
art/入_3.png,入,fire,3,"Cute collectible monster card character for a children's Chinese learning game. Style: clean 2D vector-like illustration, thick dark outline, flat colors with soft cel shading, big glossy eyes, rounded shapes, kawaii, consistent front 3/4 view, soft top-left lighting. Full body, centered, nothing cropped. Plain pure white background, no text, no letters, no watermark, no frame. Palette orange-red #FF6B35 and golden yellow; a flame tuft on the head, a spark at the tail. King form: taller heroic proportions, royal cape and a small crown, a glowing aura of its element behind it, proud smile. Most detailed. The character means ""enter"". Do not draw any Chinese character or text."
art/几_1.png,几,earth,1,"Cute collectible monster card character for a children's Chinese learning game. Style: clean 2D vector-like illustration, thick dark outline, flat colors with soft cel shading, big glossy eyes, rounded shapes, kawaii, consistent front 3/4 view, soft top-left lighting. Full body, centered, nothing cropped. Plain pure white background, no text, no letters, no watermark, no frame. Palette sandy ochre #C89B5E and stone grey; a rocky back shell. Baby form: egg-shaped body, head is 60% of the body, stubby limbs or none, curious innocent expression. Small and simple. The character means ""how many; several"". Do not draw any Chinese character or text."
art/几_2.png,几,earth,2,"Cute collectible monster card character for a children's Chinese learning game. Style: clean 2D vector-like illustration, thick dark outline, flat colors with soft cel shading, big glossy eyes, rounded shapes, kawaii, consistent front 3/4 view, soft top-left lighting. Full body, centered, nothing cropped. Plain pure white background, no text, no letters, no watermark, no frame. Palette sandy ochre #C89B5E and stone grey; a rocky back shell. Teen form: proper arms and legs, standing confidently, holds ONE small prop related to its meaning, cheerful expression. Medium detail. The character means ""how many; several"". Do not draw any Chinese character or text."
art/几_3.png,几,earth,3,"Cute collectible monster card character for a children's Chinese learning game. Style: clean 2D vector-like illustration, thick dark outline, flat colors with soft cel shading, big glossy eyes, rounded shapes, kawaii, consistent front 3/4 view, soft top-left lighting. Full body, centered, nothing cropped. Plain pure white background, no text, no letters, no watermark, no frame. Palette sandy ochre #C89B5E and stone grey; a rocky back shell. King form: taller heroic proportions, royal cape and a small crown, a glowing aura of its element behind it, proud smile. Most detailed. The character means ""how many; several"". Do not draw any Chinese character or text."
art/个_1.png,个,water,1,"Cute collectible monster card character for a children's Chinese learning game. Style: clean 2D vector-like illustration, thick dark outline, flat colors with soft cel shading, big glossy eyes, rounded shapes, kawaii, consistent front 3/4 view, soft top-left lighting. Full body, centered, nothing cropped. Plain pure white background, no text, no letters, no watermark, no frame. Palette aqua blue #3FA9F5 and translucent white; water-ripple marks and a bubble. Baby form: egg-shaped body, head is 60% of the body, stubby limbs or none, curious innocent expression. Small and simple. The character means ""(measure word)"". Do not draw any Chinese character or text."
art/个_2.png,个,water,2,"Cute collectible monster card character for a children's Chinese learning game. Style: clean 2D vector-like illustration, thick dark outline, flat colors with soft cel shading, big glossy eyes, rounded shapes, kawaii, consistent front 3/4 view, soft top-left lighting. Full body, centered, nothing cropped. Plain pure white background, no text, no letters, no watermark, no frame. Palette aqua blue #3FA9F5 and translucent white; water-ripple marks and a bubble. Teen form: proper arms and legs, standing confidently, holds ONE small prop related to its meaning, cheerful expression. Medium detail. The character means ""(measure word)"". Do not draw any Chinese character or text."
art/个_3.png,个,water,3,"Cute collectible monster card character for a children's Chinese learning game. Style: clean 2D vector-like illustration, thick dark outline, flat colors with soft cel shading, big glossy eyes, rounded shapes, kawaii, consistent front 3/4 view, soft top-left lighting. Full body, centered, nothing cropped. Plain pure white background, no text, no letters, no watermark, no frame. Palette aqua blue #3FA9F5 and translucent white; water-ripple marks and a bubble. King form: taller heroic proportions, royal cape and a small crown, a glowing aura of its element behind it, proud smile. Most detailed. The character means ""(measure word)"". Do not draw any Chinese character or text."
art/也_1.png,也,fire,1,"Cute collectible monster card character for a children's Chinese learning game. Style: clean 2D vector-like illustration, thick dark outline, flat colors with soft cel shading, big glossy eyes, rounded shapes, kawaii, consistent front 3/4 view, soft top-left lighting. Full body, centered, nothing cropped. Plain pure white background, no text, no letters, no watermark, no frame. Palette orange-red #FF6B35 and golden yellow; a flame tuft on the head, a spark at the tail. Baby form: egg-shaped body, head is 60% of the body, stubby limbs or none, curious innocent expression. Small and simple. The character means ""also"". Do not draw any Chinese character or text."
art/也_2.png,也,fire,2,"Cute collectible monster card character for a children's Chinese learning game. Style: clean 2D vector-like illustration, thick dark outline, flat colors with soft cel shading, big glossy eyes, rounded shapes, kawaii, consistent front 3/4 view, soft top-left lighting. Full body, centered, nothing cropped. Plain pure white background, no text, no letters, no watermark, no frame. Palette orange-red #FF6B35 and golden yellow; a flame tuft on the head, a spark at the tail. Teen form: proper arms and legs, standing confidently, holds ONE small prop related to its meaning, cheerful expression. Medium detail. The character means ""also"". Do not draw any Chinese character or text."
art/也_3.png,也,fire,3,"Cute collectible monster card character for a children's Chinese learning game. Style: clean 2D vector-like illustration, thick dark outline, flat colors with soft cel shading, big glossy eyes, rounded shapes, kawaii, consistent front 3/4 view, soft top-left lighting. Full body, centered, nothing cropped. Plain pure white background, no text, no letters, no watermark, no frame. Palette orange-red #FF6B35 and golden yellow; a flame tuft on the head, a spark at the tail. King form: taller heroic proportions, royal cape and a small crown, a glowing aura of its element behind it, proud smile. Most detailed. The character means ""also"". Do not draw any Chinese character or text."
art/子_1.png,子,heart,1,"Cute collectible monster card character for a children's Chinese learning game. Style: clean 2D vector-like illustration, thick dark outline, flat colors with soft cel shading, big glossy eyes, rounded shapes, kawaii, consistent front 3/4 view, soft top-left lighting. Full body, centered, nothing cropped. Plain pure white background, no text, no letters, no watermark, no frame. Palette pink #FF7FA8 and lilac; fluffy fur, heart-shaped tail, blush cheeks. Baby form: egg-shaped body, head is 60% of the body, stubby limbs or none, curious innocent expression. Small and simple. The character means ""child; son"". Do not draw any Chinese character or text."
art/子_2.png,子,heart,2,"Cute collectible monster card character for a children's Chinese learning game. Style: clean 2D vector-like illustration, thick dark outline, flat colors with soft cel shading, big glossy eyes, rounded shapes, kawaii, consistent front 3/4 view, soft top-left lighting. Full body, centered, nothing cropped. Plain pure white background, no text, no letters, no watermark, no frame. Palette pink #FF7FA8 and lilac; fluffy fur, heart-shaped tail, blush cheeks. Teen form: proper arms and legs, standing confidently, holds ONE small prop related to its meaning, cheerful expression. Medium detail. The character means ""child; son"". Do not draw any Chinese character or text."
art/子_3.png,子,heart,3,"Cute collectible monster card character for a children's Chinese learning game. Style: clean 2D vector-like illustration, thick dark outline, flat colors with soft cel shading, big glossy eyes, rounded shapes, kawaii, consistent front 3/4 view, soft top-left lighting. Full body, centered, nothing cropped. Plain pure white background, no text, no letters, no watermark, no frame. Palette pink #FF7FA8 and lilac; fluffy fur, heart-shaped tail, blush cheeks. King form: taller heroic proportions, royal cape and a small crown, a glowing aura of its element behind it, proud smile. Most detailed. The character means ""child; son"". Do not draw any Chinese character or text."
art/于_1.png,于,heart,1,"Cute collectible monster card character for a children's Chinese learning game. Style: clean 2D vector-like illustration, thick dark outline, flat colors with soft cel shading, big glossy eyes, rounded shapes, kawaii, consistent front 3/4 view, soft top-left lighting. Full body, centered, nothing cropped. Plain pure white background, no text, no letters, no watermark, no frame. Palette pink #FF7FA8 and lilac; fluffy fur, heart-shaped tail, blush cheeks. Baby form: egg-shaped body, head is 60% of the body, stubby limbs or none, curious innocent expression. Small and simple. The character means ""at; in"". Do not draw any Chinese character or text."
art/于_2.png,于,heart,2,"Cute collectible monster card character for a children's Chinese learning game. Style: clean 2D vector-like illustration, thick dark outline, flat colors with soft cel shading, big glossy eyes, rounded shapes, kawaii, consistent front 3/4 view, soft top-left lighting. Full body, centered, nothing cropped. Plain pure white background, no text, no letters, no watermark, no frame. Palette pink #FF7FA8 and lilac; fluffy fur, heart-shaped tail, blush cheeks. Teen form: proper arms and legs, standing confidently, holds ONE small prop related to its meaning, cheerful expression. Medium detail. The character means ""at; in"". Do not draw any Chinese character or text."
art/于_3.png,于,heart,3,"Cute collectible monster card character for a children's Chinese learning game. Style: clean 2D vector-like illustration, thick dark outline, flat colors with soft cel shading, big glossy eyes, rounded shapes, kawaii, consistent front 3/4 view, soft top-left lighting. Full body, centered, nothing cropped. Plain pure white background, no text, no letters, no watermark, no frame. Palette pink #FF7FA8 and lilac; fluffy fur, heart-shaped tail, blush cheeks. King form: taller heroic proportions, royal cape and a small crown, a glowing aura of its element behind it, proud smile. Most detailed. The character means ""at; in"". Do not draw any Chinese character or text."
art/之_1.png,之,sky,1,"Cute collectible monster card character for a children's Chinese learning game. Style: clean 2D vector-like illustration, thick dark outline, flat colors with soft cel shading, big glossy eyes, rounded shapes, kawaii, consistent front 3/4 view, soft top-left lighting. Full body, centered, nothing cropped. Plain pure white background, no text, no letters, no watermark, no frame. Palette sky blue #5AB6FF and cream white; tiny wings and cloud-like feet. Baby form: egg-shaped body, head is 60% of the body, stubby limbs or none, curious innocent expression. Small and simple. The character means ""(of); it"". Do not draw any Chinese character or text."
art/之_2.png,之,sky,2,"Cute collectible monster card character for a children's Chinese learning game. Style: clean 2D vector-like illustration, thick dark outline, flat colors with soft cel shading, big glossy eyes, rounded shapes, kawaii, consistent front 3/4 view, soft top-left lighting. Full body, centered, nothing cropped. Plain pure white background, no text, no letters, no watermark, no frame. Palette sky blue #5AB6FF and cream white; tiny wings and cloud-like feet. Teen form: proper arms and legs, standing confidently, holds ONE small prop related to its meaning, cheerful expression. Medium detail. The character means ""(of); it"". Do not draw any Chinese character or text."
art/之_3.png,之,sky,3,"Cute collectible monster card character for a children's Chinese learning game. Style: clean 2D vector-like illustration, thick dark outline, flat colors with soft cel shading, big glossy eyes, rounded shapes, kawaii, consistent front 3/4 view, soft top-left lighting. Full body, centered, nothing cropped. Plain pure white background, no text, no letters, no watermark, no frame. Palette sky blue #5AB6FF and cream white; tiny wings and cloud-like feet. King form: taller heroic proportions, royal cape and a small crown, a glowing aura of its element behind it, proud smile. Most detailed. The character means ""(of); it"". Do not draw any Chinese character or text."
art/么_1.png,么,water,1,"Cute collectible monster card character for a children's Chinese learning game. Style: clean 2D vector-like illustration, thick dark outline, flat colors with soft cel shading, big glossy eyes, rounded shapes, kawaii, consistent front 3/4 view, soft top-left lighting. Full body, centered, nothing cropped. Plain pure white background, no text, no letters, no watermark, no frame. Palette aqua blue #3FA9F5 and translucent white; water-ripple marks and a bubble. Baby form: egg-shaped body, head is 60% of the body, stubby limbs or none, curious innocent expression. Small and simple. The character means ""(suffix)"". Do not draw any Chinese character or text."
art/么_2.png,么,water,2,"Cute collectible monster card character for a children's Chinese learning game. Style: clean 2D vector-like illustration, thick dark outline, flat colors with soft cel shading, big glossy eyes, rounded shapes, kawaii, consistent front 3/4 view, soft top-left lighting. Full body, centered, nothing cropped. Plain pure white background, no text, no letters, no watermark, no frame. Palette aqua blue #3FA9F5 and translucent white; water-ripple marks and a bubble. Teen form: proper arms and legs, standing confidently, holds ONE small prop related to its meaning, cheerful expression. Medium detail. The character means ""(suffix)"". Do not draw any Chinese character or text."
art/么_3.png,么,water,3,"Cute collectible monster card character for a children's Chinese learning game. Style: clean 2D vector-like illustration, thick dark outline, flat colors with soft cel shading, big glossy eyes, rounded shapes, kawaii, consistent front 3/4 view, soft top-left lighting. Full body, centered, nothing cropped. Plain pure white background, no text, no letters, no watermark, no frame. Palette aqua blue #3FA9F5 and translucent white; water-ripple marks and a bubble. King form: taller heroic proportions, royal cape and a small crown, a glowing aura of its element behind it, proud smile. Most detailed. The character means ""(suffix)"". Do not draw any Chinese character or text."
art/与_1.png,与,earth,1,"Cute collectible monster card character for a children's Chinese learning game. Style: clean 2D vector-like illustration, thick dark outline, flat colors with soft cel shading, big glossy eyes, rounded shapes, kawaii, consistent front 3/4 view, soft top-left lighting. Full body, centered, nothing cropped. Plain pure white background, no text, no letters, no watermark, no frame. Palette sandy ochre #C89B5E and stone grey; a rocky back shell. Baby form: egg-shaped body, head is 60% of the body, stubby limbs or none, curious innocent expression. Small and simple. The character means ""and; with"". Do not draw any Chinese character or text."
art/与_2.png,与,earth,2,"Cute collectible monster card character for a children's Chinese learning game. Style: clean 2D vector-like illustration, thick dark outline, flat colors with soft cel shading, big glossy eyes, rounded shapes, kawaii, consistent front 3/4 view, soft top-left lighting. Full body, centered, nothing cropped. Plain pure white background, no text, no letters, no watermark, no frame. Palette sandy ochre #C89B5E and stone grey; a rocky back shell. Teen form: proper arms and legs, standing confidently, holds ONE small prop related to its meaning, cheerful expression. Medium detail. The character means ""and; with"". Do not draw any Chinese character or text."
art/与_3.png,与,earth,3,"Cute collectible monster card character for a children's Chinese learning game. Style: clean 2D vector-like illustration, thick dark outline, flat colors with soft cel shading, big glossy eyes, rounded shapes, kawaii, consistent front 3/4 view, soft top-left lighting. Full body, centered, nothing cropped. Plain pure white background, no text, no letters, no watermark, no frame. Palette sandy ochre #C89B5E and stone grey; a rocky back shell. King form: taller heroic proportions, royal cape and a small crown, a glowing aura of its element behind it, proud smile. Most detailed. The character means ""and; with"". Do not draw any Chinese character or text."
art/已_1.png,已,earth,1,"Cute collectible monster card character for a children's Chinese learning game. Style: clean 2D vector-like illustration, thick dark outline, flat colors with soft cel shading, big glossy eyes, rounded shapes, kawaii, consistent front 3/4 view, soft top-left lighting. Full body, centered, nothing cropped. Plain pure white background, no text, no letters, no watermark, no frame. Palette sandy ochre #C89B5E and stone grey; a rocky back shell. Baby form: egg-shaped body, head is 60% of the body, stubby limbs or none, curious innocent expression. Small and simple. The character means ""already"". Do not draw any Chinese character or text."
art/已_2.png,已,earth,2,"Cute collectible monster card character for a children's Chinese learning game. Style: clean 2D vector-like illustration, thick dark outline, flat colors with soft cel shading, big glossy eyes, rounded shapes, kawaii, consistent front 3/4 view, soft top-left lighting. Full body, centered, nothing cropped. Plain pure white background, no text, no letters, no watermark, no frame. Palette sandy ochre #C89B5E and stone grey; a rocky back shell. Teen form: proper arms and legs, standing confidently, holds ONE small prop related to its meaning, cheerful expression. Medium detail. The character means ""already"". Do not draw any Chinese character or text."
art/已_3.png,已,earth,3,"Cute collectible monster card character for a children's Chinese learning game. Style: clean 2D vector-like illustration, thick dark outline, flat colors with soft cel shading, big glossy eyes, rounded shapes, kawaii, consistent front 3/4 view, soft top-left lighting. Full body, centered, nothing cropped. Plain pure white background, no text, no letters, no watermark, no frame. Palette sandy ochre #C89B5E and stone grey; a rocky back shell. King form: taller heroic proportions, royal cape and a small crown, a glowing aura of its element behind it, proud smile. Most detailed. The character means ""already"". Do not draw any Chinese character or text."
art/工_1.png,工,wood,1,"Cute collectible monster card character for a children's Chinese learning game. Style: clean 2D vector-like illustration, thick dark outline, flat colors with soft cel shading, big glossy eyes, rounded shapes, kawaii, consistent front 3/4 view, soft top-left lighting. Full body, centered, nothing cropped. Plain pure white background, no text, no letters, no watermark, no frame. Palette grass green #4CC35A and warm brown; leaf-shaped ears, twig-like arms. Baby form: egg-shaped body, head is 60% of the body, stubby limbs or none, curious innocent expression. Small and simple. The character means ""work"". Do not draw any Chinese character or text."
art/工_2.png,工,wood,2,"Cute collectible monster card character for a children's Chinese learning game. Style: clean 2D vector-like illustration, thick dark outline, flat colors with soft cel shading, big glossy eyes, rounded shapes, kawaii, consistent front 3/4 view, soft top-left lighting. Full body, centered, nothing cropped. Plain pure white background, no text, no letters, no watermark, no frame. Palette grass green #4CC35A and warm brown; leaf-shaped ears, twig-like arms. Teen form: proper arms and legs, standing confidently, holds ONE small prop related to its meaning, cheerful expression. Medium detail. The character means ""work"". Do not draw any Chinese character or text."
art/工_3.png,工,wood,3,"Cute collectible monster card character for a children's Chinese learning game. Style: clean 2D vector-like illustration, thick dark outline, flat colors with soft cel shading, big glossy eyes, rounded shapes, kawaii, consistent front 3/4 view, soft top-left lighting. Full body, centered, nothing cropped. Plain pure white background, no text, no letters, no watermark, no frame. Palette grass green #4CC35A and warm brown; leaf-shaped ears, twig-like arms. King form: taller heroic proportions, royal cape and a small crown, a glowing aura of its element behind it, proud smile. Most detailed. The character means ""work"". Do not draw any Chinese character or text."
art/己_1.png,己,wood,1,"Cute collectible monster card character for a children's Chinese learning game. Style: clean 2D vector-like illustration, thick dark outline, flat colors with soft cel shading, big glossy eyes, rounded shapes, kawaii, consistent front 3/4 view, soft top-left lighting. Full body, centered, nothing cropped. Plain pure white background, no text, no letters, no watermark, no frame. Palette grass green #4CC35A and warm brown; leaf-shaped ears, twig-like arms. Baby form: egg-shaped body, head is 60% of the body, stubby limbs or none, curious innocent expression. Small and simple. The character means ""self"". Do not draw any Chinese character or text."
art/己_2.png,己,wood,2,"Cute collectible monster card character for a children's Chinese learning game. Style: clean 2D vector-like illustration, thick dark outline, flat colors with soft cel shading, big glossy eyes, rounded shapes, kawaii, consistent front 3/4 view, soft top-left lighting. Full body, centered, nothing cropped. Plain pure white background, no text, no letters, no watermark, no frame. Palette grass green #4CC35A and warm brown; leaf-shaped ears, twig-like arms. Teen form: proper arms and legs, standing confidently, holds ONE small prop related to its meaning, cheerful expression. Medium detail. The character means ""self"". Do not draw any Chinese character or text."
art/己_3.png,己,wood,3,"Cute collectible monster card character for a children's Chinese learning game. Style: clean 2D vector-like illustration, thick dark outline, flat colors with soft cel shading, big glossy eyes, rounded shapes, kawaii, consistent front 3/4 view, soft top-left lighting. Full body, centered, nothing cropped. Plain pure white background, no text, no letters, no watermark, no frame. Palette grass green #4CC35A and warm brown; leaf-shaped ears, twig-like arms. King form: taller heroic proportions, royal cape and a small crown, a glowing aura of its element behind it, proud smile. Most detailed. The character means ""self"". Do not draw any Chinese character or text."
art/门_1.png,门,water,1,"Cute collectible monster card character for a children's Chinese learning game. Style: clean 2D vector-like illustration, thick dark outline, flat colors with soft cel shading, big glossy eyes, rounded shapes, kawaii, consistent front 3/4 view, soft top-left lighting. Full body, centered, nothing cropped. Plain pure white background, no text, no letters, no watermark, no frame. Palette aqua blue #3FA9F5 and translucent white; water-ripple marks and a bubble. Baby form: egg-shaped body, head is 60% of the body, stubby limbs or none, curious innocent expression. Small and simple. The character means ""door"". Do not draw any Chinese character or text."
art/门_2.png,门,water,2,"Cute collectible monster card character for a children's Chinese learning game. Style: clean 2D vector-like illustration, thick dark outline, flat colors with soft cel shading, big glossy eyes, rounded shapes, kawaii, consistent front 3/4 view, soft top-left lighting. Full body, centered, nothing cropped. Plain pure white background, no text, no letters, no watermark, no frame. Palette aqua blue #3FA9F5 and translucent white; water-ripple marks and a bubble. Teen form: proper arms and legs, standing confidently, holds ONE small prop related to its meaning, cheerful expression. Medium detail. The character means ""door"". Do not draw any Chinese character or text."
art/门_3.png,门,water,3,"Cute collectible monster card character for a children's Chinese learning game. Style: clean 2D vector-like illustration, thick dark outline, flat colors with soft cel shading, big glossy eyes, rounded shapes, kawaii, consistent front 3/4 view, soft top-left lighting. Full body, centered, nothing cropped. Plain pure white background, no text, no letters, no watermark, no frame. Palette aqua blue #3FA9F5 and translucent white; water-ripple marks and a bubble. King form: taller heroic proportions, royal cape and a small crown, a glowing aura of its element behind it, proud smile. Most detailed. The character means ""door"". Do not draw any Chinese character or text."
art/及_1.png,及,water,1,"Cute collectible monster card character for a children's Chinese learning game. Style: clean 2D vector-like illustration, thick dark outline, flat colors with soft cel shading, big glossy eyes, rounded shapes, kawaii, consistent front 3/4 view, soft top-left lighting. Full body, centered, nothing cropped. Plain pure white background, no text, no letters, no watermark, no frame. Palette aqua blue #3FA9F5 and translucent white; water-ripple marks and a bubble. Baby form: egg-shaped body, head is 60% of the body, stubby limbs or none, curious innocent expression. Small and simple. The character means ""and; reach"". Do not draw any Chinese character or text."
art/及_2.png,及,water,2,"Cute collectible monster card character for a children's Chinese learning game. Style: clean 2D vector-like illustration, thick dark outline, flat colors with soft cel shading, big glossy eyes, rounded shapes, kawaii, consistent front 3/4 view, soft top-left lighting. Full body, centered, nothing cropped. Plain pure white background, no text, no letters, no watermark, no frame. Palette aqua blue #3FA9F5 and translucent white; water-ripple marks and a bubble. Teen form: proper arms and legs, standing confidently, holds ONE small prop related to its meaning, cheerful expression. Medium detail. The character means ""and; reach"". Do not draw any Chinese character or text."
art/及_3.png,及,water,3,"Cute collectible monster card character for a children's Chinese learning game. Style: clean 2D vector-like illustration, thick dark outline, flat colors with soft cel shading, big glossy eyes, rounded shapes, kawaii, consistent front 3/4 view, soft top-left lighting. Full body, centered, nothing cropped. Plain pure white background, no text, no letters, no watermark, no frame. Palette aqua blue #3FA9F5 and translucent white; water-ripple marks and a bubble. King form: taller heroic proportions, royal cape and a small crown, a glowing aura of its element behind it, proud smile. Most detailed. The character means ""and; reach"". Do not draw any Chinese character or text."
art/义_1.png,义,wood,1,"Cute collectible monster card character for a children's Chinese learning game. Style: clean 2D vector-like illustration, thick dark outline, flat colors with soft cel shading, big glossy eyes, rounded shapes, kawaii, consistent front 3/4 view, soft top-left lighting. Full body, centered, nothing cropped. Plain pure white background, no text, no letters, no watermark, no frame. Palette grass green #4CC35A and warm brown; leaf-shaped ears, twig-like arms. Baby form: egg-shaped body, head is 60% of the body, stubby limbs or none, curious innocent expression. Small and simple. The character means ""meaning; justice"". Do not draw any Chinese character or text."
art/义_2.png,义,wood,2,"Cute collectible monster card character for a children's Chinese learning game. Style: clean 2D vector-like illustration, thick dark outline, flat colors with soft cel shading, big glossy eyes, rounded shapes, kawaii, consistent front 3/4 view, soft top-left lighting. Full body, centered, nothing cropped. Plain pure white background, no text, no letters, no watermark, no frame. Palette grass green #4CC35A and warm brown; leaf-shaped ears, twig-like arms. Teen form: proper arms and legs, standing confidently, holds ONE small prop related to its meaning, cheerful expression. Medium detail. The character means ""meaning; justice"". Do not draw any Chinese character or text."
art/义_3.png,义,wood,3,"Cute collectible monster card character for a children's Chinese learning game. Style: clean 2D vector-like illustration, thick dark outline, flat colors with soft cel shading, big glossy eyes, rounded shapes, kawaii, consistent front 3/4 view, soft top-left lighting. Full body, centered, nothing cropped. Plain pure white background, no text, no letters, no watermark, no frame. Palette grass green #4CC35A and warm brown; leaf-shaped ears, twig-like arms. King form: taller heroic proportions, royal cape and a small crown, a glowing aura of its element behind it, proud smile. Most detailed. The character means ""meaning; justice"". Do not draw any Chinese character or text."
art/女_1.png,女,heart,1,"Cute collectible monster card character for a children's Chinese learning game. Style: clean 2D vector-like illustration, thick dark outline, flat colors with soft cel shading, big glossy eyes, rounded shapes, kawaii, consistent front 3/4 view, soft top-left lighting. Full body, centered, nothing cropped. Plain pure white background, no text, no letters, no watermark, no frame. Palette pink #FF7FA8 and lilac; fluffy fur, heart-shaped tail, blush cheeks. Baby form: egg-shaped body, head is 60% of the body, stubby limbs or none, curious innocent expression. Small and simple. The character means ""female; woman"". Do not draw any Chinese character or text."
art/女_2.png,女,heart,2,"Cute collectible monster card character for a children's Chinese learning game. Style: clean 2D vector-like illustration, thick dark outline, flat colors with soft cel shading, big glossy eyes, rounded shapes, kawaii, consistent front 3/4 view, soft top-left lighting. Full body, centered, nothing cropped. Plain pure white background, no text, no letters, no watermark, no frame. Palette pink #FF7FA8 and lilac; fluffy fur, heart-shaped tail, blush cheeks. Teen form: proper arms and legs, standing confidently, holds ONE small prop related to its meaning, cheerful expression. Medium detail. The character means ""female; woman"". Do not draw any Chinese character or text."
art/女_3.png,女,heart,3,"Cute collectible monster card character for a children's Chinese learning game. Style: clean 2D vector-like illustration, thick dark outline, flat colors with soft cel shading, big glossy eyes, rounded shapes, kawaii, consistent front 3/4 view, soft top-left lighting. Full body, centered, nothing cropped. Plain pure white background, no text, no letters, no watermark, no frame. Palette pink #FF7FA8 and lilac; fluffy fur, heart-shaped tail, blush cheeks. King form: taller heroic proportions, royal cape and a small crown, a glowing aura of its element behind it, proud smile. Most detailed. The character means ""female; woman"". Do not draw any Chinese character or text."
art/才_1.png,才,heart,1,"Cute collectible monster card character for a children's Chinese learning game. Style: clean 2D vector-like illustration, thick dark outline, flat colors with soft cel shading, big glossy eyes, rounded shapes, kawaii, consistent front 3/4 view, soft top-left lighting. Full body, centered, nothing cropped. Plain pure white background, no text, no letters, no watermark, no frame. Palette pink #FF7FA8 and lilac; fluffy fur, heart-shaped tail, blush cheeks. Baby form: egg-shaped body, head is 60% of the body, stubby limbs or none, curious innocent expression. Small and simple. The character means ""only then; talent"". Do not draw any Chinese character or text."
art/才_2.png,才,heart,2,"Cute collectible monster card character for a children's Chinese learning game. Style: clean 2D vector-like illustration, thick dark outline, flat colors with soft cel shading, big glossy eyes, rounded shapes, kawaii, consistent front 3/4 view, soft top-left lighting. Full body, centered, nothing cropped. Plain pure white background, no text, no letters, no watermark, no frame. Palette pink #FF7FA8 and lilac; fluffy fur, heart-shaped tail, blush cheeks. Teen form: proper arms and legs, standing confidently, holds ONE small prop related to its meaning, cheerful expression. Medium detail. The character means ""only then; talent"". Do not draw any Chinese character or text."
art/才_3.png,才,heart,3,"Cute collectible monster card character for a children's Chinese learning game. Style: clean 2D vector-like illustration, thick dark outline, flat colors with soft cel shading, big glossy eyes, rounded shapes, kawaii, consistent front 3/4 view, soft top-left lighting. Full body, centered, nothing cropped. Plain pure white background, no text, no letters, no watermark, no frame. Palette pink #FF7FA8 and lilac; fluffy fur, heart-shaped tail, blush cheeks. King form: taller heroic proportions, royal cape and a small crown, a glowing aura of its element behind it, proud smile. Most detailed. The character means ""only then; talent"". Do not draw any Chinese character or text."
art/马_1.png,马,fire,1,"Cute collectible monster card character for a children's Chinese learning game. Style: clean 2D vector-like illustration, thick dark outline, flat colors with soft cel shading, big glossy eyes, rounded shapes, kawaii, consistent front 3/4 view, soft top-left lighting. Full body, centered, nothing cropped. Plain pure white background, no text, no letters, no watermark, no frame. Palette orange-red #FF6B35 and golden yellow; a flame tuft on the head, a spark at the tail. Baby form: egg-shaped body, head is 60% of the body, stubby limbs or none, curious innocent expression. Small and simple. The character means ""horse"". Do not draw any Chinese character or text."
art/马_2.png,马,fire,2,"Cute collectible monster card character for a children's Chinese learning game. Style: clean 2D vector-like illustration, thick dark outline, flat colors with soft cel shading, big glossy eyes, rounded shapes, kawaii, consistent front 3/4 view, soft top-left lighting. Full body, centered, nothing cropped. Plain pure white background, no text, no letters, no watermark, no frame. Palette orange-red #FF6B35 and golden yellow; a flame tuft on the head, a spark at the tail. Teen form: proper arms and legs, standing confidently, holds ONE small prop related to its meaning, cheerful expression. Medium detail. The character means ""horse"". Do not draw any Chinese character or text."
art/马_3.png,马,fire,3,"Cute collectible monster card character for a children's Chinese learning game. Style: clean 2D vector-like illustration, thick dark outline, flat colors with soft cel shading, big glossy eyes, rounded shapes, kawaii, consistent front 3/4 view, soft top-left lighting. Full body, centered, nothing cropped. Plain pure white background, no text, no letters, no watermark, no frame. Palette orange-red #FF6B35 and golden yellow; a flame tuft on the head, a spark at the tail. King form: taller heroic proportions, royal cape and a small crown, a glowing aura of its element behind it, proud smile. Most detailed. The character means ""horse"". Do not draw any Chinese character or text."
art/不_1.png,不,wood,1,"Cute collectible monster card character for a children's Chinese learning game. Style: clean 2D vector-like illustration, thick dark outline, flat colors with soft cel shading, big glossy eyes, rounded shapes, kawaii, consistent front 3/4 view, soft top-left lighting. Full body, centered, nothing cropped. Plain pure white background, no text, no letters, no watermark, no frame. Palette grass green #4CC35A and warm brown; leaf-shaped ears, twig-like arms. Baby form: egg-shaped body, head is 60% of the body, stubby limbs or none, curious innocent expression. Small and simple. The character means ""no; not"". Do not draw any Chinese character or text."
art/不_2.png,不,wood,2,"Cute collectible monster card character for a children's Chinese learning game. Style: clean 2D vector-like illustration, thick dark outline, flat colors with soft cel shading, big glossy eyes, rounded shapes, kawaii, consistent front 3/4 view, soft top-left lighting. Full body, centered, nothing cropped. Plain pure white background, no text, no letters, no watermark, no frame. Palette grass green #4CC35A and warm brown; leaf-shaped ears, twig-like arms. Teen form: proper arms and legs, standing confidently, holds ONE small prop related to its meaning, cheerful expression. Medium detail. The character means ""no; not"". Do not draw any Chinese character or text."
art/不_3.png,不,wood,3,"Cute collectible monster card character for a children's Chinese learning game. Style: clean 2D vector-like illustration, thick dark outline, flat colors with soft cel shading, big glossy eyes, rounded shapes, kawaii, consistent front 3/4 view, soft top-left lighting. Full body, centered, nothing cropped. Plain pure white background, no text, no letters, no watermark, no frame. Palette grass green #4CC35A and warm brown; leaf-shaped ears, twig-like arms. King form: taller heroic proportions, royal cape and a small crown, a glowing aura of its element behind it, proud smile. Most detailed. The character means ""no; not"". Do not draw any Chinese character or text."
art/为_1.png,为,heart,1,"Cute collectible monster card character for a children's Chinese learning game. Style: clean 2D vector-like illustration, thick dark outline, flat colors with soft cel shading, big glossy eyes, rounded shapes, kawaii, consistent front 3/4 view, soft top-left lighting. Full body, centered, nothing cropped. Plain pure white background, no text, no letters, no watermark, no frame. Palette pink #FF7FA8 and lilac; fluffy fur, heart-shaped tail, blush cheeks. Baby form: egg-shaped body, head is 60% of the body, stubby limbs or none, curious innocent expression. Small and simple. The character means ""for; do"". Do not draw any Chinese character or text."
art/为_2.png,为,heart,2,"Cute collectible monster card character for a children's Chinese learning game. Style: clean 2D vector-like illustration, thick dark outline, flat colors with soft cel shading, big glossy eyes, rounded shapes, kawaii, consistent front 3/4 view, soft top-left lighting. Full body, centered, nothing cropped. Plain pure white background, no text, no letters, no watermark, no frame. Palette pink #FF7FA8 and lilac; fluffy fur, heart-shaped tail, blush cheeks. Teen form: proper arms and legs, standing confidently, holds ONE small prop related to its meaning, cheerful expression. Medium detail. The character means ""for; do"". Do not draw any Chinese character or text."
art/为_3.png,为,heart,3,"Cute collectible monster card character for a children's Chinese learning game. Style: clean 2D vector-like illustration, thick dark outline, flat colors with soft cel shading, big glossy eyes, rounded shapes, kawaii, consistent front 3/4 view, soft top-left lighting. Full body, centered, nothing cropped. Plain pure white background, no text, no letters, no watermark, no frame. Palette pink #FF7FA8 and lilac; fluffy fur, heart-shaped tail, blush cheeks. King form: taller heroic proportions, royal cape and a small crown, a glowing aura of its element behind it, proud smile. Most detailed. The character means ""for; do"". Do not draw any Chinese character or text."
art/以_1.png,以,heart,1,"Cute collectible monster card character for a children's Chinese learning game. Style: clean 2D vector-like illustration, thick dark outline, flat colors with soft cel shading, big glossy eyes, rounded shapes, kawaii, consistent front 3/4 view, soft top-left lighting. Full body, centered, nothing cropped. Plain pure white background, no text, no letters, no watermark, no frame. Palette pink #FF7FA8 and lilac; fluffy fur, heart-shaped tail, blush cheeks. Baby form: egg-shaped body, head is 60% of the body, stubby limbs or none, curious innocent expression. Small and simple. The character means ""by; with"". Do not draw any Chinese character or text."
art/以_2.png,以,heart,2,"Cute collectible monster card character for a children's Chinese learning game. Style: clean 2D vector-like illustration, thick dark outline, flat colors with soft cel shading, big glossy eyes, rounded shapes, kawaii, consistent front 3/4 view, soft top-left lighting. Full body, centered, nothing cropped. Plain pure white background, no text, no letters, no watermark, no frame. Palette pink #FF7FA8 and lilac; fluffy fur, heart-shaped tail, blush cheeks. Teen form: proper arms and legs, standing confidently, holds ONE small prop related to its meaning, cheerful expression. Medium detail. The character means ""by; with"". Do not draw any Chinese character or text."
art/以_3.png,以,heart,3,"Cute collectible monster card character for a children's Chinese learning game. Style: clean 2D vector-like illustration, thick dark outline, flat colors with soft cel shading, big glossy eyes, rounded shapes, kawaii, consistent front 3/4 view, soft top-left lighting. Full body, centered, nothing cropped. Plain pure white background, no text, no letters, no watermark, no frame. Palette pink #FF7FA8 and lilac; fluffy fur, heart-shaped tail, blush cheeks. King form: taller heroic proportions, royal cape and a small crown, a glowing aura of its element behind it, proud smile. Most detailed. The character means ""by; with"". Do not draw any Chinese character or text."
art/方_1.png,方,wood,1,"Cute collectible monster card character for a children's Chinese learning game. Style: clean 2D vector-like illustration, thick dark outline, flat colors with soft cel shading, big glossy eyes, rounded shapes, kawaii, consistent front 3/4 view, soft top-left lighting. Full body, centered, nothing cropped. Plain pure white background, no text, no letters, no watermark, no frame. Palette grass green #4CC35A and warm brown; leaf-shaped ears, twig-like arms. Baby form: egg-shaped body, head is 60% of the body, stubby limbs or none, curious innocent expression. Small and simple. The character means ""square; direction"". Do not draw any Chinese character or text."
art/方_2.png,方,wood,2,"Cute collectible monster card character for a children's Chinese learning game. Style: clean 2D vector-like illustration, thick dark outline, flat colors with soft cel shading, big glossy eyes, rounded shapes, kawaii, consistent front 3/4 view, soft top-left lighting. Full body, centered, nothing cropped. Plain pure white background, no text, no letters, no watermark, no frame. Palette grass green #4CC35A and warm brown; leaf-shaped ears, twig-like arms. Teen form: proper arms and legs, standing confidently, holds ONE small prop related to its meaning, cheerful expression. Medium detail. The character means ""square; direction"". Do not draw any Chinese character or text."
art/方_3.png,方,wood,3,"Cute collectible monster card character for a children's Chinese learning game. Style: clean 2D vector-like illustration, thick dark outline, flat colors with soft cel shading, big glossy eyes, rounded shapes, kawaii, consistent front 3/4 view, soft top-left lighting. Full body, centered, nothing cropped. Plain pure white background, no text, no letters, no watermark, no frame. Palette grass green #4CC35A and warm brown; leaf-shaped ears, twig-like arms. King form: taller heroic proportions, royal cape and a small crown, a glowing aura of its element behind it, proud smile. Most detailed. The character means ""square; direction"". Do not draw any Chinese character or text."
art/分_1.png,分,heart,1,"Cute collectible monster card character for a children's Chinese learning game. Style: clean 2D vector-like illustration, thick dark outline, flat colors with soft cel shading, big glossy eyes, rounded shapes, kawaii, consistent front 3/4 view, soft top-left lighting. Full body, centered, nothing cropped. Plain pure white background, no text, no letters, no watermark, no frame. Palette pink #FF7FA8 and lilac; fluffy fur, heart-shaped tail, blush cheeks. Baby form: egg-shaped body, head is 60% of the body, stubby limbs or none, curious innocent expression. Small and simple. The character means ""divide; minute"". Do not draw any Chinese character or text."
art/分_2.png,分,heart,2,"Cute collectible monster card character for a children's Chinese learning game. Style: clean 2D vector-like illustration, thick dark outline, flat colors with soft cel shading, big glossy eyes, rounded shapes, kawaii, consistent front 3/4 view, soft top-left lighting. Full body, centered, nothing cropped. Plain pure white background, no text, no letters, no watermark, no frame. Palette pink #FF7FA8 and lilac; fluffy fur, heart-shaped tail, blush cheeks. Teen form: proper arms and legs, standing confidently, holds ONE small prop related to its meaning, cheerful expression. Medium detail. The character means ""divide; minute"". Do not draw any Chinese character or text."
art/分_3.png,分,heart,3,"Cute collectible monster card character for a children's Chinese learning game. Style: clean 2D vector-like illustration, thick dark outline, flat colors with soft cel shading, big glossy eyes, rounded shapes, kawaii, consistent front 3/4 view, soft top-left lighting. Full body, centered, nothing cropped. Plain pure white background, no text, no letters, no watermark, no frame. Palette pink #FF7FA8 and lilac; fluffy fur, heart-shaped tail, blush cheeks. King form: taller heroic proportions, royal cape and a small crown, a glowing aura of its element behind it, proud smile. Most detailed. The character means ""divide; minute"". Do not draw any Chinese character or text."
art/心_1.png,心,heart,1,"Cute collectible monster card character for a children's Chinese learning game. Style: clean 2D vector-like illustration, thick dark outline, flat colors with soft cel shading, big glossy eyes, rounded shapes, kawaii, consistent front 3/4 view, soft top-left lighting. Full body, centered, nothing cropped. Plain pure white background, no text, no letters, no watermark, no frame. Palette pink #FF7FA8 and lilac; fluffy fur, heart-shaped tail, blush cheeks. Baby form: egg-shaped body, head is 60% of the body, stubby limbs or none, curious innocent expression. Small and simple. The character means ""heart"". Do not draw any Chinese character or text."
art/心_2.png,心,heart,2,"Cute collectible monster card character for a children's Chinese learning game. Style: clean 2D vector-like illustration, thick dark outline, flat colors with soft cel shading, big glossy eyes, rounded shapes, kawaii, consistent front 3/4 view, soft top-left lighting. Full body, centered, nothing cropped. Plain pure white background, no text, no letters, no watermark, no frame. Palette pink #FF7FA8 and lilac; fluffy fur, heart-shaped tail, blush cheeks. Teen form: proper arms and legs, standing confidently, holds ONE small prop related to its meaning, cheerful expression. Medium detail. The character means ""heart"". Do not draw any Chinese character or text."
art/心_3.png,心,heart,3,"Cute collectible monster card character for a children's Chinese learning game. Style: clean 2D vector-like illustration, thick dark outline, flat colors with soft cel shading, big glossy eyes, rounded shapes, kawaii, consistent front 3/4 view, soft top-left lighting. Full body, centered, nothing cropped. Plain pure white background, no text, no letters, no watermark, no frame. Palette pink #FF7FA8 and lilac; fluffy fur, heart-shaped tail, blush cheeks. King form: taller heroic proportions, royal cape and a small crown, a glowing aura of its element behind it, proud smile. Most detailed. The character means ""heart"". Do not draw any Chinese character or text."
art/开_1.png,开,wood,1,"Cute collectible monster card character for a children's Chinese learning game. Style: clean 2D vector-like illustration, thick dark outline, flat colors with soft cel shading, big glossy eyes, rounded shapes, kawaii, consistent front 3/4 view, soft top-left lighting. Full body, centered, nothing cropped. Plain pure white background, no text, no letters, no watermark, no frame. Palette grass green #4CC35A and warm brown; leaf-shaped ears, twig-like arms. Baby form: egg-shaped body, head is 60% of the body, stubby limbs or none, curious innocent expression. Small and simple. The character means ""open"". Do not draw any Chinese character or text."
art/开_2.png,开,wood,2,"Cute collectible monster card character for a children's Chinese learning game. Style: clean 2D vector-like illustration, thick dark outline, flat colors with soft cel shading, big glossy eyes, rounded shapes, kawaii, consistent front 3/4 view, soft top-left lighting. Full body, centered, nothing cropped. Plain pure white background, no text, no letters, no watermark, no frame. Palette grass green #4CC35A and warm brown; leaf-shaped ears, twig-like arms. Teen form: proper arms and legs, standing confidently, holds ONE small prop related to its meaning, cheerful expression. Medium detail. The character means ""open"". Do not draw any Chinese character or text."
art/开_3.png,开,wood,3,"Cute collectible monster card character for a children's Chinese learning game. Style: clean 2D vector-like illustration, thick dark outline, flat colors with soft cel shading, big glossy eyes, rounded shapes, kawaii, consistent front 3/4 view, soft top-left lighting. Full body, centered, nothing cropped. Plain pure white background, no text, no letters, no watermark, no frame. Palette grass green #4CC35A and warm brown; leaf-shaped ears, twig-like arms. King form: taller heroic proportions, royal cape and a small crown, a glowing aura of its element behind it, proud smile. Most detailed. The character means ""open"". Do not draw any Chinese character or text."
art/从_1.png,从,heart,1,"Cute collectible monster card character for a children's Chinese learning game. Style: clean 2D vector-like illustration, thick dark outline, flat colors with soft cel shading, big glossy eyes, rounded shapes, kawaii, consistent front 3/4 view, soft top-left lighting. Full body, centered, nothing cropped. Plain pure white background, no text, no letters, no watermark, no frame. Palette pink #FF7FA8 and lilac; fluffy fur, heart-shaped tail, blush cheeks. Baby form: egg-shaped body, head is 60% of the body, stubby limbs or none, curious innocent expression. Small and simple. The character means ""from; follow"". Do not draw any Chinese character or text."
art/从_2.png,从,heart,2,"Cute collectible monster card character for a children's Chinese learning game. Style: clean 2D vector-like illustration, thick dark outline, flat colors with soft cel shading, big glossy eyes, rounded shapes, kawaii, consistent front 3/4 view, soft top-left lighting. Full body, centered, nothing cropped. Plain pure white background, no text, no letters, no watermark, no frame. Palette pink #FF7FA8 and lilac; fluffy fur, heart-shaped tail, blush cheeks. Teen form: proper arms and legs, standing confidently, holds ONE small prop related to its meaning, cheerful expression. Medium detail. The character means ""from; follow"". Do not draw any Chinese character or text."
art/从_3.png,从,heart,3,"Cute collectible monster card character for a children's Chinese learning game. Style: clean 2D vector-like illustration, thick dark outline, flat colors with soft cel shading, big glossy eyes, rounded shapes, kawaii, consistent front 3/4 view, soft top-left lighting. Full body, centered, nothing cropped. Plain pure white background, no text, no letters, no watermark, no frame. Palette pink #FF7FA8 and lilac; fluffy fur, heart-shaped tail, blush cheeks. King form: taller heroic proportions, royal cape and a small crown, a glowing aura of its element behind it, proud smile. Most detailed. The character means ""from; follow"". Do not draw any Chinese character or text."
art/无_1.png,无,heart,1,"Cute collectible monster card character for a children's Chinese learning game. Style: clean 2D vector-like illustration, thick dark outline, flat colors with soft cel shading, big glossy eyes, rounded shapes, kawaii, consistent front 3/4 view, soft top-left lighting. Full body, centered, nothing cropped. Plain pure white background, no text, no letters, no watermark, no frame. Palette pink #FF7FA8 and lilac; fluffy fur, heart-shaped tail, blush cheeks. Baby form: egg-shaped body, head is 60% of the body, stubby limbs or none, curious innocent expression. Small and simple. The character means ""without; no"". Do not draw any Chinese character or text."
art/无_2.png,无,heart,2,"Cute collectible monster card character for a children's Chinese learning game. Style: clean 2D vector-like illustration, thick dark outline, flat colors with soft cel shading, big glossy eyes, rounded shapes, kawaii, consistent front 3/4 view, soft top-left lighting. Full body, centered, nothing cropped. Plain pure white background, no text, no letters, no watermark, no frame. Palette pink #FF7FA8 and lilac; fluffy fur, heart-shaped tail, blush cheeks. Teen form: proper arms and legs, standing confidently, holds ONE small prop related to its meaning, cheerful expression. Medium detail. The character means ""without; no"". Do not draw any Chinese character or text."
art/无_3.png,无,heart,3,"Cute collectible monster card character for a children's Chinese learning game. Style: clean 2D vector-like illustration, thick dark outline, flat colors with soft cel shading, big glossy eyes, rounded shapes, kawaii, consistent front 3/4 view, soft top-left lighting. Full body, centered, nothing cropped. Plain pure white background, no text, no letters, no watermark, no frame. Palette pink #FF7FA8 and lilac; fluffy fur, heart-shaped tail, blush cheeks. King form: taller heroic proportions, royal cape and a small crown, a glowing aura of its element behind it, proud smile. Most detailed. The character means ""without; no"". Do not draw any Chinese character or text."
art/长_1.png,长,sky,1,"Cute collectible monster card character for a children's Chinese learning game. Style: clean 2D vector-like illustration, thick dark outline, flat colors with soft cel shading, big glossy eyes, rounded shapes, kawaii, consistent front 3/4 view, soft top-left lighting. Full body, centered, nothing cropped. Plain pure white background, no text, no letters, no watermark, no frame. Palette sky blue #5AB6FF and cream white; tiny wings and cloud-like feet. Baby form: egg-shaped body, head is 60% of the body, stubby limbs or none, curious innocent expression. Small and simple. The character means ""long; grow"". Do not draw any Chinese character or text."
art/长_2.png,长,sky,2,"Cute collectible monster card character for a children's Chinese learning game. Style: clean 2D vector-like illustration, thick dark outline, flat colors with soft cel shading, big glossy eyes, rounded shapes, kawaii, consistent front 3/4 view, soft top-left lighting. Full body, centered, nothing cropped. Plain pure white background, no text, no letters, no watermark, no frame. Palette sky blue #5AB6FF and cream white; tiny wings and cloud-like feet. Teen form: proper arms and legs, standing confidently, holds ONE small prop related to its meaning, cheerful expression. Medium detail. The character means ""long; grow"". Do not draw any Chinese character or text."
art/长_3.png,长,sky,3,"Cute collectible monster card character for a children's Chinese learning game. Style: clean 2D vector-like illustration, thick dark outline, flat colors with soft cel shading, big glossy eyes, rounded shapes, kawaii, consistent front 3/4 view, soft top-left lighting. Full body, centered, nothing cropped. Plain pure white background, no text, no letters, no watermark, no frame. Palette sky blue #5AB6FF and cream white; tiny wings and cloud-like feet. King form: taller heroic proportions, royal cape and a small crown, a glowing aura of its element behind it, proud smile. Most detailed. The character means ""long; grow"". Do not draw any Chinese character or text."
art/公_1.png,公,water,1,"Cute collectible monster card character for a children's Chinese learning game. Style: clean 2D vector-like illustration, thick dark outline, flat colors with soft cel shading, big glossy eyes, rounded shapes, kawaii, consistent front 3/4 view, soft top-left lighting. Full body, centered, nothing cropped. Plain pure white background, no text, no letters, no watermark, no frame. Palette aqua blue #3FA9F5 and translucent white; water-ripple marks and a bubble. Baby form: egg-shaped body, head is 60% of the body, stubby limbs or none, curious innocent expression. Small and simple. The character means ""public"". Do not draw any Chinese character or text."
art/公_2.png,公,water,2,"Cute collectible monster card character for a children's Chinese learning game. Style: clean 2D vector-like illustration, thick dark outline, flat colors with soft cel shading, big glossy eyes, rounded shapes, kawaii, consistent front 3/4 view, soft top-left lighting. Full body, centered, nothing cropped. Plain pure white background, no text, no letters, no watermark, no frame. Palette aqua blue #3FA9F5 and translucent white; water-ripple marks and a bubble. Teen form: proper arms and legs, standing confidently, holds ONE small prop related to its meaning, cheerful expression. Medium detail. The character means ""public"". Do not draw any Chinese character or text."
art/公_3.png,公,water,3,"Cute collectible monster card character for a children's Chinese learning game. Style: clean 2D vector-like illustration, thick dark outline, flat colors with soft cel shading, big glossy eyes, rounded shapes, kawaii, consistent front 3/4 view, soft top-left lighting. Full body, centered, nothing cropped. Plain pure white background, no text, no letters, no watermark, no frame. Palette aqua blue #3FA9F5 and translucent white; water-ripple marks and a bubble. King form: taller heroic proportions, royal cape and a small crown, a glowing aura of its element behind it, proud smile. Most detailed. The character means ""public"". Do not draw any Chinese character or text."
art/文_1.png,文,fire,1,"Cute collectible monster card character for a children's Chinese learning game. Style: clean 2D vector-like illustration, thick dark outline, flat colors with soft cel shading, big glossy eyes, rounded shapes, kawaii, consistent front 3/4 view, soft top-left lighting. Full body, centered, nothing cropped. Plain pure white background, no text, no letters, no watermark, no frame. Palette orange-red #FF6B35 and golden yellow; a flame tuft on the head, a spark at the tail. Baby form: egg-shaped body, head is 60% of the body, stubby limbs or none, curious innocent expression. Small and simple. The character means ""writing; culture"". Do not draw any Chinese character or text."
art/文_2.png,文,fire,2,"Cute collectible monster card character for a children's Chinese learning game. Style: clean 2D vector-like illustration, thick dark outline, flat colors with soft cel shading, big glossy eyes, rounded shapes, kawaii, consistent front 3/4 view, soft top-left lighting. Full body, centered, nothing cropped. Plain pure white background, no text, no letters, no watermark, no frame. Palette orange-red #FF6B35 and golden yellow; a flame tuft on the head, a spark at the tail. Teen form: proper arms and legs, standing confidently, holds ONE small prop related to its meaning, cheerful expression. Medium detail. The character means ""writing; culture"". Do not draw any Chinese character or text."
art/文_3.png,文,fire,3,"Cute collectible monster card character for a children's Chinese learning game. Style: clean 2D vector-like illustration, thick dark outline, flat colors with soft cel shading, big glossy eyes, rounded shapes, kawaii, consistent front 3/4 view, soft top-left lighting. Full body, centered, nothing cropped. Plain pure white background, no text, no letters, no watermark, no frame. Palette orange-red #FF6B35 and golden yellow; a flame tuft on the head, a spark at the tail. King form: taller heroic proportions, royal cape and a small crown, a glowing aura of its element behind it, proud smile. Most detailed. The character means ""writing; culture"". Do not draw any Chinese character or text."
art/见_1.png,见,sky,1,"Cute collectible monster card character for a children's Chinese learning game. Style: clean 2D vector-like illustration, thick dark outline, flat colors with soft cel shading, big glossy eyes, rounded shapes, kawaii, consistent front 3/4 view, soft top-left lighting. Full body, centered, nothing cropped. Plain pure white background, no text, no letters, no watermark, no frame. Palette sky blue #5AB6FF and cream white; tiny wings and cloud-like feet. Baby form: egg-shaped body, head is 60% of the body, stubby limbs or none, curious innocent expression. Small and simple. The character means ""see"". Do not draw any Chinese character or text."
art/见_2.png,见,sky,2,"Cute collectible monster card character for a children's Chinese learning game. Style: clean 2D vector-like illustration, thick dark outline, flat colors with soft cel shading, big glossy eyes, rounded shapes, kawaii, consistent front 3/4 view, soft top-left lighting. Full body, centered, nothing cropped. Plain pure white background, no text, no letters, no watermark, no frame. Palette sky blue #5AB6FF and cream white; tiny wings and cloud-like feet. Teen form: proper arms and legs, standing confidently, holds ONE small prop related to its meaning, cheerful expression. Medium detail. The character means ""see"". Do not draw any Chinese character or text."
art/见_3.png,见,sky,3,"Cute collectible monster card character for a children's Chinese learning game. Style: clean 2D vector-like illustration, thick dark outline, flat colors with soft cel shading, big glossy eyes, rounded shapes, kawaii, consistent front 3/4 view, soft top-left lighting. Full body, centered, nothing cropped. Plain pure white background, no text, no letters, no watermark, no frame. Palette sky blue #5AB6FF and cream white; tiny wings and cloud-like feet. King form: taller heroic proportions, royal cape and a small crown, a glowing aura of its element behind it, proud smile. Most detailed. The character means ""see"". Do not draw any Chinese character or text."
art/什_1.png,什,heart,1,"Cute collectible monster card character for a children's Chinese learning game. Style: clean 2D vector-like illustration, thick dark outline, flat colors with soft cel shading, big glossy eyes, rounded shapes, kawaii, consistent front 3/4 view, soft top-left lighting. Full body, centered, nothing cropped. Plain pure white background, no text, no letters, no watermark, no frame. Palette pink #FF7FA8 and lilac; fluffy fur, heart-shaped tail, blush cheeks. Baby form: egg-shaped body, head is 60% of the body, stubby limbs or none, curious innocent expression. Small and simple. The character means ""what"". Do not draw any Chinese character or text."
art/什_2.png,什,heart,2,"Cute collectible monster card character for a children's Chinese learning game. Style: clean 2D vector-like illustration, thick dark outline, flat colors with soft cel shading, big glossy eyes, rounded shapes, kawaii, consistent front 3/4 view, soft top-left lighting. Full body, centered, nothing cropped. Plain pure white background, no text, no letters, no watermark, no frame. Palette pink #FF7FA8 and lilac; fluffy fur, heart-shaped tail, blush cheeks. Teen form: proper arms and legs, standing confidently, holds ONE small prop related to its meaning, cheerful expression. Medium detail. The character means ""what"". Do not draw any Chinese character or text."
art/什_3.png,什,heart,3,"Cute collectible monster card character for a children's Chinese learning game. Style: clean 2D vector-like illustration, thick dark outline, flat colors with soft cel shading, big glossy eyes, rounded shapes, kawaii, consistent front 3/4 view, soft top-left lighting. Full body, centered, nothing cropped. Plain pure white background, no text, no letters, no watermark, no frame. Palette pink #FF7FA8 and lilac; fluffy fur, heart-shaped tail, blush cheeks. King form: taller heroic proportions, royal cape and a small crown, a glowing aura of its element behind it, proud smile. Most detailed. The character means ""what"". Do not draw any Chinese character or text."
art/内_1.png,内,wood,1,"Cute collectible monster card character for a children's Chinese learning game. Style: clean 2D vector-like illustration, thick dark outline, flat colors with soft cel shading, big glossy eyes, rounded shapes, kawaii, consistent front 3/4 view, soft top-left lighting. Full body, centered, nothing cropped. Plain pure white background, no text, no letters, no watermark, no frame. Palette grass green #4CC35A and warm brown; leaf-shaped ears, twig-like arms. Baby form: egg-shaped body, head is 60% of the body, stubby limbs or none, curious innocent expression. Small and simple. The character means ""inside"". Do not draw any Chinese character or text."
art/内_2.png,内,wood,2,"Cute collectible monster card character for a children's Chinese learning game. Style: clean 2D vector-like illustration, thick dark outline, flat colors with soft cel shading, big glossy eyes, rounded shapes, kawaii, consistent front 3/4 view, soft top-left lighting. Full body, centered, nothing cropped. Plain pure white background, no text, no letters, no watermark, no frame. Palette grass green #4CC35A and warm brown; leaf-shaped ears, twig-like arms. Teen form: proper arms and legs, standing confidently, holds ONE small prop related to its meaning, cheerful expression. Medium detail. The character means ""inside"". Do not draw any Chinese character or text."
art/内_3.png,内,wood,3,"Cute collectible monster card character for a children's Chinese learning game. Style: clean 2D vector-like illustration, thick dark outline, flat colors with soft cel shading, big glossy eyes, rounded shapes, kawaii, consistent front 3/4 view, soft top-left lighting. Full body, centered, nothing cropped. Plain pure white background, no text, no letters, no watermark, no frame. Palette grass green #4CC35A and warm brown; leaf-shaped ears, twig-like arms. King form: taller heroic proportions, royal cape and a small crown, a glowing aura of its element behind it, proud smile. Most detailed. The character means ""inside"". Do not draw any Chinese character or text."
art/化_1.png,化,water,1,"Cute collectible monster card character for a children's Chinese learning game. Style: clean 2D vector-like illustration, thick dark outline, flat colors with soft cel shading, big glossy eyes, rounded shapes, kawaii, consistent front 3/4 view, soft top-left lighting. Full body, centered, nothing cropped. Plain pure white background, no text, no letters, no watermark, no frame. Palette aqua blue #3FA9F5 and translucent white; water-ripple marks and a bubble. Baby form: egg-shaped body, head is 60% of the body, stubby limbs or none, curious innocent expression. Small and simple. The character means ""to make into"". Do not draw any Chinese character or text."
art/化_2.png,化,water,2,"Cute collectible monster card character for a children's Chinese learning game. Style: clean 2D vector-like illustration, thick dark outline, flat colors with soft cel shading, big glossy eyes, rounded shapes, kawaii, consistent front 3/4 view, soft top-left lighting. Full body, centered, nothing cropped. Plain pure white background, no text, no letters, no watermark, no frame. Palette aqua blue #3FA9F5 and translucent white; water-ripple marks and a bubble. Teen form: proper arms and legs, standing confidently, holds ONE small prop related to its meaning, cheerful expression. Medium detail. The character means ""to make into"". Do not draw any Chinese character or text."
art/化_3.png,化,water,3,"Cute collectible monster card character for a children's Chinese learning game. Style: clean 2D vector-like illustration, thick dark outline, flat colors with soft cel shading, big glossy eyes, rounded shapes, kawaii, consistent front 3/4 view, soft top-left lighting. Full body, centered, nothing cropped. Plain pure white background, no text, no letters, no watermark, no frame. Palette aqua blue #3FA9F5 and translucent white; water-ripple marks and a bubble. King form: taller heroic proportions, royal cape and a small crown, a glowing aura of its element behind it, proud smile. Most detailed. The character means ""to make into"". Do not draw any Chinese character or text."
art/比_1.png,比,heart,1,"Cute collectible monster card character for a children's Chinese learning game. Style: clean 2D vector-like illustration, thick dark outline, flat colors with soft cel shading, big glossy eyes, rounded shapes, kawaii, consistent front 3/4 view, soft top-left lighting. Full body, centered, nothing cropped. Plain pure white background, no text, no letters, no watermark, no frame. Palette pink #FF7FA8 and lilac; fluffy fur, heart-shaped tail, blush cheeks. Baby form: egg-shaped body, head is 60% of the body, stubby limbs or none, curious innocent expression. Small and simple. The character means ""compare"". Do not draw any Chinese character or text."
art/比_2.png,比,heart,2,"Cute collectible monster card character for a children's Chinese learning game. Style: clean 2D vector-like illustration, thick dark outline, flat colors with soft cel shading, big glossy eyes, rounded shapes, kawaii, consistent front 3/4 view, soft top-left lighting. Full body, centered, nothing cropped. Plain pure white background, no text, no letters, no watermark, no frame. Palette pink #FF7FA8 and lilac; fluffy fur, heart-shaped tail, blush cheeks. Teen form: proper arms and legs, standing confidently, holds ONE small prop related to its meaning, cheerful expression. Medium detail. The character means ""compare"". Do not draw any Chinese character or text."
art/比_3.png,比,heart,3,"Cute collectible monster card character for a children's Chinese learning game. Style: clean 2D vector-like illustration, thick dark outline, flat colors with soft cel shading, big glossy eyes, rounded shapes, kawaii, consistent front 3/4 view, soft top-left lighting. Full body, centered, nothing cropped. Plain pure white background, no text, no letters, no watermark, no frame. Palette pink #FF7FA8 and lilac; fluffy fur, heart-shaped tail, blush cheeks. King form: taller heroic proportions, royal cape and a small crown, a glowing aura of its element behind it, proud smile. Most detailed. The character means ""compare"". Do not draw any Chinese character or text."
art/认_1.png,认,heart,1,"Cute collectible monster card character for a children's Chinese learning game. Style: clean 2D vector-like illustration, thick dark outline, flat colors with soft cel shading, big glossy eyes, rounded shapes, kawaii, consistent front 3/4 view, soft top-left lighting. Full body, centered, nothing cropped. Plain pure white background, no text, no letters, no watermark, no frame. Palette pink #FF7FA8 and lilac; fluffy fur, heart-shaped tail, blush cheeks. Baby form: egg-shaped body, head is 60% of the body, stubby limbs or none, curious innocent expression. Small and simple. The character means ""recognize"". Do not draw any Chinese character or text."
art/认_2.png,认,heart,2,"Cute collectible monster card character for a children's Chinese learning game. Style: clean 2D vector-like illustration, thick dark outline, flat colors with soft cel shading, big glossy eyes, rounded shapes, kawaii, consistent front 3/4 view, soft top-left lighting. Full body, centered, nothing cropped. Plain pure white background, no text, no letters, no watermark, no frame. Palette pink #FF7FA8 and lilac; fluffy fur, heart-shaped tail, blush cheeks. Teen form: proper arms and legs, standing confidently, holds ONE small prop related to its meaning, cheerful expression. Medium detail. The character means ""recognize"". Do not draw any Chinese character or text."
art/认_3.png,认,heart,3,"Cute collectible monster card character for a children's Chinese learning game. Style: clean 2D vector-like illustration, thick dark outline, flat colors with soft cel shading, big glossy eyes, rounded shapes, kawaii, consistent front 3/4 view, soft top-left lighting. Full body, centered, nothing cropped. Plain pure white background, no text, no letters, no watermark, no frame. Palette pink #FF7FA8 and lilac; fluffy fur, heart-shaped tail, blush cheeks. King form: taller heroic proportions, royal cape and a small crown, a glowing aura of its element behind it, proud smile. Most detailed. The character means ""recognize"". Do not draw any Chinese character or text."
art/气_1.png,气,sky,1,"Cute collectible monster card character for a children's Chinese learning game. Style: clean 2D vector-like illustration, thick dark outline, flat colors with soft cel shading, big glossy eyes, rounded shapes, kawaii, consistent front 3/4 view, soft top-left lighting. Full body, centered, nothing cropped. Plain pure white background, no text, no letters, no watermark, no frame. Palette sky blue #5AB6FF and cream white; tiny wings and cloud-like feet. Baby form: egg-shaped body, head is 60% of the body, stubby limbs or none, curious innocent expression. Small and simple. The character means ""air; gas"". Do not draw any Chinese character or text."
art/气_2.png,气,sky,2,"Cute collectible monster card character for a children's Chinese learning game. Style: clean 2D vector-like illustration, thick dark outline, flat colors with soft cel shading, big glossy eyes, rounded shapes, kawaii, consistent front 3/4 view, soft top-left lighting. Full body, centered, nothing cropped. Plain pure white background, no text, no letters, no watermark, no frame. Palette sky blue #5AB6FF and cream white; tiny wings and cloud-like feet. Teen form: proper arms and legs, standing confidently, holds ONE small prop related to its meaning, cheerful expression. Medium detail. The character means ""air; gas"". Do not draw any Chinese character or text."
art/气_3.png,气,sky,3,"Cute collectible monster card character for a children's Chinese learning game. Style: clean 2D vector-like illustration, thick dark outline, flat colors with soft cel shading, big glossy eyes, rounded shapes, kawaii, consistent front 3/4 view, soft top-left lighting. Full body, centered, nothing cropped. Plain pure white background, no text, no letters, no watermark, no frame. Palette sky blue #5AB6FF and cream white; tiny wings and cloud-like feet. King form: taller heroic proportions, royal cape and a small crown, a glowing aura of its element behind it, proud smile. Most detailed. The character means ""air; gas"". Do not draw any Chinese character or text."
art/少_1.png,少,earth,1,"Cute collectible monster card character for a children's Chinese learning game. Style: clean 2D vector-like illustration, thick dark outline, flat colors with soft cel shading, big glossy eyes, rounded shapes, kawaii, consistent front 3/4 view, soft top-left lighting. Full body, centered, nothing cropped. Plain pure white background, no text, no letters, no watermark, no frame. Palette sandy ochre #C89B5E and stone grey; a rocky back shell. Baby form: egg-shaped body, head is 60% of the body, stubby limbs or none, curious innocent expression. Small and simple. The character means ""few; little"". Do not draw any Chinese character or text."
art/少_2.png,少,earth,2,"Cute collectible monster card character for a children's Chinese learning game. Style: clean 2D vector-like illustration, thick dark outline, flat colors with soft cel shading, big glossy eyes, rounded shapes, kawaii, consistent front 3/4 view, soft top-left lighting. Full body, centered, nothing cropped. Plain pure white background, no text, no letters, no watermark, no frame. Palette sandy ochre #C89B5E and stone grey; a rocky back shell. Teen form: proper arms and legs, standing confidently, holds ONE small prop related to its meaning, cheerful expression. Medium detail. The character means ""few; little"". Do not draw any Chinese character or text."
art/少_3.png,少,earth,3,"Cute collectible monster card character for a children's Chinese learning game. Style: clean 2D vector-like illustration, thick dark outline, flat colors with soft cel shading, big glossy eyes, rounded shapes, kawaii, consistent front 3/4 view, soft top-left lighting. Full body, centered, nothing cropped. Plain pure white background, no text, no letters, no watermark, no frame. Palette sandy ochre #C89B5E and stone grey; a rocky back shell. King form: taller heroic proportions, royal cape and a small crown, a glowing aura of its element behind it, proud smile. Most detailed. The character means ""few; little"". Do not draw any Chinese character or text."
art/反_1.png,反,sky,1,"Cute collectible monster card character for a children's Chinese learning game. Style: clean 2D vector-like illustration, thick dark outline, flat colors with soft cel shading, big glossy eyes, rounded shapes, kawaii, consistent front 3/4 view, soft top-left lighting. Full body, centered, nothing cropped. Plain pure white background, no text, no letters, no watermark, no frame. Palette sky blue #5AB6FF and cream white; tiny wings and cloud-like feet. Baby form: egg-shaped body, head is 60% of the body, stubby limbs or none, curious innocent expression. Small and simple. The character means ""opposite; turn over"". Do not draw any Chinese character or text."
art/反_2.png,反,sky,2,"Cute collectible monster card character for a children's Chinese learning game. Style: clean 2D vector-like illustration, thick dark outline, flat colors with soft cel shading, big glossy eyes, rounded shapes, kawaii, consistent front 3/4 view, soft top-left lighting. Full body, centered, nothing cropped. Plain pure white background, no text, no letters, no watermark, no frame. Palette sky blue #5AB6FF and cream white; tiny wings and cloud-like feet. Teen form: proper arms and legs, standing confidently, holds ONE small prop related to its meaning, cheerful expression. Medium detail. The character means ""opposite; turn over"". Do not draw any Chinese character or text."
art/反_3.png,反,sky,3,"Cute collectible monster card character for a children's Chinese learning game. Style: clean 2D vector-like illustration, thick dark outline, flat colors with soft cel shading, big glossy eyes, rounded shapes, kawaii, consistent front 3/4 view, soft top-left lighting. Full body, centered, nothing cropped. Plain pure white background, no text, no letters, no watermark, no frame. Palette sky blue #5AB6FF and cream white; tiny wings and cloud-like feet. King form: taller heroic proportions, royal cape and a small crown, a glowing aura of its element behind it, proud smile. Most detailed. The character means ""opposite; turn over"". Do not draw any Chinese character or text."
art/太_1.png,太,earth,1,"Cute collectible monster card character for a children's Chinese learning game. Style: clean 2D vector-like illustration, thick dark outline, flat colors with soft cel shading, big glossy eyes, rounded shapes, kawaii, consistent front 3/4 view, soft top-left lighting. Full body, centered, nothing cropped. Plain pure white background, no text, no letters, no watermark, no frame. Palette sandy ochre #C89B5E and stone grey; a rocky back shell. Baby form: egg-shaped body, head is 60% of the body, stubby limbs or none, curious innocent expression. Small and simple. The character means ""too; very"". Do not draw any Chinese character or text."
art/太_2.png,太,earth,2,"Cute collectible monster card character for a children's Chinese learning game. Style: clean 2D vector-like illustration, thick dark outline, flat colors with soft cel shading, big glossy eyes, rounded shapes, kawaii, consistent front 3/4 view, soft top-left lighting. Full body, centered, nothing cropped. Plain pure white background, no text, no letters, no watermark, no frame. Palette sandy ochre #C89B5E and stone grey; a rocky back shell. Teen form: proper arms and legs, standing confidently, holds ONE small prop related to its meaning, cheerful expression. Medium detail. The character means ""too; very"". Do not draw any Chinese character or text."
art/太_3.png,太,earth,3,"Cute collectible monster card character for a children's Chinese learning game. Style: clean 2D vector-like illustration, thick dark outline, flat colors with soft cel shading, big glossy eyes, rounded shapes, kawaii, consistent front 3/4 view, soft top-left lighting. Full body, centered, nothing cropped. Plain pure white background, no text, no letters, no watermark, no frame. Palette sandy ochre #C89B5E and stone grey; a rocky back shell. King form: taller heroic proportions, royal cape and a small crown, a glowing aura of its element behind it, proud smile. Most detailed. The character means ""too; very"". Do not draw any Chinese character or text."
art/计_1.png,计,heart,1,"Cute collectible monster card character for a children's Chinese learning game. Style: clean 2D vector-like illustration, thick dark outline, flat colors with soft cel shading, big glossy eyes, rounded shapes, kawaii, consistent front 3/4 view, soft top-left lighting. Full body, centered, nothing cropped. Plain pure white background, no text, no letters, no watermark, no frame. Palette pink #FF7FA8 and lilac; fluffy fur, heart-shaped tail, blush cheeks. Baby form: egg-shaped body, head is 60% of the body, stubby limbs or none, curious innocent expression. Small and simple. The character means ""count; plan"". Do not draw any Chinese character or text."
art/计_2.png,计,heart,2,"Cute collectible monster card character for a children's Chinese learning game. Style: clean 2D vector-like illustration, thick dark outline, flat colors with soft cel shading, big glossy eyes, rounded shapes, kawaii, consistent front 3/4 view, soft top-left lighting. Full body, centered, nothing cropped. Plain pure white background, no text, no letters, no watermark, no frame. Palette pink #FF7FA8 and lilac; fluffy fur, heart-shaped tail, blush cheeks. Teen form: proper arms and legs, standing confidently, holds ONE small prop related to its meaning, cheerful expression. Medium detail. The character means ""count; plan"". Do not draw any Chinese character or text."
art/计_3.png,计,heart,3,"Cute collectible monster card character for a children's Chinese learning game. Style: clean 2D vector-like illustration, thick dark outline, flat colors with soft cel shading, big glossy eyes, rounded shapes, kawaii, consistent front 3/4 view, soft top-left lighting. Full body, centered, nothing cropped. Plain pure white background, no text, no letters, no watermark, no frame. Palette pink #FF7FA8 and lilac; fluffy fur, heart-shaped tail, blush cheeks. King form: taller heroic proportions, royal cape and a small crown, a glowing aura of its element behind it, proud smile. Most detailed. The character means ""count; plan"". Do not draw any Chinese character or text."
art/区_1.png,区,water,1,"Cute collectible monster card character for a children's Chinese learning game. Style: clean 2D vector-like illustration, thick dark outline, flat colors with soft cel shading, big glossy eyes, rounded shapes, kawaii, consistent front 3/4 view, soft top-left lighting. Full body, centered, nothing cropped. Plain pure white background, no text, no letters, no watermark, no frame. Palette aqua blue #3FA9F5 and translucent white; water-ripple marks and a bubble. Baby form: egg-shaped body, head is 60% of the body, stubby limbs or none, curious innocent expression. Small and simple. The character means ""area"". Do not draw any Chinese character or text."
art/区_2.png,区,water,2,"Cute collectible monster card character for a children's Chinese learning game. Style: clean 2D vector-like illustration, thick dark outline, flat colors with soft cel shading, big glossy eyes, rounded shapes, kawaii, consistent front 3/4 view, soft top-left lighting. Full body, centered, nothing cropped. Plain pure white background, no text, no letters, no watermark, no frame. Palette aqua blue #3FA9F5 and translucent white; water-ripple marks and a bubble. Teen form: proper arms and legs, standing confidently, holds ONE small prop related to its meaning, cheerful expression. Medium detail. The character means ""area"". Do not draw any Chinese character or text."
art/区_3.png,区,water,3,"Cute collectible monster card character for a children's Chinese learning game. Style: clean 2D vector-like illustration, thick dark outline, flat colors with soft cel shading, big glossy eyes, rounded shapes, kawaii, consistent front 3/4 view, soft top-left lighting. Full body, centered, nothing cropped. Plain pure white background, no text, no letters, no watermark, no frame. Palette aqua blue #3FA9F5 and translucent white; water-ripple marks and a bubble. King form: taller heroic proportions, royal cape and a small crown, a glowing aura of its element behind it, proud smile. Most detailed. The character means ""area"". Do not draw any Chinese character or text."
art/队_1.png,队,wood,1,"Cute collectible monster card character for a children's Chinese learning game. Style: clean 2D vector-like illustration, thick dark outline, flat colors with soft cel shading, big glossy eyes, rounded shapes, kawaii, consistent front 3/4 view, soft top-left lighting. Full body, centered, nothing cropped. Plain pure white background, no text, no letters, no watermark, no frame. Palette grass green #4CC35A and warm brown; leaf-shaped ears, twig-like arms. Baby form: egg-shaped body, head is 60% of the body, stubby limbs or none, curious innocent expression. Small and simple. The character means ""team"". Do not draw any Chinese character or text."
art/队_2.png,队,wood,2,"Cute collectible monster card character for a children's Chinese learning game. Style: clean 2D vector-like illustration, thick dark outline, flat colors with soft cel shading, big glossy eyes, rounded shapes, kawaii, consistent front 3/4 view, soft top-left lighting. Full body, centered, nothing cropped. Plain pure white background, no text, no letters, no watermark, no frame. Palette grass green #4CC35A and warm brown; leaf-shaped ears, twig-like arms. Teen form: proper arms and legs, standing confidently, holds ONE small prop related to its meaning, cheerful expression. Medium detail. The character means ""team"". Do not draw any Chinese character or text."
art/队_3.png,队,wood,3,"Cute collectible monster card character for a children's Chinese learning game. Style: clean 2D vector-like illustration, thick dark outline, flat colors with soft cel shading, big glossy eyes, rounded shapes, kawaii, consistent front 3/4 view, soft top-left lighting. Full body, centered, nothing cropped. Plain pure white background, no text, no letters, no watermark, no frame. Palette grass green #4CC35A and warm brown; leaf-shaped ears, twig-like arms. King form: taller heroic proportions, royal cape and a small crown, a glowing aura of its element behind it, proud smile. Most detailed. The character means ""team"". Do not draw any Chinese character or text."
art/五_1.png,五,heart,1,"Cute collectible monster card character for a children's Chinese learning game. Style: clean 2D vector-like illustration, thick dark outline, flat colors with soft cel shading, big glossy eyes, rounded shapes, kawaii, consistent front 3/4 view, soft top-left lighting. Full body, centered, nothing cropped. Plain pure white background, no text, no letters, no watermark, no frame. Palette pink #FF7FA8 and lilac; fluffy fur, heart-shaped tail, blush cheeks. Baby form: egg-shaped body, head is 60% of the body, stubby limbs or none, curious innocent expression. Small and simple. The character means ""five"". Do not draw any Chinese character or text."
art/五_2.png,五,heart,2,"Cute collectible monster card character for a children's Chinese learning game. Style: clean 2D vector-like illustration, thick dark outline, flat colors with soft cel shading, big glossy eyes, rounded shapes, kawaii, consistent front 3/4 view, soft top-left lighting. Full body, centered, nothing cropped. Plain pure white background, no text, no letters, no watermark, no frame. Palette pink #FF7FA8 and lilac; fluffy fur, heart-shaped tail, blush cheeks. Teen form: proper arms and legs, standing confidently, holds ONE small prop related to its meaning, cheerful expression. Medium detail. The character means ""five"". Do not draw any Chinese character or text."
art/五_3.png,五,heart,3,"Cute collectible monster card character for a children's Chinese learning game. Style: clean 2D vector-like illustration, thick dark outline, flat colors with soft cel shading, big glossy eyes, rounded shapes, kawaii, consistent front 3/4 view, soft top-left lighting. Full body, centered, nothing cropped. Plain pure white background, no text, no letters, no watermark, no frame. Palette pink #FF7FA8 and lilac; fluffy fur, heart-shaped tail, blush cheeks. King form: taller heroic proportions, royal cape and a small crown, a glowing aura of its element behind it, proud smile. Most detailed. The character means ""five"". Do not draw any Chinese character or text."
art/书_1.png,书,wood,1,"Cute collectible monster card character for a children's Chinese learning game. Style: clean 2D vector-like illustration, thick dark outline, flat colors with soft cel shading, big glossy eyes, rounded shapes, kawaii, consistent front 3/4 view, soft top-left lighting. Full body, centered, nothing cropped. Plain pure white background, no text, no letters, no watermark, no frame. Palette grass green #4CC35A and warm brown; leaf-shaped ears, twig-like arms. Baby form: egg-shaped body, head is 60% of the body, stubby limbs or none, curious innocent expression. Small and simple. The character means ""book"". Do not draw any Chinese character or text."
art/书_2.png,书,wood,2,"Cute collectible monster card character for a children's Chinese learning game. Style: clean 2D vector-like illustration, thick dark outline, flat colors with soft cel shading, big glossy eyes, rounded shapes, kawaii, consistent front 3/4 view, soft top-left lighting. Full body, centered, nothing cropped. Plain pure white background, no text, no letters, no watermark, no frame. Palette grass green #4CC35A and warm brown; leaf-shaped ears, twig-like arms. Teen form: proper arms and legs, standing confidently, holds ONE small prop related to its meaning, cheerful expression. Medium detail. The character means ""book"". Do not draw any Chinese character or text."
art/书_3.png,书,wood,3,"Cute collectible monster card character for a children's Chinese learning game. Style: clean 2D vector-like illustration, thick dark outline, flat colors with soft cel shading, big glossy eyes, rounded shapes, kawaii, consistent front 3/4 view, soft top-left lighting. Full body, centered, nothing cropped. Plain pure white background, no text, no letters, no watermark, no frame. Palette grass green #4CC35A and warm brown; leaf-shaped ears, twig-like arms. King form: taller heroic proportions, royal cape and a small crown, a glowing aura of its element behind it, proud smile. Most detailed. The character means ""book"". Do not draw any Chinese character or text."
art/王_1.png,王,earth,1,"Cute collectible monster card character for a children's Chinese learning game. Style: clean 2D vector-like illustration, thick dark outline, flat colors with soft cel shading, big glossy eyes, rounded shapes, kawaii, consistent front 3/4 view, soft top-left lighting. Full body, centered, nothing cropped. Plain pure white background, no text, no letters, no watermark, no frame. Palette sandy ochre #C89B5E and stone grey; a rocky back shell. Baby form: egg-shaped body, head is 60% of the body, stubby limbs or none, curious innocent expression. Small and simple. The character means ""king"". Do not draw any Chinese character or text."
art/王_2.png,王,earth,2,"Cute collectible monster card character for a children's Chinese learning game. Style: clean 2D vector-like illustration, thick dark outline, flat colors with soft cel shading, big glossy eyes, rounded shapes, kawaii, consistent front 3/4 view, soft top-left lighting. Full body, centered, nothing cropped. Plain pure white background, no text, no letters, no watermark, no frame. Palette sandy ochre #C89B5E and stone grey; a rocky back shell. Teen form: proper arms and legs, standing confidently, holds ONE small prop related to its meaning, cheerful expression. Medium detail. The character means ""king"". Do not draw any Chinese character or text."
art/王_3.png,王,earth,3,"Cute collectible monster card character for a children's Chinese learning game. Style: clean 2D vector-like illustration, thick dark outline, flat colors with soft cel shading, big glossy eyes, rounded shapes, kawaii, consistent front 3/4 view, soft top-left lighting. Full body, centered, nothing cropped. Plain pure white background, no text, no letters, no watermark, no frame. Palette sandy ochre #C89B5E and stone grey; a rocky back shell. King form: taller heroic proportions, royal cape and a small crown, a glowing aura of its element behind it, proud smile. Most detailed. The character means ""king"". Do not draw any Chinese character or text."
art/他_1.png,他,heart,1,"Cute collectible monster card character for a children's Chinese learning game. Style: clean 2D vector-like illustration, thick dark outline, flat colors with soft cel shading, big glossy eyes, rounded shapes, kawaii, consistent front 3/4 view, soft top-left lighting. Full body, centered, nothing cropped. Plain pure white background, no text, no letters, no watermark, no frame. Palette pink #FF7FA8 and lilac; fluffy fur, heart-shaped tail, blush cheeks. Baby form: egg-shaped body, head is 60% of the body, stubby limbs or none, curious innocent expression. Small and simple. The character means ""he"". Do not draw any Chinese character or text."
art/他_2.png,他,heart,2,"Cute collectible monster card character for a children's Chinese learning game. Style: clean 2D vector-like illustration, thick dark outline, flat colors with soft cel shading, big glossy eyes, rounded shapes, kawaii, consistent front 3/4 view, soft top-left lighting. Full body, centered, nothing cropped. Plain pure white background, no text, no letters, no watermark, no frame. Palette pink #FF7FA8 and lilac; fluffy fur, heart-shaped tail, blush cheeks. Teen form: proper arms and legs, standing confidently, holds ONE small prop related to its meaning, cheerful expression. Medium detail. The character means ""he"". Do not draw any Chinese character or text."
art/他_3.png,他,heart,3,"Cute collectible monster card character for a children's Chinese learning game. Style: clean 2D vector-like illustration, thick dark outline, flat colors with soft cel shading, big glossy eyes, rounded shapes, kawaii, consistent front 3/4 view, soft top-left lighting. Full body, centered, nothing cropped. Plain pure white background, no text, no letters, no watermark, no frame. Palette pink #FF7FA8 and lilac; fluffy fur, heart-shaped tail, blush cheeks. King form: taller heroic proportions, royal cape and a small crown, a glowing aura of its element behind it, proud smile. Most detailed. The character means ""he"". Do not draw any Chinese character or text."
art/们_1.png,们,heart,1,"Cute collectible monster card character for a children's Chinese learning game. Style: clean 2D vector-like illustration, thick dark outline, flat colors with soft cel shading, big glossy eyes, rounded shapes, kawaii, consistent front 3/4 view, soft top-left lighting. Full body, centered, nothing cropped. Plain pure white background, no text, no letters, no watermark, no frame. Palette pink #FF7FA8 and lilac; fluffy fur, heart-shaped tail, blush cheeks. Baby form: egg-shaped body, head is 60% of the body, stubby limbs or none, curious innocent expression. Small and simple. The character means ""(plural)"". Do not draw any Chinese character or text."
art/们_2.png,们,heart,2,"Cute collectible monster card character for a children's Chinese learning game. Style: clean 2D vector-like illustration, thick dark outline, flat colors with soft cel shading, big glossy eyes, rounded shapes, kawaii, consistent front 3/4 view, soft top-left lighting. Full body, centered, nothing cropped. Plain pure white background, no text, no letters, no watermark, no frame. Palette pink #FF7FA8 and lilac; fluffy fur, heart-shaped tail, blush cheeks. Teen form: proper arms and legs, standing confidently, holds ONE small prop related to its meaning, cheerful expression. Medium detail. The character means ""(plural)"". Do not draw any Chinese character or text."
art/们_3.png,们,heart,3,"Cute collectible monster card character for a children's Chinese learning game. Style: clean 2D vector-like illustration, thick dark outline, flat colors with soft cel shading, big glossy eyes, rounded shapes, kawaii, consistent front 3/4 view, soft top-left lighting. Full body, centered, nothing cropped. Plain pure white background, no text, no letters, no watermark, no frame. Palette pink #FF7FA8 and lilac; fluffy fur, heart-shaped tail, blush cheeks. King form: taller heroic proportions, royal cape and a small crown, a glowing aura of its element behind it, proud smile. Most detailed. The character means ""(plural)"". Do not draw any Chinese character or text."
art/出_1.png,出,heart,1,"Cute collectible monster card character for a children's Chinese learning game. Style: clean 2D vector-like illustration, thick dark outline, flat colors with soft cel shading, big glossy eyes, rounded shapes, kawaii, consistent front 3/4 view, soft top-left lighting. Full body, centered, nothing cropped. Plain pure white background, no text, no letters, no watermark, no frame. Palette pink #FF7FA8 and lilac; fluffy fur, heart-shaped tail, blush cheeks. Baby form: egg-shaped body, head is 60% of the body, stubby limbs or none, curious innocent expression. Small and simple. The character means ""go out"". Do not draw any Chinese character or text."
art/出_2.png,出,heart,2,"Cute collectible monster card character for a children's Chinese learning game. Style: clean 2D vector-like illustration, thick dark outline, flat colors with soft cel shading, big glossy eyes, rounded shapes, kawaii, consistent front 3/4 view, soft top-left lighting. Full body, centered, nothing cropped. Plain pure white background, no text, no letters, no watermark, no frame. Palette pink #FF7FA8 and lilac; fluffy fur, heart-shaped tail, blush cheeks. Teen form: proper arms and legs, standing confidently, holds ONE small prop related to its meaning, cheerful expression. Medium detail. The character means ""go out"". Do not draw any Chinese character or text."
art/出_3.png,出,heart,3,"Cute collectible monster card character for a children's Chinese learning game. Style: clean 2D vector-like illustration, thick dark outline, flat colors with soft cel shading, big glossy eyes, rounded shapes, kawaii, consistent front 3/4 view, soft top-left lighting. Full body, centered, nothing cropped. Plain pure white background, no text, no letters, no watermark, no frame. Palette pink #FF7FA8 and lilac; fluffy fur, heart-shaped tail, blush cheeks. King form: taller heroic proportions, royal cape and a small crown, a glowing aura of its element behind it, proud smile. Most detailed. The character means ""go out"". Do not draw any Chinese character or text."
art/可_1.png,可,heart,1,"Cute collectible monster card character for a children's Chinese learning game. Style: clean 2D vector-like illustration, thick dark outline, flat colors with soft cel shading, big glossy eyes, rounded shapes, kawaii, consistent front 3/4 view, soft top-left lighting. Full body, centered, nothing cropped. Plain pure white background, no text, no letters, no watermark, no frame. Palette pink #FF7FA8 and lilac; fluffy fur, heart-shaped tail, blush cheeks. Baby form: egg-shaped body, head is 60% of the body, stubby limbs or none, curious innocent expression. Small and simple. The character means ""can; may"". Do not draw any Chinese character or text."
art/可_2.png,可,heart,2,"Cute collectible monster card character for a children's Chinese learning game. Style: clean 2D vector-like illustration, thick dark outline, flat colors with soft cel shading, big glossy eyes, rounded shapes, kawaii, consistent front 3/4 view, soft top-left lighting. Full body, centered, nothing cropped. Plain pure white background, no text, no letters, no watermark, no frame. Palette pink #FF7FA8 and lilac; fluffy fur, heart-shaped tail, blush cheeks. Teen form: proper arms and legs, standing confidently, holds ONE small prop related to its meaning, cheerful expression. Medium detail. The character means ""can; may"". Do not draw any Chinese character or text."
art/可_3.png,可,heart,3,"Cute collectible monster card character for a children's Chinese learning game. Style: clean 2D vector-like illustration, thick dark outline, flat colors with soft cel shading, big glossy eyes, rounded shapes, kawaii, consistent front 3/4 view, soft top-left lighting. Full body, centered, nothing cropped. Plain pure white background, no text, no letters, no watermark, no frame. Palette pink #FF7FA8 and lilac; fluffy fur, heart-shaped tail, blush cheeks. King form: taller heroic proportions, royal cape and a small crown, a glowing aura of its element behind it, proud smile. Most detailed. The character means ""can; may"". Do not draw any Chinese character or text."
art/对_1.png,对,wood,1,"Cute collectible monster card character for a children's Chinese learning game. Style: clean 2D vector-like illustration, thick dark outline, flat colors with soft cel shading, big glossy eyes, rounded shapes, kawaii, consistent front 3/4 view, soft top-left lighting. Full body, centered, nothing cropped. Plain pure white background, no text, no letters, no watermark, no frame. Palette grass green #4CC35A and warm brown; leaf-shaped ears, twig-like arms. Baby form: egg-shaped body, head is 60% of the body, stubby limbs or none, curious innocent expression. Small and simple. The character means ""correct; towards"". Do not draw any Chinese character or text."
art/对_2.png,对,wood,2,"Cute collectible monster card character for a children's Chinese learning game. Style: clean 2D vector-like illustration, thick dark outline, flat colors with soft cel shading, big glossy eyes, rounded shapes, kawaii, consistent front 3/4 view, soft top-left lighting. Full body, centered, nothing cropped. Plain pure white background, no text, no letters, no watermark, no frame. Palette grass green #4CC35A and warm brown; leaf-shaped ears, twig-like arms. Teen form: proper arms and legs, standing confidently, holds ONE small prop related to its meaning, cheerful expression. Medium detail. The character means ""correct; towards"". Do not draw any Chinese character or text."
art/对_3.png,对,wood,3,"Cute collectible monster card character for a children's Chinese learning game. Style: clean 2D vector-like illustration, thick dark outline, flat colors with soft cel shading, big glossy eyes, rounded shapes, kawaii, consistent front 3/4 view, soft top-left lighting. Full body, centered, nothing cropped. Plain pure white background, no text, no letters, no watermark, no frame. Palette grass green #4CC35A and warm brown; leaf-shaped ears, twig-like arms. King form: taller heroic proportions, royal cape and a small crown, a glowing aura of its element behind it, proud smile. Most detailed. The character means ""correct; towards"". Do not draw any Chinese character or text."
art/生_1.png,生,wood,1,"Cute collectible monster card character for a children's Chinese learning game. Style: clean 2D vector-like illustration, thick dark outline, flat colors with soft cel shading, big glossy eyes, rounded shapes, kawaii, consistent front 3/4 view, soft top-left lighting. Full body, centered, nothing cropped. Plain pure white background, no text, no letters, no watermark, no frame. Palette grass green #4CC35A and warm brown; leaf-shaped ears, twig-like arms. Baby form: egg-shaped body, head is 60% of the body, stubby limbs or none, curious innocent expression. Small and simple. The character means ""born; life"". Do not draw any Chinese character or text."
art/生_2.png,生,wood,2,"Cute collectible monster card character for a children's Chinese learning game. Style: clean 2D vector-like illustration, thick dark outline, flat colors with soft cel shading, big glossy eyes, rounded shapes, kawaii, consistent front 3/4 view, soft top-left lighting. Full body, centered, nothing cropped. Plain pure white background, no text, no letters, no watermark, no frame. Palette grass green #4CC35A and warm brown; leaf-shaped ears, twig-like arms. Teen form: proper arms and legs, standing confidently, holds ONE small prop related to its meaning, cheerful expression. Medium detail. The character means ""born; life"". Do not draw any Chinese character or text."
art/生_3.png,生,wood,3,"Cute collectible monster card character for a children's Chinese learning game. Style: clean 2D vector-like illustration, thick dark outline, flat colors with soft cel shading, big glossy eyes, rounded shapes, kawaii, consistent front 3/4 view, soft top-left lighting. Full body, centered, nothing cropped. Plain pure white background, no text, no letters, no watermark, no frame. Palette grass green #4CC35A and warm brown; leaf-shaped ears, twig-like arms. King form: taller heroic proportions, royal cape and a small crown, a glowing aura of its element behind it, proud smile. Most detailed. The character means ""born; life"". Do not draw any Chinese character or text."
art/发_1.png,发,wood,1,"Cute collectible monster card character for a children's Chinese learning game. Style: clean 2D vector-like illustration, thick dark outline, flat colors with soft cel shading, big glossy eyes, rounded shapes, kawaii, consistent front 3/4 view, soft top-left lighting. Full body, centered, nothing cropped. Plain pure white background, no text, no letters, no watermark, no frame. Palette grass green #4CC35A and warm brown; leaf-shaped ears, twig-like arms. Baby form: egg-shaped body, head is 60% of the body, stubby limbs or none, curious innocent expression. Small and simple. The character means ""hair; send"". Do not draw any Chinese character or text."
art/发_2.png,发,wood,2,"Cute collectible monster card character for a children's Chinese learning game. Style: clean 2D vector-like illustration, thick dark outline, flat colors with soft cel shading, big glossy eyes, rounded shapes, kawaii, consistent front 3/4 view, soft top-left lighting. Full body, centered, nothing cropped. Plain pure white background, no text, no letters, no watermark, no frame. Palette grass green #4CC35A and warm brown; leaf-shaped ears, twig-like arms. Teen form: proper arms and legs, standing confidently, holds ONE small prop related to its meaning, cheerful expression. Medium detail. The character means ""hair; send"". Do not draw any Chinese character or text."
art/发_3.png,发,wood,3,"Cute collectible monster card character for a children's Chinese learning game. Style: clean 2D vector-like illustration, thick dark outline, flat colors with soft cel shading, big glossy eyes, rounded shapes, kawaii, consistent front 3/4 view, soft top-left lighting. Full body, centered, nothing cropped. Plain pure white background, no text, no letters, no watermark, no frame. Palette grass green #4CC35A and warm brown; leaf-shaped ears, twig-like arms. King form: taller heroic proportions, royal cape and a small crown, a glowing aura of its element behind it, proud smile. Most detailed. The character means ""hair; send"". Do not draw any Chinese character or text."
art/用_1.png,用,heart,1,"Cute collectible monster card character for a children's Chinese learning game. Style: clean 2D vector-like illustration, thick dark outline, flat colors with soft cel shading, big glossy eyes, rounded shapes, kawaii, consistent front 3/4 view, soft top-left lighting. Full body, centered, nothing cropped. Plain pure white background, no text, no letters, no watermark, no frame. Palette pink #FF7FA8 and lilac; fluffy fur, heart-shaped tail, blush cheeks. Baby form: egg-shaped body, head is 60% of the body, stubby limbs or none, curious innocent expression. Small and simple. The character means ""use"". Do not draw any Chinese character or text."
art/用_2.png,用,heart,2,"Cute collectible monster card character for a children's Chinese learning game. Style: clean 2D vector-like illustration, thick dark outline, flat colors with soft cel shading, big glossy eyes, rounded shapes, kawaii, consistent front 3/4 view, soft top-left lighting. Full body, centered, nothing cropped. Plain pure white background, no text, no letters, no watermark, no frame. Palette pink #FF7FA8 and lilac; fluffy fur, heart-shaped tail, blush cheeks. Teen form: proper arms and legs, standing confidently, holds ONE small prop related to its meaning, cheerful expression. Medium detail. The character means ""use"". Do not draw any Chinese character or text."
art/用_3.png,用,heart,3,"Cute collectible monster card character for a children's Chinese learning game. Style: clean 2D vector-like illustration, thick dark outline, flat colors with soft cel shading, big glossy eyes, rounded shapes, kawaii, consistent front 3/4 view, soft top-left lighting. Full body, centered, nothing cropped. Plain pure white background, no text, no letters, no watermark, no frame. Palette pink #FF7FA8 and lilac; fluffy fur, heart-shaped tail, blush cheeks. King form: taller heroic proportions, royal cape and a small crown, a glowing aura of its element behind it, proud smile. Most detailed. The character means ""use"". Do not draw any Chinese character or text."
art/去_1.png,去,water,1,"Cute collectible monster card character for a children's Chinese learning game. Style: clean 2D vector-like illustration, thick dark outline, flat colors with soft cel shading, big glossy eyes, rounded shapes, kawaii, consistent front 3/4 view, soft top-left lighting. Full body, centered, nothing cropped. Plain pure white background, no text, no letters, no watermark, no frame. Palette aqua blue #3FA9F5 and translucent white; water-ripple marks and a bubble. Baby form: egg-shaped body, head is 60% of the body, stubby limbs or none, curious innocent expression. Small and simple. The character means ""go"". Do not draw any Chinese character or text."
art/去_2.png,去,water,2,"Cute collectible monster card character for a children's Chinese learning game. Style: clean 2D vector-like illustration, thick dark outline, flat colors with soft cel shading, big glossy eyes, rounded shapes, kawaii, consistent front 3/4 view, soft top-left lighting. Full body, centered, nothing cropped. Plain pure white background, no text, no letters, no watermark, no frame. Palette aqua blue #3FA9F5 and translucent white; water-ripple marks and a bubble. Teen form: proper arms and legs, standing confidently, holds ONE small prop related to its meaning, cheerful expression. Medium detail. The character means ""go"". Do not draw any Chinese character or text."
art/去_3.png,去,water,3,"Cute collectible monster card character for a children's Chinese learning game. Style: clean 2D vector-like illustration, thick dark outline, flat colors with soft cel shading, big glossy eyes, rounded shapes, kawaii, consistent front 3/4 view, soft top-left lighting. Full body, centered, nothing cropped. Plain pure white background, no text, no letters, no watermark, no frame. Palette aqua blue #3FA9F5 and translucent white; water-ripple marks and a bubble. King form: taller heroic proportions, royal cape and a small crown, a glowing aura of its element behind it, proud smile. Most detailed. The character means ""go"". Do not draw any Chinese character or text."
art/主_1.png,主,fire,1,"Cute collectible monster card character for a children's Chinese learning game. Style: clean 2D vector-like illustration, thick dark outline, flat colors with soft cel shading, big glossy eyes, rounded shapes, kawaii, consistent front 3/4 view, soft top-left lighting. Full body, centered, nothing cropped. Plain pure white background, no text, no letters, no watermark, no frame. Palette orange-red #FF6B35 and golden yellow; a flame tuft on the head, a spark at the tail. Baby form: egg-shaped body, head is 60% of the body, stubby limbs or none, curious innocent expression. Small and simple. The character means ""main; owner"". Do not draw any Chinese character or text."
art/主_2.png,主,fire,2,"Cute collectible monster card character for a children's Chinese learning game. Style: clean 2D vector-like illustration, thick dark outline, flat colors with soft cel shading, big glossy eyes, rounded shapes, kawaii, consistent front 3/4 view, soft top-left lighting. Full body, centered, nothing cropped. Plain pure white background, no text, no letters, no watermark, no frame. Palette orange-red #FF6B35 and golden yellow; a flame tuft on the head, a spark at the tail. Teen form: proper arms and legs, standing confidently, holds ONE small prop related to its meaning, cheerful expression. Medium detail. The character means ""main; owner"". Do not draw any Chinese character or text."
art/主_3.png,主,fire,3,"Cute collectible monster card character for a children's Chinese learning game. Style: clean 2D vector-like illustration, thick dark outline, flat colors with soft cel shading, big glossy eyes, rounded shapes, kawaii, consistent front 3/4 view, soft top-left lighting. Full body, centered, nothing cropped. Plain pure white background, no text, no letters, no watermark, no frame. Palette orange-red #FF6B35 and golden yellow; a flame tuft on the head, a spark at the tail. King form: taller heroic proportions, royal cape and a small crown, a glowing aura of its element behind it, proud smile. Most detailed. The character means ""main; owner"". Do not draw any Chinese character or text."
art/本_1.png,本,wood,1,"Cute collectible monster card character for a children's Chinese learning game. Style: clean 2D vector-like illustration, thick dark outline, flat colors with soft cel shading, big glossy eyes, rounded shapes, kawaii, consistent front 3/4 view, soft top-left lighting. Full body, centered, nothing cropped. Plain pure white background, no text, no letters, no watermark, no frame. Palette grass green #4CC35A and warm brown; leaf-shaped ears, twig-like arms. Baby form: egg-shaped body, head is 60% of the body, stubby limbs or none, curious innocent expression. Small and simple. The character means ""root; book"". Do not draw any Chinese character or text."
art/本_2.png,本,wood,2,"Cute collectible monster card character for a children's Chinese learning game. Style: clean 2D vector-like illustration, thick dark outline, flat colors with soft cel shading, big glossy eyes, rounded shapes, kawaii, consistent front 3/4 view, soft top-left lighting. Full body, centered, nothing cropped. Plain pure white background, no text, no letters, no watermark, no frame. Palette grass green #4CC35A and warm brown; leaf-shaped ears, twig-like arms. Teen form: proper arms and legs, standing confidently, holds ONE small prop related to its meaning, cheerful expression. Medium detail. The character means ""root; book"". Do not draw any Chinese character or text."
art/本_3.png,本,wood,3,"Cute collectible monster card character for a children's Chinese learning game. Style: clean 2D vector-like illustration, thick dark outline, flat colors with soft cel shading, big glossy eyes, rounded shapes, kawaii, consistent front 3/4 view, soft top-left lighting. Full body, centered, nothing cropped. Plain pure white background, no text, no letters, no watermark, no frame. Palette grass green #4CC35A and warm brown; leaf-shaped ears, twig-like arms. King form: taller heroic proportions, royal cape and a small crown, a glowing aura of its element behind it, proud smile. Most detailed. The character means ""root; book"". Do not draw any Chinese character or text."
art/只_1.png,只,heart,1,"Cute collectible monster card character for a children's Chinese learning game. Style: clean 2D vector-like illustration, thick dark outline, flat colors with soft cel shading, big glossy eyes, rounded shapes, kawaii, consistent front 3/4 view, soft top-left lighting. Full body, centered, nothing cropped. Plain pure white background, no text, no letters, no watermark, no frame. Palette pink #FF7FA8 and lilac; fluffy fur, heart-shaped tail, blush cheeks. Baby form: egg-shaped body, head is 60% of the body, stubby limbs or none, curious innocent expression. Small and simple. The character means ""only"". Do not draw any Chinese character or text."
art/只_2.png,只,heart,2,"Cute collectible monster card character for a children's Chinese learning game. Style: clean 2D vector-like illustration, thick dark outline, flat colors with soft cel shading, big glossy eyes, rounded shapes, kawaii, consistent front 3/4 view, soft top-left lighting. Full body, centered, nothing cropped. Plain pure white background, no text, no letters, no watermark, no frame. Palette pink #FF7FA8 and lilac; fluffy fur, heart-shaped tail, blush cheeks. Teen form: proper arms and legs, standing confidently, holds ONE small prop related to its meaning, cheerful expression. Medium detail. The character means ""only"". Do not draw any Chinese character or text."
art/只_3.png,只,heart,3,"Cute collectible monster card character for a children's Chinese learning game. Style: clean 2D vector-like illustration, thick dark outline, flat colors with soft cel shading, big glossy eyes, rounded shapes, kawaii, consistent front 3/4 view, soft top-left lighting. Full body, centered, nothing cropped. Plain pure white background, no text, no letters, no watermark, no frame. Palette pink #FF7FA8 and lilac; fluffy fur, heart-shaped tail, blush cheeks. King form: taller heroic proportions, royal cape and a small crown, a glowing aura of its element behind it, proud smile. Most detailed. The character means ""only"". Do not draw any Chinese character or text."
art/它_1.png,它,sky,1,"Cute collectible monster card character for a children's Chinese learning game. Style: clean 2D vector-like illustration, thick dark outline, flat colors with soft cel shading, big glossy eyes, rounded shapes, kawaii, consistent front 3/4 view, soft top-left lighting. Full body, centered, nothing cropped. Plain pure white background, no text, no letters, no watermark, no frame. Palette sky blue #5AB6FF and cream white; tiny wings and cloud-like feet. Baby form: egg-shaped body, head is 60% of the body, stubby limbs or none, curious innocent expression. Small and simple. The character means ""it"". Do not draw any Chinese character or text."
art/它_2.png,它,sky,2,"Cute collectible monster card character for a children's Chinese learning game. Style: clean 2D vector-like illustration, thick dark outline, flat colors with soft cel shading, big glossy eyes, rounded shapes, kawaii, consistent front 3/4 view, soft top-left lighting. Full body, centered, nothing cropped. Plain pure white background, no text, no letters, no watermark, no frame. Palette sky blue #5AB6FF and cream white; tiny wings and cloud-like feet. Teen form: proper arms and legs, standing confidently, holds ONE small prop related to its meaning, cheerful expression. Medium detail. The character means ""it"". Do not draw any Chinese character or text."
art/它_3.png,它,sky,3,"Cute collectible monster card character for a children's Chinese learning game. Style: clean 2D vector-like illustration, thick dark outline, flat colors with soft cel shading, big glossy eyes, rounded shapes, kawaii, consistent front 3/4 view, soft top-left lighting. Full body, centered, nothing cropped. Plain pure white background, no text, no letters, no watermark, no frame. Palette sky blue #5AB6FF and cream white; tiny wings and cloud-like feet. King form: taller heroic proportions, royal cape and a small crown, a glowing aura of its element behind it, proud smile. Most detailed. The character means ""it"". Do not draw any Chinese character or text."
art/民_1.png,民,fire,1,"Cute collectible monster card character for a children's Chinese learning game. Style: clean 2D vector-like illustration, thick dark outline, flat colors with soft cel shading, big glossy eyes, rounded shapes, kawaii, consistent front 3/4 view, soft top-left lighting. Full body, centered, nothing cropped. Plain pure white background, no text, no letters, no watermark, no frame. Palette orange-red #FF6B35 and golden yellow; a flame tuft on the head, a spark at the tail. Baby form: egg-shaped body, head is 60% of the body, stubby limbs or none, curious innocent expression. Small and simple. The character means ""people"". Do not draw any Chinese character or text."
art/民_2.png,民,fire,2,"Cute collectible monster card character for a children's Chinese learning game. Style: clean 2D vector-like illustration, thick dark outline, flat colors with soft cel shading, big glossy eyes, rounded shapes, kawaii, consistent front 3/4 view, soft top-left lighting. Full body, centered, nothing cropped. Plain pure white background, no text, no letters, no watermark, no frame. Palette orange-red #FF6B35 and golden yellow; a flame tuft on the head, a spark at the tail. Teen form: proper arms and legs, standing confidently, holds ONE small prop related to its meaning, cheerful expression. Medium detail. The character means ""people"". Do not draw any Chinese character or text."
art/民_3.png,民,fire,3,"Cute collectible monster card character for a children's Chinese learning game. Style: clean 2D vector-like illustration, thick dark outline, flat colors with soft cel shading, big glossy eyes, rounded shapes, kawaii, consistent front 3/4 view, soft top-left lighting. Full body, centered, nothing cropped. Plain pure white background, no text, no letters, no watermark, no frame. Palette orange-red #FF6B35 and golden yellow; a flame tuft on the head, a spark at the tail. King form: taller heroic proportions, royal cape and a small crown, a glowing aura of its element behind it, proud smile. Most detailed. The character means ""people"". Do not draw any Chinese character or text."
art/正_1.png,正,fire,1,"Cute collectible monster card character for a children's Chinese learning game. Style: clean 2D vector-like illustration, thick dark outline, flat colors with soft cel shading, big glossy eyes, rounded shapes, kawaii, consistent front 3/4 view, soft top-left lighting. Full body, centered, nothing cropped. Plain pure white background, no text, no letters, no watermark, no frame. Palette orange-red #FF6B35 and golden yellow; a flame tuft on the head, a spark at the tail. Baby form: egg-shaped body, head is 60% of the body, stubby limbs or none, curious innocent expression. Small and simple. The character means ""correct; just"". Do not draw any Chinese character or text."
art/正_2.png,正,fire,2,"Cute collectible monster card character for a children's Chinese learning game. Style: clean 2D vector-like illustration, thick dark outline, flat colors with soft cel shading, big glossy eyes, rounded shapes, kawaii, consistent front 3/4 view, soft top-left lighting. Full body, centered, nothing cropped. Plain pure white background, no text, no letters, no watermark, no frame. Palette orange-red #FF6B35 and golden yellow; a flame tuft on the head, a spark at the tail. Teen form: proper arms and legs, standing confidently, holds ONE small prop related to its meaning, cheerful expression. Medium detail. The character means ""correct; just"". Do not draw any Chinese character or text."
art/正_3.png,正,fire,3,"Cute collectible monster card character for a children's Chinese learning game. Style: clean 2D vector-like illustration, thick dark outline, flat colors with soft cel shading, big glossy eyes, rounded shapes, kawaii, consistent front 3/4 view, soft top-left lighting. Full body, centered, nothing cropped. Plain pure white background, no text, no letters, no watermark, no frame. Palette orange-red #FF6B35 and golden yellow; a flame tuft on the head, a spark at the tail. King form: taller heroic proportions, royal cape and a small crown, a glowing aura of its element behind it, proud smile. Most detailed. The character means ""correct; just"". Do not draw any Chinese character or text."
art/业_1.png,业,earth,1,"Cute collectible monster card character for a children's Chinese learning game. Style: clean 2D vector-like illustration, thick dark outline, flat colors with soft cel shading, big glossy eyes, rounded shapes, kawaii, consistent front 3/4 view, soft top-left lighting. Full body, centered, nothing cropped. Plain pure white background, no text, no letters, no watermark, no frame. Palette sandy ochre #C89B5E and stone grey; a rocky back shell. Baby form: egg-shaped body, head is 60% of the body, stubby limbs or none, curious innocent expression. Small and simple. The character means ""work; business"". Do not draw any Chinese character or text."
art/业_2.png,业,earth,2,"Cute collectible monster card character for a children's Chinese learning game. Style: clean 2D vector-like illustration, thick dark outline, flat colors with soft cel shading, big glossy eyes, rounded shapes, kawaii, consistent front 3/4 view, soft top-left lighting. Full body, centered, nothing cropped. Plain pure white background, no text, no letters, no watermark, no frame. Palette sandy ochre #C89B5E and stone grey; a rocky back shell. Teen form: proper arms and legs, standing confidently, holds ONE small prop related to its meaning, cheerful expression. Medium detail. The character means ""work; business"". Do not draw any Chinese character or text."
art/业_3.png,业,earth,3,"Cute collectible monster card character for a children's Chinese learning game. Style: clean 2D vector-like illustration, thick dark outline, flat colors with soft cel shading, big glossy eyes, rounded shapes, kawaii, consistent front 3/4 view, soft top-left lighting. Full body, centered, nothing cropped. Plain pure white background, no text, no letters, no watermark, no frame. Palette sandy ochre #C89B5E and stone grey; a rocky back shell. King form: taller heroic proportions, royal cape and a small crown, a glowing aura of its element behind it, proud smile. Most detailed. The character means ""work; business"". Do not draw any Chinese character or text."
art/外_1.png,外,water,1,"Cute collectible monster card character for a children's Chinese learning game. Style: clean 2D vector-like illustration, thick dark outline, flat colors with soft cel shading, big glossy eyes, rounded shapes, kawaii, consistent front 3/4 view, soft top-left lighting. Full body, centered, nothing cropped. Plain pure white background, no text, no letters, no watermark, no frame. Palette aqua blue #3FA9F5 and translucent white; water-ripple marks and a bubble. Baby form: egg-shaped body, head is 60% of the body, stubby limbs or none, curious innocent expression. Small and simple. The character means ""outside"". Do not draw any Chinese character or text."
art/外_2.png,外,water,2,"Cute collectible monster card character for a children's Chinese learning game. Style: clean 2D vector-like illustration, thick dark outline, flat colors with soft cel shading, big glossy eyes, rounded shapes, kawaii, consistent front 3/4 view, soft top-left lighting. Full body, centered, nothing cropped. Plain pure white background, no text, no letters, no watermark, no frame. Palette aqua blue #3FA9F5 and translucent white; water-ripple marks and a bubble. Teen form: proper arms and legs, standing confidently, holds ONE small prop related to its meaning, cheerful expression. Medium detail. The character means ""outside"". Do not draw any Chinese character or text."
art/外_3.png,外,water,3,"Cute collectible monster card character for a children's Chinese learning game. Style: clean 2D vector-like illustration, thick dark outline, flat colors with soft cel shading, big glossy eyes, rounded shapes, kawaii, consistent front 3/4 view, soft top-left lighting. Full body, centered, nothing cropped. Plain pure white background, no text, no letters, no watermark, no frame. Palette aqua blue #3FA9F5 and translucent white; water-ripple marks and a bubble. King form: taller heroic proportions, royal cape and a small crown, a glowing aura of its element behind it, proud smile. Most detailed. The character means ""outside"". Do not draw any Chinese character or text."
art/由_1.png,由,earth,1,"Cute collectible monster card character for a children's Chinese learning game. Style: clean 2D vector-like illustration, thick dark outline, flat colors with soft cel shading, big glossy eyes, rounded shapes, kawaii, consistent front 3/4 view, soft top-left lighting. Full body, centered, nothing cropped. Plain pure white background, no text, no letters, no watermark, no frame. Palette sandy ochre #C89B5E and stone grey; a rocky back shell. Baby form: egg-shaped body, head is 60% of the body, stubby limbs or none, curious innocent expression. Small and simple. The character means ""from; by"". Do not draw any Chinese character or text."
art/由_2.png,由,earth,2,"Cute collectible monster card character for a children's Chinese learning game. Style: clean 2D vector-like illustration, thick dark outline, flat colors with soft cel shading, big glossy eyes, rounded shapes, kawaii, consistent front 3/4 view, soft top-left lighting. Full body, centered, nothing cropped. Plain pure white background, no text, no letters, no watermark, no frame. Palette sandy ochre #C89B5E and stone grey; a rocky back shell. Teen form: proper arms and legs, standing confidently, holds ONE small prop related to its meaning, cheerful expression. Medium detail. The character means ""from; by"". Do not draw any Chinese character or text."
art/由_3.png,由,earth,3,"Cute collectible monster card character for a children's Chinese learning game. Style: clean 2D vector-like illustration, thick dark outline, flat colors with soft cel shading, big glossy eyes, rounded shapes, kawaii, consistent front 3/4 view, soft top-left lighting. Full body, centered, nothing cropped. Plain pure white background, no text, no letters, no watermark, no frame. Palette sandy ochre #C89B5E and stone grey; a rocky back shell. King form: taller heroic proportions, royal cape and a small crown, a glowing aura of its element behind it, proud smile. Most detailed. The character means ""from; by"". Do not draw any Chinese character or text."
art/头_1.png,头,heart,1,"Cute collectible monster card character for a children's Chinese learning game. Style: clean 2D vector-like illustration, thick dark outline, flat colors with soft cel shading, big glossy eyes, rounded shapes, kawaii, consistent front 3/4 view, soft top-left lighting. Full body, centered, nothing cropped. Plain pure white background, no text, no letters, no watermark, no frame. Palette pink #FF7FA8 and lilac; fluffy fur, heart-shaped tail, blush cheeks. Baby form: egg-shaped body, head is 60% of the body, stubby limbs or none, curious innocent expression. Small and simple. The character means ""head"". Do not draw any Chinese character or text."
art/头_2.png,头,heart,2,"Cute collectible monster card character for a children's Chinese learning game. Style: clean 2D vector-like illustration, thick dark outline, flat colors with soft cel shading, big glossy eyes, rounded shapes, kawaii, consistent front 3/4 view, soft top-left lighting. Full body, centered, nothing cropped. Plain pure white background, no text, no letters, no watermark, no frame. Palette pink #FF7FA8 and lilac; fluffy fur, heart-shaped tail, blush cheeks. Teen form: proper arms and legs, standing confidently, holds ONE small prop related to its meaning, cheerful expression. Medium detail. The character means ""head"". Do not draw any Chinese character or text."
art/头_3.png,头,heart,3,"Cute collectible monster card character for a children's Chinese learning game. Style: clean 2D vector-like illustration, thick dark outline, flat colors with soft cel shading, big glossy eyes, rounded shapes, kawaii, consistent front 3/4 view, soft top-left lighting. Full body, centered, nothing cropped. Plain pure white background, no text, no letters, no watermark, no frame. Palette pink #FF7FA8 and lilac; fluffy fur, heart-shaped tail, blush cheeks. King form: taller heroic proportions, royal cape and a small crown, a glowing aura of its element behind it, proud smile. Most detailed. The character means ""head"". Do not draw any Chinese character or text."
art/加_1.png,加,earth,1,"Cute collectible monster card character for a children's Chinese learning game. Style: clean 2D vector-like illustration, thick dark outline, flat colors with soft cel shading, big glossy eyes, rounded shapes, kawaii, consistent front 3/4 view, soft top-left lighting. Full body, centered, nothing cropped. Plain pure white background, no text, no letters, no watermark, no frame. Palette sandy ochre #C89B5E and stone grey; a rocky back shell. Baby form: egg-shaped body, head is 60% of the body, stubby limbs or none, curious innocent expression. Small and simple. The character means ""add"". Do not draw any Chinese character or text."
art/加_2.png,加,earth,2,"Cute collectible monster card character for a children's Chinese learning game. Style: clean 2D vector-like illustration, thick dark outline, flat colors with soft cel shading, big glossy eyes, rounded shapes, kawaii, consistent front 3/4 view, soft top-left lighting. Full body, centered, nothing cropped. Plain pure white background, no text, no letters, no watermark, no frame. Palette sandy ochre #C89B5E and stone grey; a rocky back shell. Teen form: proper arms and legs, standing confidently, holds ONE small prop related to its meaning, cheerful expression. Medium detail. The character means ""add"". Do not draw any Chinese character or text."
art/加_3.png,加,earth,3,"Cute collectible monster card character for a children's Chinese learning game. Style: clean 2D vector-like illustration, thick dark outline, flat colors with soft cel shading, big glossy eyes, rounded shapes, kawaii, consistent front 3/4 view, soft top-left lighting. Full body, centered, nothing cropped. Plain pure white background, no text, no letters, no watermark, no frame. Palette sandy ochre #C89B5E and stone grey; a rocky back shell. King form: taller heroic proportions, royal cape and a small crown, a glowing aura of its element behind it, proud smile. Most detailed. The character means ""add"". Do not draw any Chinese character or text."
art/代_1.png,代,heart,1,"Cute collectible monster card character for a children's Chinese learning game. Style: clean 2D vector-like illustration, thick dark outline, flat colors with soft cel shading, big glossy eyes, rounded shapes, kawaii, consistent front 3/4 view, soft top-left lighting. Full body, centered, nothing cropped. Plain pure white background, no text, no letters, no watermark, no frame. Palette pink #FF7FA8 and lilac; fluffy fur, heart-shaped tail, blush cheeks. Baby form: egg-shaped body, head is 60% of the body, stubby limbs or none, curious innocent expression. Small and simple. The character means ""replace; era"". Do not draw any Chinese character or text."
art/代_2.png,代,heart,2,"Cute collectible monster card character for a children's Chinese learning game. Style: clean 2D vector-like illustration, thick dark outline, flat colors with soft cel shading, big glossy eyes, rounded shapes, kawaii, consistent front 3/4 view, soft top-left lighting. Full body, centered, nothing cropped. Plain pure white background, no text, no letters, no watermark, no frame. Palette pink #FF7FA8 and lilac; fluffy fur, heart-shaped tail, blush cheeks. Teen form: proper arms and legs, standing confidently, holds ONE small prop related to its meaning, cheerful expression. Medium detail. The character means ""replace; era"". Do not draw any Chinese character or text."
art/代_3.png,代,heart,3,"Cute collectible monster card character for a children's Chinese learning game. Style: clean 2D vector-like illustration, thick dark outline, flat colors with soft cel shading, big glossy eyes, rounded shapes, kawaii, consistent front 3/4 view, soft top-left lighting. Full body, centered, nothing cropped. Plain pure white background, no text, no letters, no watermark, no frame. Palette pink #FF7FA8 and lilac; fluffy fur, heart-shaped tail, blush cheeks. King form: taller heroic proportions, royal cape and a small crown, a glowing aura of its element behind it, proud smile. Most detailed. The character means ""replace; era"". Do not draw any Chinese character or text."
art/世_1.png,世,heart,1,"Cute collectible monster card character for a children's Chinese learning game. Style: clean 2D vector-like illustration, thick dark outline, flat colors with soft cel shading, big glossy eyes, rounded shapes, kawaii, consistent front 3/4 view, soft top-left lighting. Full body, centered, nothing cropped. Plain pure white background, no text, no letters, no watermark, no frame. Palette pink #FF7FA8 and lilac; fluffy fur, heart-shaped tail, blush cheeks. Baby form: egg-shaped body, head is 60% of the body, stubby limbs or none, curious innocent expression. Small and simple. The character means ""world; generation"". Do not draw any Chinese character or text."
art/世_2.png,世,heart,2,"Cute collectible monster card character for a children's Chinese learning game. Style: clean 2D vector-like illustration, thick dark outline, flat colors with soft cel shading, big glossy eyes, rounded shapes, kawaii, consistent front 3/4 view, soft top-left lighting. Full body, centered, nothing cropped. Plain pure white background, no text, no letters, no watermark, no frame. Palette pink #FF7FA8 and lilac; fluffy fur, heart-shaped tail, blush cheeks. Teen form: proper arms and legs, standing confidently, holds ONE small prop related to its meaning, cheerful expression. Medium detail. The character means ""world; generation"". Do not draw any Chinese character or text."
art/世_3.png,世,heart,3,"Cute collectible monster card character for a children's Chinese learning game. Style: clean 2D vector-like illustration, thick dark outline, flat colors with soft cel shading, big glossy eyes, rounded shapes, kawaii, consistent front 3/4 view, soft top-left lighting. Full body, centered, nothing cropped. Plain pure white background, no text, no letters, no watermark, no frame. Palette pink #FF7FA8 and lilac; fluffy fur, heart-shaped tail, blush cheeks. King form: taller heroic proportions, royal cape and a small crown, a glowing aura of its element behind it, proud smile. Most detailed. The character means ""world; generation"". Do not draw any Chinese character or text."
art/东_1.png,东,heart,1,"Cute collectible monster card character for a children's Chinese learning game. Style: clean 2D vector-like illustration, thick dark outline, flat colors with soft cel shading, big glossy eyes, rounded shapes, kawaii, consistent front 3/4 view, soft top-left lighting. Full body, centered, nothing cropped. Plain pure white background, no text, no letters, no watermark, no frame. Palette pink #FF7FA8 and lilac; fluffy fur, heart-shaped tail, blush cheeks. Baby form: egg-shaped body, head is 60% of the body, stubby limbs or none, curious innocent expression. Small and simple. The character means ""east"". Do not draw any Chinese character or text."
art/东_2.png,东,heart,2,"Cute collectible monster card character for a children's Chinese learning game. Style: clean 2D vector-like illustration, thick dark outline, flat colors with soft cel shading, big glossy eyes, rounded shapes, kawaii, consistent front 3/4 view, soft top-left lighting. Full body, centered, nothing cropped. Plain pure white background, no text, no letters, no watermark, no frame. Palette pink #FF7FA8 and lilac; fluffy fur, heart-shaped tail, blush cheeks. Teen form: proper arms and legs, standing confidently, holds ONE small prop related to its meaning, cheerful expression. Medium detail. The character means ""east"". Do not draw any Chinese character or text."
art/东_3.png,东,heart,3,"Cute collectible monster card character for a children's Chinese learning game. Style: clean 2D vector-like illustration, thick dark outline, flat colors with soft cel shading, big glossy eyes, rounded shapes, kawaii, consistent front 3/4 view, soft top-left lighting. Full body, centered, nothing cropped. Plain pure white background, no text, no letters, no watermark, no frame. Palette pink #FF7FA8 and lilac; fluffy fur, heart-shaped tail, blush cheeks. King form: taller heroic proportions, royal cape and a small crown, a glowing aura of its element behind it, proud smile. Most detailed. The character means ""east"". Do not draw any Chinese character or text."
art/立_1.png,立,wood,1,"Cute collectible monster card character for a children's Chinese learning game. Style: clean 2D vector-like illustration, thick dark outline, flat colors with soft cel shading, big glossy eyes, rounded shapes, kawaii, consistent front 3/4 view, soft top-left lighting. Full body, centered, nothing cropped. Plain pure white background, no text, no letters, no watermark, no frame. Palette grass green #4CC35A and warm brown; leaf-shaped ears, twig-like arms. Baby form: egg-shaped body, head is 60% of the body, stubby limbs or none, curious innocent expression. Small and simple. The character means ""stand"". Do not draw any Chinese character or text."
art/立_2.png,立,wood,2,"Cute collectible monster card character for a children's Chinese learning game. Style: clean 2D vector-like illustration, thick dark outline, flat colors with soft cel shading, big glossy eyes, rounded shapes, kawaii, consistent front 3/4 view, soft top-left lighting. Full body, centered, nothing cropped. Plain pure white background, no text, no letters, no watermark, no frame. Palette grass green #4CC35A and warm brown; leaf-shaped ears, twig-like arms. Teen form: proper arms and legs, standing confidently, holds ONE small prop related to its meaning, cheerful expression. Medium detail. The character means ""stand"". Do not draw any Chinese character or text."
art/立_3.png,立,wood,3,"Cute collectible monster card character for a children's Chinese learning game. Style: clean 2D vector-like illustration, thick dark outline, flat colors with soft cel shading, big glossy eyes, rounded shapes, kawaii, consistent front 3/4 view, soft top-left lighting. Full body, centered, nothing cropped. Plain pure white background, no text, no letters, no watermark, no frame. Palette grass green #4CC35A and warm brown; leaf-shaped ears, twig-like arms. King form: taller heroic proportions, royal cape and a small crown, a glowing aura of its element behind it, proud smile. Most detailed. The character means ""stand"". Do not draw any Chinese character or text."
art/处_1.png,处,water,1,"Cute collectible monster card character for a children's Chinese learning game. Style: clean 2D vector-like illustration, thick dark outline, flat colors with soft cel shading, big glossy eyes, rounded shapes, kawaii, consistent front 3/4 view, soft top-left lighting. Full body, centered, nothing cropped. Plain pure white background, no text, no letters, no watermark, no frame. Palette aqua blue #3FA9F5 and translucent white; water-ripple marks and a bubble. Baby form: egg-shaped body, head is 60% of the body, stubby limbs or none, curious innocent expression. Small and simple. The character means ""place"". Do not draw any Chinese character or text."
art/处_2.png,处,water,2,"Cute collectible monster card character for a children's Chinese learning game. Style: clean 2D vector-like illustration, thick dark outline, flat colors with soft cel shading, big glossy eyes, rounded shapes, kawaii, consistent front 3/4 view, soft top-left lighting. Full body, centered, nothing cropped. Plain pure white background, no text, no letters, no watermark, no frame. Palette aqua blue #3FA9F5 and translucent white; water-ripple marks and a bubble. Teen form: proper arms and legs, standing confidently, holds ONE small prop related to its meaning, cheerful expression. Medium detail. The character means ""place"". Do not draw any Chinese character or text."
art/处_3.png,处,water,3,"Cute collectible monster card character for a children's Chinese learning game. Style: clean 2D vector-like illustration, thick dark outline, flat colors with soft cel shading, big glossy eyes, rounded shapes, kawaii, consistent front 3/4 view, soft top-left lighting. Full body, centered, nothing cropped. Plain pure white background, no text, no letters, no watermark, no frame. Palette aqua blue #3FA9F5 and translucent white; water-ripple marks and a bubble. King form: taller heroic proportions, royal cape and a small crown, a glowing aura of its element behind it, proud smile. Most detailed. The character means ""place"". Do not draw any Chinese character or text."
art/平_1.png,平,fire,1,"Cute collectible monster card character for a children's Chinese learning game. Style: clean 2D vector-like illustration, thick dark outline, flat colors with soft cel shading, big glossy eyes, rounded shapes, kawaii, consistent front 3/4 view, soft top-left lighting. Full body, centered, nothing cropped. Plain pure white background, no text, no letters, no watermark, no frame. Palette orange-red #FF6B35 and golden yellow; a flame tuft on the head, a spark at the tail. Baby form: egg-shaped body, head is 60% of the body, stubby limbs or none, curious innocent expression. Small and simple. The character means ""flat; level"". Do not draw any Chinese character or text."
art/平_2.png,平,fire,2,"Cute collectible monster card character for a children's Chinese learning game. Style: clean 2D vector-like illustration, thick dark outline, flat colors with soft cel shading, big glossy eyes, rounded shapes, kawaii, consistent front 3/4 view, soft top-left lighting. Full body, centered, nothing cropped. Plain pure white background, no text, no letters, no watermark, no frame. Palette orange-red #FF6B35 and golden yellow; a flame tuft on the head, a spark at the tail. Teen form: proper arms and legs, standing confidently, holds ONE small prop related to its meaning, cheerful expression. Medium detail. The character means ""flat; level"". Do not draw any Chinese character or text."
art/平_3.png,平,fire,3,"Cute collectible monster card character for a children's Chinese learning game. Style: clean 2D vector-like illustration, thick dark outline, flat colors with soft cel shading, big glossy eyes, rounded shapes, kawaii, consistent front 3/4 view, soft top-left lighting. Full body, centered, nothing cropped. Plain pure white background, no text, no letters, no watermark, no frame. Palette orange-red #FF6B35 and golden yellow; a flame tuft on the head, a spark at the tail. King form: taller heroic proportions, royal cape and a small crown, a glowing aura of its element behind it, proud smile. Most detailed. The character means ""flat; level"". Do not draw any Chinese character or text."
art/尔_1.png,尔,heart,1,"Cute collectible monster card character for a children's Chinese learning game. Style: clean 2D vector-like illustration, thick dark outline, flat colors with soft cel shading, big glossy eyes, rounded shapes, kawaii, consistent front 3/4 view, soft top-left lighting. Full body, centered, nothing cropped. Plain pure white background, no text, no letters, no watermark, no frame. Palette pink #FF7FA8 and lilac; fluffy fur, heart-shaped tail, blush cheeks. Baby form: egg-shaped body, head is 60% of the body, stubby limbs or none, curious innocent expression. Small and simple. The character means ""you; so"". Do not draw any Chinese character or text."
art/尔_2.png,尔,heart,2,"Cute collectible monster card character for a children's Chinese learning game. Style: clean 2D vector-like illustration, thick dark outline, flat colors with soft cel shading, big glossy eyes, rounded shapes, kawaii, consistent front 3/4 view, soft top-left lighting. Full body, centered, nothing cropped. Plain pure white background, no text, no letters, no watermark, no frame. Palette pink #FF7FA8 and lilac; fluffy fur, heart-shaped tail, blush cheeks. Teen form: proper arms and legs, standing confidently, holds ONE small prop related to its meaning, cheerful expression. Medium detail. The character means ""you; so"". Do not draw any Chinese character or text."
art/尔_3.png,尔,heart,3,"Cute collectible monster card character for a children's Chinese learning game. Style: clean 2D vector-like illustration, thick dark outline, flat colors with soft cel shading, big glossy eyes, rounded shapes, kawaii, consistent front 3/4 view, soft top-left lighting. Full body, centered, nothing cropped. Plain pure white background, no text, no letters, no watermark, no frame. Palette pink #FF7FA8 and lilac; fluffy fur, heart-shaped tail, blush cheeks. King form: taller heroic proportions, royal cape and a small crown, a glowing aura of its element behind it, proud smile. Most detailed. The character means ""you; so"". Do not draw any Chinese character or text."
art/打_1.png,打,heart,1,"Cute collectible monster card character for a children's Chinese learning game. Style: clean 2D vector-like illustration, thick dark outline, flat colors with soft cel shading, big glossy eyes, rounded shapes, kawaii, consistent front 3/4 view, soft top-left lighting. Full body, centered, nothing cropped. Plain pure white background, no text, no letters, no watermark, no frame. Palette pink #FF7FA8 and lilac; fluffy fur, heart-shaped tail, blush cheeks. Baby form: egg-shaped body, head is 60% of the body, stubby limbs or none, curious innocent expression. Small and simple. The character means ""hit; play"". Do not draw any Chinese character or text."
art/打_2.png,打,heart,2,"Cute collectible monster card character for a children's Chinese learning game. Style: clean 2D vector-like illustration, thick dark outline, flat colors with soft cel shading, big glossy eyes, rounded shapes, kawaii, consistent front 3/4 view, soft top-left lighting. Full body, centered, nothing cropped. Plain pure white background, no text, no letters, no watermark, no frame. Palette pink #FF7FA8 and lilac; fluffy fur, heart-shaped tail, blush cheeks. Teen form: proper arms and legs, standing confidently, holds ONE small prop related to its meaning, cheerful expression. Medium detail. The character means ""hit; play"". Do not draw any Chinese character or text."
art/打_3.png,打,heart,3,"Cute collectible monster card character for a children's Chinese learning game. Style: clean 2D vector-like illustration, thick dark outline, flat colors with soft cel shading, big glossy eyes, rounded shapes, kawaii, consistent front 3/4 view, soft top-left lighting. Full body, centered, nothing cropped. Plain pure white background, no text, no letters, no watermark, no frame. Palette pink #FF7FA8 and lilac; fluffy fur, heart-shaped tail, blush cheeks. King form: taller heroic proportions, royal cape and a small crown, a glowing aura of its element behind it, proud smile. Most detailed. The character means ""hit; play"". Do not draw any Chinese character or text."
art/四_1.png,四,fire,1,"Cute collectible monster card character for a children's Chinese learning game. Style: clean 2D vector-like illustration, thick dark outline, flat colors with soft cel shading, big glossy eyes, rounded shapes, kawaii, consistent front 3/4 view, soft top-left lighting. Full body, centered, nothing cropped. Plain pure white background, no text, no letters, no watermark, no frame. Palette orange-red #FF6B35 and golden yellow; a flame tuft on the head, a spark at the tail. Baby form: egg-shaped body, head is 60% of the body, stubby limbs or none, curious innocent expression. Small and simple. The character means ""four"". Do not draw any Chinese character or text."
art/四_2.png,四,fire,2,"Cute collectible monster card character for a children's Chinese learning game. Style: clean 2D vector-like illustration, thick dark outline, flat colors with soft cel shading, big glossy eyes, rounded shapes, kawaii, consistent front 3/4 view, soft top-left lighting. Full body, centered, nothing cropped. Plain pure white background, no text, no letters, no watermark, no frame. Palette orange-red #FF6B35 and golden yellow; a flame tuft on the head, a spark at the tail. Teen form: proper arms and legs, standing confidently, holds ONE small prop related to its meaning, cheerful expression. Medium detail. The character means ""four"". Do not draw any Chinese character or text."
art/四_3.png,四,fire,3,"Cute collectible monster card character for a children's Chinese learning game. Style: clean 2D vector-like illustration, thick dark outline, flat colors with soft cel shading, big glossy eyes, rounded shapes, kawaii, consistent front 3/4 view, soft top-left lighting. Full body, centered, nothing cropped. Plain pure white background, no text, no letters, no watermark, no frame. Palette orange-red #FF6B35 and golden yellow; a flame tuft on the head, a spark at the tail. King form: taller heroic proportions, royal cape and a small crown, a glowing aura of its element behind it, proud smile. Most detailed. The character means ""four"". Do not draw any Chinese character or text."
art/电_1.png,电,fire,1,"Cute collectible monster card character for a children's Chinese learning game. Style: clean 2D vector-like illustration, thick dark outline, flat colors with soft cel shading, big glossy eyes, rounded shapes, kawaii, consistent front 3/4 view, soft top-left lighting. Full body, centered, nothing cropped. Plain pure white background, no text, no letters, no watermark, no frame. Palette orange-red #FF6B35 and golden yellow; a flame tuft on the head, a spark at the tail. Baby form: egg-shaped body, head is 60% of the body, stubby limbs or none, curious innocent expression. Small and simple. The character means ""electricity"". Do not draw any Chinese character or text."
art/电_2.png,电,fire,2,"Cute collectible monster card character for a children's Chinese learning game. Style: clean 2D vector-like illustration, thick dark outline, flat colors with soft cel shading, big glossy eyes, rounded shapes, kawaii, consistent front 3/4 view, soft top-left lighting. Full body, centered, nothing cropped. Plain pure white background, no text, no letters, no watermark, no frame. Palette orange-red #FF6B35 and golden yellow; a flame tuft on the head, a spark at the tail. Teen form: proper arms and legs, standing confidently, holds ONE small prop related to its meaning, cheerful expression. Medium detail. The character means ""electricity"". Do not draw any Chinese character or text."
art/电_3.png,电,fire,3,"Cute collectible monster card character for a children's Chinese learning game. Style: clean 2D vector-like illustration, thick dark outline, flat colors with soft cel shading, big glossy eyes, rounded shapes, kawaii, consistent front 3/4 view, soft top-left lighting. Full body, centered, nothing cropped. Plain pure white background, no text, no letters, no watermark, no frame. Palette orange-red #FF6B35 and golden yellow; a flame tuft on the head, a spark at the tail. King form: taller heroic proportions, royal cape and a small crown, a glowing aura of its element behind it, proud smile. Most detailed. The character means ""electricity"". Do not draw any Chinese character or text."
art/务_1.png,务,sky,1,"Cute collectible monster card character for a children's Chinese learning game. Style: clean 2D vector-like illustration, thick dark outline, flat colors with soft cel shading, big glossy eyes, rounded shapes, kawaii, consistent front 3/4 view, soft top-left lighting. Full body, centered, nothing cropped. Plain pure white background, no text, no letters, no watermark, no frame. Palette sky blue #5AB6FF and cream white; tiny wings and cloud-like feet. Baby form: egg-shaped body, head is 60% of the body, stubby limbs or none, curious innocent expression. Small and simple. The character means ""task"". Do not draw any Chinese character or text."
art/务_2.png,务,sky,2,"Cute collectible monster card character for a children's Chinese learning game. Style: clean 2D vector-like illustration, thick dark outline, flat colors with soft cel shading, big glossy eyes, rounded shapes, kawaii, consistent front 3/4 view, soft top-left lighting. Full body, centered, nothing cropped. Plain pure white background, no text, no letters, no watermark, no frame. Palette sky blue #5AB6FF and cream white; tiny wings and cloud-like feet. Teen form: proper arms and legs, standing confidently, holds ONE small prop related to its meaning, cheerful expression. Medium detail. The character means ""task"". Do not draw any Chinese character or text."
art/务_3.png,务,sky,3,"Cute collectible monster card character for a children's Chinese learning game. Style: clean 2D vector-like illustration, thick dark outline, flat colors with soft cel shading, big glossy eyes, rounded shapes, kawaii, consistent front 3/4 view, soft top-left lighting. Full body, centered, nothing cropped. Plain pure white background, no text, no letters, no watermark, no frame. Palette sky blue #5AB6FF and cream white; tiny wings and cloud-like feet. King form: taller heroic proportions, royal cape and a small crown, a glowing aura of its element behind it, proud smile. Most detailed. The character means ""task"". Do not draw any Chinese character or text."
art/必_1.png,必,heart,1,"Cute collectible monster card character for a children's Chinese learning game. Style: clean 2D vector-like illustration, thick dark outline, flat colors with soft cel shading, big glossy eyes, rounded shapes, kawaii, consistent front 3/4 view, soft top-left lighting. Full body, centered, nothing cropped. Plain pure white background, no text, no letters, no watermark, no frame. Palette pink #FF7FA8 and lilac; fluffy fur, heart-shaped tail, blush cheeks. Baby form: egg-shaped body, head is 60% of the body, stubby limbs or none, curious innocent expression. Small and simple. The character means ""must"". Do not draw any Chinese character or text."
art/必_2.png,必,heart,2,"Cute collectible monster card character for a children's Chinese learning game. Style: clean 2D vector-like illustration, thick dark outline, flat colors with soft cel shading, big glossy eyes, rounded shapes, kawaii, consistent front 3/4 view, soft top-left lighting. Full body, centered, nothing cropped. Plain pure white background, no text, no letters, no watermark, no frame. Palette pink #FF7FA8 and lilac; fluffy fur, heart-shaped tail, blush cheeks. Teen form: proper arms and legs, standing confidently, holds ONE small prop related to its meaning, cheerful expression. Medium detail. The character means ""must"". Do not draw any Chinese character or text."
art/必_3.png,必,heart,3,"Cute collectible monster card character for a children's Chinese learning game. Style: clean 2D vector-like illustration, thick dark outline, flat colors with soft cel shading, big glossy eyes, rounded shapes, kawaii, consistent front 3/4 view, soft top-left lighting. Full body, centered, nothing cropped. Plain pure white background, no text, no letters, no watermark, no frame. Palette pink #FF7FA8 and lilac; fluffy fur, heart-shaped tail, blush cheeks. King form: taller heroic proportions, royal cape and a small crown, a glowing aura of its element behind it, proud smile. Most detailed. The character means ""must"". Do not draw any Chinese character or text."
art/市_1.png,市,water,1,"Cute collectible monster card character for a children's Chinese learning game. Style: clean 2D vector-like illustration, thick dark outline, flat colors with soft cel shading, big glossy eyes, rounded shapes, kawaii, consistent front 3/4 view, soft top-left lighting. Full body, centered, nothing cropped. Plain pure white background, no text, no letters, no watermark, no frame. Palette aqua blue #3FA9F5 and translucent white; water-ripple marks and a bubble. Baby form: egg-shaped body, head is 60% of the body, stubby limbs or none, curious innocent expression. Small and simple. The character means ""city; market"". Do not draw any Chinese character or text."
art/市_2.png,市,water,2,"Cute collectible monster card character for a children's Chinese learning game. Style: clean 2D vector-like illustration, thick dark outline, flat colors with soft cel shading, big glossy eyes, rounded shapes, kawaii, consistent front 3/4 view, soft top-left lighting. Full body, centered, nothing cropped. Plain pure white background, no text, no letters, no watermark, no frame. Palette aqua blue #3FA9F5 and translucent white; water-ripple marks and a bubble. Teen form: proper arms and legs, standing confidently, holds ONE small prop related to its meaning, cheerful expression. Medium detail. The character means ""city; market"". Do not draw any Chinese character or text."
art/市_3.png,市,water,3,"Cute collectible monster card character for a children's Chinese learning game. Style: clean 2D vector-like illustration, thick dark outline, flat colors with soft cel shading, big glossy eyes, rounded shapes, kawaii, consistent front 3/4 view, soft top-left lighting. Full body, centered, nothing cropped. Plain pure white background, no text, no letters, no watermark, no frame. Palette aqua blue #3FA9F5 and translucent white; water-ripple marks and a bubble. King form: taller heroic proportions, royal cape and a small crown, a glowing aura of its element behind it, proud smile. Most detailed. The character means ""city; market"". Do not draw any Chinese character or text."
art/司_1.png,司,heart,1,"Cute collectible monster card character for a children's Chinese learning game. Style: clean 2D vector-like illustration, thick dark outline, flat colors with soft cel shading, big glossy eyes, rounded shapes, kawaii, consistent front 3/4 view, soft top-left lighting. Full body, centered, nothing cropped. Plain pure white background, no text, no letters, no watermark, no frame. Palette pink #FF7FA8 and lilac; fluffy fur, heart-shaped tail, blush cheeks. Baby form: egg-shaped body, head is 60% of the body, stubby limbs or none, curious innocent expression. Small and simple. The character means ""manage"". Do not draw any Chinese character or text."
art/司_2.png,司,heart,2,"Cute collectible monster card character for a children's Chinese learning game. Style: clean 2D vector-like illustration, thick dark outline, flat colors with soft cel shading, big glossy eyes, rounded shapes, kawaii, consistent front 3/4 view, soft top-left lighting. Full body, centered, nothing cropped. Plain pure white background, no text, no letters, no watermark, no frame. Palette pink #FF7FA8 and lilac; fluffy fur, heart-shaped tail, blush cheeks. Teen form: proper arms and legs, standing confidently, holds ONE small prop related to its meaning, cheerful expression. Medium detail. The character means ""manage"". Do not draw any Chinese character or text."
art/司_3.png,司,heart,3,"Cute collectible monster card character for a children's Chinese learning game. Style: clean 2D vector-like illustration, thick dark outline, flat colors with soft cel shading, big glossy eyes, rounded shapes, kawaii, consistent front 3/4 view, soft top-left lighting. Full body, centered, nothing cropped. Plain pure white background, no text, no letters, no watermark, no frame. Palette pink #FF7FA8 and lilac; fluffy fur, heart-shaped tail, blush cheeks. King form: taller heroic proportions, royal cape and a small crown, a glowing aura of its element behind it, proud smile. Most detailed. The character means ""manage"". Do not draw any Chinese character or text."
art/白_1.png,白,sky,1,"Cute collectible monster card character for a children's Chinese learning game. Style: clean 2D vector-like illustration, thick dark outline, flat colors with soft cel shading, big glossy eyes, rounded shapes, kawaii, consistent front 3/4 view, soft top-left lighting. Full body, centered, nothing cropped. Plain pure white background, no text, no letters, no watermark, no frame. Palette sky blue #5AB6FF and cream white; tiny wings and cloud-like feet. Baby form: egg-shaped body, head is 60% of the body, stubby limbs or none, curious innocent expression. Small and simple. The character means ""white"". Do not draw any Chinese character or text."
art/白_2.png,白,sky,2,"Cute collectible monster card character for a children's Chinese learning game. Style: clean 2D vector-like illustration, thick dark outline, flat colors with soft cel shading, big glossy eyes, rounded shapes, kawaii, consistent front 3/4 view, soft top-left lighting. Full body, centered, nothing cropped. Plain pure white background, no text, no letters, no watermark, no frame. Palette sky blue #5AB6FF and cream white; tiny wings and cloud-like feet. Teen form: proper arms and legs, standing confidently, holds ONE small prop related to its meaning, cheerful expression. Medium detail. The character means ""white"". Do not draw any Chinese character or text."
art/白_3.png,白,sky,3,"Cute collectible monster card character for a children's Chinese learning game. Style: clean 2D vector-like illustration, thick dark outline, flat colors with soft cel shading, big glossy eyes, rounded shapes, kawaii, consistent front 3/4 view, soft top-left lighting. Full body, centered, nothing cropped. Plain pure white background, no text, no letters, no watermark, no frame. Palette sky blue #5AB6FF and cream white; tiny wings and cloud-like feet. King form: taller heroic proportions, royal cape and a small crown, a glowing aura of its element behind it, proud smile. Most detailed. The character means ""white"". Do not draw any Chinese character or text."
art/且_1.png,且,earth,1,"Cute collectible monster card character for a children's Chinese learning game. Style: clean 2D vector-like illustration, thick dark outline, flat colors with soft cel shading, big glossy eyes, rounded shapes, kawaii, consistent front 3/4 view, soft top-left lighting. Full body, centered, nothing cropped. Plain pure white background, no text, no letters, no watermark, no frame. Palette sandy ochre #C89B5E and stone grey; a rocky back shell. Baby form: egg-shaped body, head is 60% of the body, stubby limbs or none, curious innocent expression. Small and simple. The character means ""and; moreover"". Do not draw any Chinese character or text."
art/且_2.png,且,earth,2,"Cute collectible monster card character for a children's Chinese learning game. Style: clean 2D vector-like illustration, thick dark outline, flat colors with soft cel shading, big glossy eyes, rounded shapes, kawaii, consistent front 3/4 view, soft top-left lighting. Full body, centered, nothing cropped. Plain pure white background, no text, no letters, no watermark, no frame. Palette sandy ochre #C89B5E and stone grey; a rocky back shell. Teen form: proper arms and legs, standing confidently, holds ONE small prop related to its meaning, cheerful expression. Medium detail. The character means ""and; moreover"". Do not draw any Chinese character or text."
art/且_3.png,且,earth,3,"Cute collectible monster card character for a children's Chinese learning game. Style: clean 2D vector-like illustration, thick dark outline, flat colors with soft cel shading, big glossy eyes, rounded shapes, kawaii, consistent front 3/4 view, soft top-left lighting. Full body, centered, nothing cropped. Plain pure white background, no text, no letters, no watermark, no frame. Palette sandy ochre #C89B5E and stone grey; a rocky back shell. King form: taller heroic proportions, royal cape and a small crown, a glowing aura of its element behind it, proud smile. Most detailed. The character means ""and; moreover"". Do not draw any Chinese character or text."
art/记_1.png,记,heart,1,"Cute collectible monster card character for a children's Chinese learning game. Style: clean 2D vector-like illustration, thick dark outline, flat colors with soft cel shading, big glossy eyes, rounded shapes, kawaii, consistent front 3/4 view, soft top-left lighting. Full body, centered, nothing cropped. Plain pure white background, no text, no letters, no watermark, no frame. Palette pink #FF7FA8 and lilac; fluffy fur, heart-shaped tail, blush cheeks. Baby form: egg-shaped body, head is 60% of the body, stubby limbs or none, curious innocent expression. Small and simple. The character means ""remember; note"". Do not draw any Chinese character or text."
art/记_2.png,记,heart,2,"Cute collectible monster card character for a children's Chinese learning game. Style: clean 2D vector-like illustration, thick dark outline, flat colors with soft cel shading, big glossy eyes, rounded shapes, kawaii, consistent front 3/4 view, soft top-left lighting. Full body, centered, nothing cropped. Plain pure white background, no text, no letters, no watermark, no frame. Palette pink #FF7FA8 and lilac; fluffy fur, heart-shaped tail, blush cheeks. Teen form: proper arms and legs, standing confidently, holds ONE small prop related to its meaning, cheerful expression. Medium detail. The character means ""remember; note"". Do not draw any Chinese character or text."
art/记_3.png,记,heart,3,"Cute collectible monster card character for a children's Chinese learning game. Style: clean 2D vector-like illustration, thick dark outline, flat colors with soft cel shading, big glossy eyes, rounded shapes, kawaii, consistent front 3/4 view, soft top-left lighting. Full body, centered, nothing cropped. Plain pure white background, no text, no letters, no watermark, no frame. Palette pink #FF7FA8 and lilac; fluffy fur, heart-shaped tail, blush cheeks. King form: taller heroic proportions, royal cape and a small crown, a glowing aura of its element behind it, proud smile. Most detailed. The character means ""remember; note"". Do not draw any Chinese character or text."
art/北_1.png,北,wood,1,"Cute collectible monster card character for a children's Chinese learning game. Style: clean 2D vector-like illustration, thick dark outline, flat colors with soft cel shading, big glossy eyes, rounded shapes, kawaii, consistent front 3/4 view, soft top-left lighting. Full body, centered, nothing cropped. Plain pure white background, no text, no letters, no watermark, no frame. Palette grass green #4CC35A and warm brown; leaf-shaped ears, twig-like arms. Baby form: egg-shaped body, head is 60% of the body, stubby limbs or none, curious innocent expression. Small and simple. The character means ""north"". Do not draw any Chinese character or text."
art/北_2.png,北,wood,2,"Cute collectible monster card character for a children's Chinese learning game. Style: clean 2D vector-like illustration, thick dark outline, flat colors with soft cel shading, big glossy eyes, rounded shapes, kawaii, consistent front 3/4 view, soft top-left lighting. Full body, centered, nothing cropped. Plain pure white background, no text, no letters, no watermark, no frame. Palette grass green #4CC35A and warm brown; leaf-shaped ears, twig-like arms. Teen form: proper arms and legs, standing confidently, holds ONE small prop related to its meaning, cheerful expression. Medium detail. The character means ""north"". Do not draw any Chinese character or text."
art/北_3.png,北,wood,3,"Cute collectible monster card character for a children's Chinese learning game. Style: clean 2D vector-like illustration, thick dark outline, flat colors with soft cel shading, big glossy eyes, rounded shapes, kawaii, consistent front 3/4 view, soft top-left lighting. Full body, centered, nothing cropped. Plain pure white background, no text, no letters, no watermark, no frame. Palette grass green #4CC35A and warm brown; leaf-shaped ears, twig-like arms. King form: taller heroic proportions, royal cape and a small crown, a glowing aura of its element behind it, proud smile. Most detailed. The character means ""north"". Do not draw any Chinese character or text."
art/边_1.png,边,wood,1,"Cute collectible monster card character for a children's Chinese learning game. Style: clean 2D vector-like illustration, thick dark outline, flat colors with soft cel shading, big glossy eyes, rounded shapes, kawaii, consistent front 3/4 view, soft top-left lighting. Full body, centered, nothing cropped. Plain pure white background, no text, no letters, no watermark, no frame. Palette grass green #4CC35A and warm brown; leaf-shaped ears, twig-like arms. Baby form: egg-shaped body, head is 60% of the body, stubby limbs or none, curious innocent expression. Small and simple. The character means ""side; edge"". Do not draw any Chinese character or text."
art/边_2.png,边,wood,2,"Cute collectible monster card character for a children's Chinese learning game. Style: clean 2D vector-like illustration, thick dark outline, flat colors with soft cel shading, big glossy eyes, rounded shapes, kawaii, consistent front 3/4 view, soft top-left lighting. Full body, centered, nothing cropped. Plain pure white background, no text, no letters, no watermark, no frame. Palette grass green #4CC35A and warm brown; leaf-shaped ears, twig-like arms. Teen form: proper arms and legs, standing confidently, holds ONE small prop related to its meaning, cheerful expression. Medium detail. The character means ""side; edge"". Do not draw any Chinese character or text."
art/边_3.png,边,wood,3,"Cute collectible monster card character for a children's Chinese learning game. Style: clean 2D vector-like illustration, thick dark outline, flat colors with soft cel shading, big glossy eyes, rounded shapes, kawaii, consistent front 3/4 view, soft top-left lighting. Full body, centered, nothing cropped. Plain pure white background, no text, no letters, no watermark, no frame. Palette grass green #4CC35A and warm brown; leaf-shaped ears, twig-like arms. King form: taller heroic proportions, royal cape and a small crown, a glowing aura of its element behind it, proud smile. Most detailed. The character means ""side; edge"". Do not draw any Chinese character or text."
art/在_1.png,在,earth,1,"Cute collectible monster card character for a children's Chinese learning game. Style: clean 2D vector-like illustration, thick dark outline, flat colors with soft cel shading, big glossy eyes, rounded shapes, kawaii, consistent front 3/4 view, soft top-left lighting. Full body, centered, nothing cropped. Plain pure white background, no text, no letters, no watermark, no frame. Palette sandy ochre #C89B5E and stone grey; a rocky back shell. Baby form: egg-shaped body, head is 60% of the body, stubby limbs or none, curious innocent expression. Small and simple. The character means ""at; be in"". Do not draw any Chinese character or text."
art/在_2.png,在,earth,2,"Cute collectible monster card character for a children's Chinese learning game. Style: clean 2D vector-like illustration, thick dark outline, flat colors with soft cel shading, big glossy eyes, rounded shapes, kawaii, consistent front 3/4 view, soft top-left lighting. Full body, centered, nothing cropped. Plain pure white background, no text, no letters, no watermark, no frame. Palette sandy ochre #C89B5E and stone grey; a rocky back shell. Teen form: proper arms and legs, standing confidently, holds ONE small prop related to its meaning, cheerful expression. Medium detail. The character means ""at; be in"". Do not draw any Chinese character or text."
art/在_3.png,在,earth,3,"Cute collectible monster card character for a children's Chinese learning game. Style: clean 2D vector-like illustration, thick dark outline, flat colors with soft cel shading, big glossy eyes, rounded shapes, kawaii, consistent front 3/4 view, soft top-left lighting. Full body, centered, nothing cropped. Plain pure white background, no text, no letters, no watermark, no frame. Palette sandy ochre #C89B5E and stone grey; a rocky back shell. King form: taller heroic proportions, royal cape and a small crown, a glowing aura of its element behind it, proud smile. Most detailed. The character means ""at; be in"". Do not draw any Chinese character or text."
art/有_1.png,有,wood,1,"Cute collectible monster card character for a children's Chinese learning game. Style: clean 2D vector-like illustration, thick dark outline, flat colors with soft cel shading, big glossy eyes, rounded shapes, kawaii, consistent front 3/4 view, soft top-left lighting. Full body, centered, nothing cropped. Plain pure white background, no text, no letters, no watermark, no frame. Palette grass green #4CC35A and warm brown; leaf-shaped ears, twig-like arms. Baby form: egg-shaped body, head is 60% of the body, stubby limbs or none, curious innocent expression. Small and simple. The character means ""have"". Do not draw any Chinese character or text."
art/有_2.png,有,wood,2,"Cute collectible monster card character for a children's Chinese learning game. Style: clean 2D vector-like illustration, thick dark outline, flat colors with soft cel shading, big glossy eyes, rounded shapes, kawaii, consistent front 3/4 view, soft top-left lighting. Full body, centered, nothing cropped. Plain pure white background, no text, no letters, no watermark, no frame. Palette grass green #4CC35A and warm brown; leaf-shaped ears, twig-like arms. Teen form: proper arms and legs, standing confidently, holds ONE small prop related to its meaning, cheerful expression. Medium detail. The character means ""have"". Do not draw any Chinese character or text."
art/有_3.png,有,wood,3,"Cute collectible monster card character for a children's Chinese learning game. Style: clean 2D vector-like illustration, thick dark outline, flat colors with soft cel shading, big glossy eyes, rounded shapes, kawaii, consistent front 3/4 view, soft top-left lighting. Full body, centered, nothing cropped. Plain pure white background, no text, no letters, no watermark, no frame. Palette grass green #4CC35A and warm brown; leaf-shaped ears, twig-like arms. King form: taller heroic proportions, royal cape and a small crown, a glowing aura of its element behind it, proud smile. Most detailed. The character means ""have"". Do not draw any Chinese character or text."
art/地_1.png,地,earth,1,"Cute collectible monster card character for a children's Chinese learning game. Style: clean 2D vector-like illustration, thick dark outline, flat colors with soft cel shading, big glossy eyes, rounded shapes, kawaii, consistent front 3/4 view, soft top-left lighting. Full body, centered, nothing cropped. Plain pure white background, no text, no letters, no watermark, no frame. Palette sandy ochre #C89B5E and stone grey; a rocky back shell. Baby form: egg-shaped body, head is 60% of the body, stubby limbs or none, curious innocent expression. Small and simple. The character means ""-ly"". Do not draw any Chinese character or text."
art/地_2.png,地,earth,2,"Cute collectible monster card character for a children's Chinese learning game. Style: clean 2D vector-like illustration, thick dark outline, flat colors with soft cel shading, big glossy eyes, rounded shapes, kawaii, consistent front 3/4 view, soft top-left lighting. Full body, centered, nothing cropped. Plain pure white background, no text, no letters, no watermark, no frame. Palette sandy ochre #C89B5E and stone grey; a rocky back shell. Teen form: proper arms and legs, standing confidently, holds ONE small prop related to its meaning, cheerful expression. Medium detail. The character means ""-ly"". Do not draw any Chinese character or text."
art/地_3.png,地,earth,3,"Cute collectible monster card character for a children's Chinese learning game. Style: clean 2D vector-like illustration, thick dark outline, flat colors with soft cel shading, big glossy eyes, rounded shapes, kawaii, consistent front 3/4 view, soft top-left lighting. Full body, centered, nothing cropped. Plain pure white background, no text, no letters, no watermark, no frame. Palette sandy ochre #C89B5E and stone grey; a rocky back shell. King form: taller heroic proportions, royal cape and a small crown, a glowing aura of its element behind it, proud smile. Most detailed. The character means ""-ly"". Do not draw any Chinese character or text."
art/会_1.png,会,heart,1,"Cute collectible monster card character for a children's Chinese learning game. Style: clean 2D vector-like illustration, thick dark outline, flat colors with soft cel shading, big glossy eyes, rounded shapes, kawaii, consistent front 3/4 view, soft top-left lighting. Full body, centered, nothing cropped. Plain pure white background, no text, no letters, no watermark, no frame. Palette pink #FF7FA8 and lilac; fluffy fur, heart-shaped tail, blush cheeks. Baby form: egg-shaped body, head is 60% of the body, stubby limbs or none, curious innocent expression. Small and simple. The character means ""can; meet"". Do not draw any Chinese character or text."
art/会_2.png,会,heart,2,"Cute collectible monster card character for a children's Chinese learning game. Style: clean 2D vector-like illustration, thick dark outline, flat colors with soft cel shading, big glossy eyes, rounded shapes, kawaii, consistent front 3/4 view, soft top-left lighting. Full body, centered, nothing cropped. Plain pure white background, no text, no letters, no watermark, no frame. Palette pink #FF7FA8 and lilac; fluffy fur, heart-shaped tail, blush cheeks. Teen form: proper arms and legs, standing confidently, holds ONE small prop related to its meaning, cheerful expression. Medium detail. The character means ""can; meet"". Do not draw any Chinese character or text."
art/会_3.png,会,heart,3,"Cute collectible monster card character for a children's Chinese learning game. Style: clean 2D vector-like illustration, thick dark outline, flat colors with soft cel shading, big glossy eyes, rounded shapes, kawaii, consistent front 3/4 view, soft top-left lighting. Full body, centered, nothing cropped. Plain pure white background, no text, no letters, no watermark, no frame. Palette pink #FF7FA8 and lilac; fluffy fur, heart-shaped tail, blush cheeks. King form: taller heroic proportions, royal cape and a small crown, a glowing aura of its element behind it, proud smile. Most detailed. The character means ""can; meet"". Do not draw any Chinese character or text."
art/而_1.png,而,earth,1,"Cute collectible monster card character for a children's Chinese learning game. Style: clean 2D vector-like illustration, thick dark outline, flat colors with soft cel shading, big glossy eyes, rounded shapes, kawaii, consistent front 3/4 view, soft top-left lighting. Full body, centered, nothing cropped. Plain pure white background, no text, no letters, no watermark, no frame. Palette sandy ochre #C89B5E and stone grey; a rocky back shell. Baby form: egg-shaped body, head is 60% of the body, stubby limbs or none, curious innocent expression. Small and simple. The character means ""and; but"". Do not draw any Chinese character or text."
art/而_2.png,而,earth,2,"Cute collectible monster card character for a children's Chinese learning game. Style: clean 2D vector-like illustration, thick dark outline, flat colors with soft cel shading, big glossy eyes, rounded shapes, kawaii, consistent front 3/4 view, soft top-left lighting. Full body, centered, nothing cropped. Plain pure white background, no text, no letters, no watermark, no frame. Palette sandy ochre #C89B5E and stone grey; a rocky back shell. Teen form: proper arms and legs, standing confidently, holds ONE small prop related to its meaning, cheerful expression. Medium detail. The character means ""and; but"". Do not draw any Chinese character or text."
art/而_3.png,而,earth,3,"Cute collectible monster card character for a children's Chinese learning game. Style: clean 2D vector-like illustration, thick dark outline, flat colors with soft cel shading, big glossy eyes, rounded shapes, kawaii, consistent front 3/4 view, soft top-left lighting. Full body, centered, nothing cropped. Plain pure white background, no text, no letters, no watermark, no frame. Palette sandy ochre #C89B5E and stone grey; a rocky back shell. King form: taller heroic proportions, royal cape and a small crown, a glowing aura of its element behind it, proud smile. Most detailed. The character means ""and; but"". Do not draw any Chinese character or text."
art/那_1.png,那,wood,1,"Cute collectible monster card character for a children's Chinese learning game. Style: clean 2D vector-like illustration, thick dark outline, flat colors with soft cel shading, big glossy eyes, rounded shapes, kawaii, consistent front 3/4 view, soft top-left lighting. Full body, centered, nothing cropped. Plain pure white background, no text, no letters, no watermark, no frame. Palette grass green #4CC35A and warm brown; leaf-shaped ears, twig-like arms. Baby form: egg-shaped body, head is 60% of the body, stubby limbs or none, curious innocent expression. Small and simple. The character means ""that"". Do not draw any Chinese character or text."
art/那_2.png,那,wood,2,"Cute collectible monster card character for a children's Chinese learning game. Style: clean 2D vector-like illustration, thick dark outline, flat colors with soft cel shading, big glossy eyes, rounded shapes, kawaii, consistent front 3/4 view, soft top-left lighting. Full body, centered, nothing cropped. Plain pure white background, no text, no letters, no watermark, no frame. Palette grass green #4CC35A and warm brown; leaf-shaped ears, twig-like arms. Teen form: proper arms and legs, standing confidently, holds ONE small prop related to its meaning, cheerful expression. Medium detail. The character means ""that"". Do not draw any Chinese character or text."
art/那_3.png,那,wood,3,"Cute collectible monster card character for a children's Chinese learning game. Style: clean 2D vector-like illustration, thick dark outline, flat colors with soft cel shading, big glossy eyes, rounded shapes, kawaii, consistent front 3/4 view, soft top-left lighting. Full body, centered, nothing cropped. Plain pure white background, no text, no letters, no watermark, no frame. Palette grass green #4CC35A and warm brown; leaf-shaped ears, twig-like arms. King form: taller heroic proportions, royal cape and a small crown, a glowing aura of its element behind it, proud smile. Most detailed. The character means ""that"". Do not draw any Chinese character or text."
art/自_1.png,自,water,1,"Cute collectible monster card character for a children's Chinese learning game. Style: clean 2D vector-like illustration, thick dark outline, flat colors with soft cel shading, big glossy eyes, rounded shapes, kawaii, consistent front 3/4 view, soft top-left lighting. Full body, centered, nothing cropped. Plain pure white background, no text, no letters, no watermark, no frame. Palette aqua blue #3FA9F5 and translucent white; water-ripple marks and a bubble. Baby form: egg-shaped body, head is 60% of the body, stubby limbs or none, curious innocent expression. Small and simple. The character means ""self; from"". Do not draw any Chinese character or text."
art/自_2.png,自,water,2,"Cute collectible monster card character for a children's Chinese learning game. Style: clean 2D vector-like illustration, thick dark outline, flat colors with soft cel shading, big glossy eyes, rounded shapes, kawaii, consistent front 3/4 view, soft top-left lighting. Full body, centered, nothing cropped. Plain pure white background, no text, no letters, no watermark, no frame. Palette aqua blue #3FA9F5 and translucent white; water-ripple marks and a bubble. Teen form: proper arms and legs, standing confidently, holds ONE small prop related to its meaning, cheerful expression. Medium detail. The character means ""self; from"". Do not draw any Chinese character or text."
art/自_3.png,自,water,3,"Cute collectible monster card character for a children's Chinese learning game. Style: clean 2D vector-like illustration, thick dark outline, flat colors with soft cel shading, big glossy eyes, rounded shapes, kawaii, consistent front 3/4 view, soft top-left lighting. Full body, centered, nothing cropped. Plain pure white background, no text, no letters, no watermark, no frame. Palette aqua blue #3FA9F5 and translucent white; water-ripple marks and a bubble. King form: taller heroic proportions, royal cape and a small crown, a glowing aura of its element behind it, proud smile. Most detailed. The character means ""self; from"". Do not draw any Chinese character or text."
art/年_1.png,年,water,1,"Cute collectible monster card character for a children's Chinese learning game. Style: clean 2D vector-like illustration, thick dark outline, flat colors with soft cel shading, big glossy eyes, rounded shapes, kawaii, consistent front 3/4 view, soft top-left lighting. Full body, centered, nothing cropped. Plain pure white background, no text, no letters, no watermark, no frame. Palette aqua blue #3FA9F5 and translucent white; water-ripple marks and a bubble. Baby form: egg-shaped body, head is 60% of the body, stubby limbs or none, curious innocent expression. Small and simple. The character means ""year"". Do not draw any Chinese character or text."
art/年_2.png,年,water,2,"Cute collectible monster card character for a children's Chinese learning game. Style: clean 2D vector-like illustration, thick dark outline, flat colors with soft cel shading, big glossy eyes, rounded shapes, kawaii, consistent front 3/4 view, soft top-left lighting. Full body, centered, nothing cropped. Plain pure white background, no text, no letters, no watermark, no frame. Palette aqua blue #3FA9F5 and translucent white; water-ripple marks and a bubble. Teen form: proper arms and legs, standing confidently, holds ONE small prop related to its meaning, cheerful expression. Medium detail. The character means ""year"". Do not draw any Chinese character or text."
art/年_3.png,年,water,3,"Cute collectible monster card character for a children's Chinese learning game. Style: clean 2D vector-like illustration, thick dark outline, flat colors with soft cel shading, big glossy eyes, rounded shapes, kawaii, consistent front 3/4 view, soft top-left lighting. Full body, centered, nothing cropped. Plain pure white background, no text, no letters, no watermark, no frame. Palette aqua blue #3FA9F5 and translucent white; water-ripple marks and a bubble. King form: taller heroic proportions, royal cape and a small crown, a glowing aura of its element behind it, proud smile. Most detailed. The character means ""year"". Do not draw any Chinese character or text."
art/过_1.png,过,sky,1,"Cute collectible monster card character for a children's Chinese learning game. Style: clean 2D vector-like illustration, thick dark outline, flat colors with soft cel shading, big glossy eyes, rounded shapes, kawaii, consistent front 3/4 view, soft top-left lighting. Full body, centered, nothing cropped. Plain pure white background, no text, no letters, no watermark, no frame. Palette sky blue #5AB6FF and cream white; tiny wings and cloud-like feet. Baby form: egg-shaped body, head is 60% of the body, stubby limbs or none, curious innocent expression. Small and simple. The character means ""pass; cross"". Do not draw any Chinese character or text."
art/过_2.png,过,sky,2,"Cute collectible monster card character for a children's Chinese learning game. Style: clean 2D vector-like illustration, thick dark outline, flat colors with soft cel shading, big glossy eyes, rounded shapes, kawaii, consistent front 3/4 view, soft top-left lighting. Full body, centered, nothing cropped. Plain pure white background, no text, no letters, no watermark, no frame. Palette sky blue #5AB6FF and cream white; tiny wings and cloud-like feet. Teen form: proper arms and legs, standing confidently, holds ONE small prop related to its meaning, cheerful expression. Medium detail. The character means ""pass; cross"". Do not draw any Chinese character or text."
art/过_3.png,过,sky,3,"Cute collectible monster card character for a children's Chinese learning game. Style: clean 2D vector-like illustration, thick dark outline, flat colors with soft cel shading, big glossy eyes, rounded shapes, kawaii, consistent front 3/4 view, soft top-left lighting. Full body, centered, nothing cropped. Plain pure white background, no text, no letters, no watermark, no frame. Palette sky blue #5AB6FF and cream white; tiny wings and cloud-like feet. King form: taller heroic proportions, royal cape and a small crown, a glowing aura of its element behind it, proud smile. Most detailed. The character means ""pass; cross"". Do not draw any Chinese character or text."
art/后_1.png,后,heart,1,"Cute collectible monster card character for a children's Chinese learning game. Style: clean 2D vector-like illustration, thick dark outline, flat colors with soft cel shading, big glossy eyes, rounded shapes, kawaii, consistent front 3/4 view, soft top-left lighting. Full body, centered, nothing cropped. Plain pure white background, no text, no letters, no watermark, no frame. Palette pink #FF7FA8 and lilac; fluffy fur, heart-shaped tail, blush cheeks. Baby form: egg-shaped body, head is 60% of the body, stubby limbs or none, curious innocent expression. Small and simple. The character means ""back; after"". Do not draw any Chinese character or text."
art/后_2.png,后,heart,2,"Cute collectible monster card character for a children's Chinese learning game. Style: clean 2D vector-like illustration, thick dark outline, flat colors with soft cel shading, big glossy eyes, rounded shapes, kawaii, consistent front 3/4 view, soft top-left lighting. Full body, centered, nothing cropped. Plain pure white background, no text, no letters, no watermark, no frame. Palette pink #FF7FA8 and lilac; fluffy fur, heart-shaped tail, blush cheeks. Teen form: proper arms and legs, standing confidently, holds ONE small prop related to its meaning, cheerful expression. Medium detail. The character means ""back; after"". Do not draw any Chinese character or text."
art/后_3.png,后,heart,3,"Cute collectible monster card character for a children's Chinese learning game. Style: clean 2D vector-like illustration, thick dark outline, flat colors with soft cel shading, big glossy eyes, rounded shapes, kawaii, consistent front 3/4 view, soft top-left lighting. Full body, centered, nothing cropped. Plain pure white background, no text, no letters, no watermark, no frame. Palette pink #FF7FA8 and lilac; fluffy fur, heart-shaped tail, blush cheeks. King form: taller heroic proportions, royal cape and a small crown, a glowing aura of its element behind it, proud smile. Most detailed. The character means ""back; after"". Do not draw any Chinese character or text."
art/行_1.png,行,earth,1,"Cute collectible monster card character for a children's Chinese learning game. Style: clean 2D vector-like illustration, thick dark outline, flat colors with soft cel shading, big glossy eyes, rounded shapes, kawaii, consistent front 3/4 view, soft top-left lighting. Full body, centered, nothing cropped. Plain pure white background, no text, no letters, no watermark, no frame. Palette sandy ochre #C89B5E and stone grey; a rocky back shell. Baby form: egg-shaped body, head is 60% of the body, stubby limbs or none, curious innocent expression. Small and simple. The character means ""walk; OK"". Do not draw any Chinese character or text."
art/行_2.png,行,earth,2,"Cute collectible monster card character for a children's Chinese learning game. Style: clean 2D vector-like illustration, thick dark outline, flat colors with soft cel shading, big glossy eyes, rounded shapes, kawaii, consistent front 3/4 view, soft top-left lighting. Full body, centered, nothing cropped. Plain pure white background, no text, no letters, no watermark, no frame. Palette sandy ochre #C89B5E and stone grey; a rocky back shell. Teen form: proper arms and legs, standing confidently, holds ONE small prop related to its meaning, cheerful expression. Medium detail. The character means ""walk; OK"". Do not draw any Chinese character or text."
art/行_3.png,行,earth,3,"Cute collectible monster card character for a children's Chinese learning game. Style: clean 2D vector-like illustration, thick dark outline, flat colors with soft cel shading, big glossy eyes, rounded shapes, kawaii, consistent front 3/4 view, soft top-left lighting. Full body, centered, nothing cropped. Plain pure white background, no text, no letters, no watermark, no frame. Palette sandy ochre #C89B5E and stone grey; a rocky back shell. King form: taller heroic proportions, royal cape and a small crown, a glowing aura of its element behind it, proud smile. Most detailed. The character means ""walk; OK"". Do not draw any Chinese character or text."
art/成_1.png,成,water,1,"Cute collectible monster card character for a children's Chinese learning game. Style: clean 2D vector-like illustration, thick dark outline, flat colors with soft cel shading, big glossy eyes, rounded shapes, kawaii, consistent front 3/4 view, soft top-left lighting. Full body, centered, nothing cropped. Plain pure white background, no text, no letters, no watermark, no frame. Palette aqua blue #3FA9F5 and translucent white; water-ripple marks and a bubble. Baby form: egg-shaped body, head is 60% of the body, stubby limbs or none, curious innocent expression. Small and simple. The character means ""become"". Do not draw any Chinese character or text."
art/成_2.png,成,water,2,"Cute collectible monster card character for a children's Chinese learning game. Style: clean 2D vector-like illustration, thick dark outline, flat colors with soft cel shading, big glossy eyes, rounded shapes, kawaii, consistent front 3/4 view, soft top-left lighting. Full body, centered, nothing cropped. Plain pure white background, no text, no letters, no watermark, no frame. Palette aqua blue #3FA9F5 and translucent white; water-ripple marks and a bubble. Teen form: proper arms and legs, standing confidently, holds ONE small prop related to its meaning, cheerful expression. Medium detail. The character means ""become"". Do not draw any Chinese character or text."
art/成_3.png,成,water,3,"Cute collectible monster card character for a children's Chinese learning game. Style: clean 2D vector-like illustration, thick dark outline, flat colors with soft cel shading, big glossy eyes, rounded shapes, kawaii, consistent front 3/4 view, soft top-left lighting. Full body, centered, nothing cropped. Plain pure white background, no text, no letters, no watermark, no frame. Palette aqua blue #3FA9F5 and translucent white; water-ripple marks and a bubble. King form: taller heroic proportions, royal cape and a small crown, a glowing aura of its element behind it, proud smile. Most detailed. The character means ""become"". Do not draw any Chinese character or text."
art/多_1.png,多,earth,1,"Cute collectible monster card character for a children's Chinese learning game. Style: clean 2D vector-like illustration, thick dark outline, flat colors with soft cel shading, big glossy eyes, rounded shapes, kawaii, consistent front 3/4 view, soft top-left lighting. Full body, centered, nothing cropped. Plain pure white background, no text, no letters, no watermark, no frame. Palette sandy ochre #C89B5E and stone grey; a rocky back shell. Baby form: egg-shaped body, head is 60% of the body, stubby limbs or none, curious innocent expression. Small and simple. The character means ""many; much"". Do not draw any Chinese character or text."
art/多_2.png,多,earth,2,"Cute collectible monster card character for a children's Chinese learning game. Style: clean 2D vector-like illustration, thick dark outline, flat colors with soft cel shading, big glossy eyes, rounded shapes, kawaii, consistent front 3/4 view, soft top-left lighting. Full body, centered, nothing cropped. Plain pure white background, no text, no letters, no watermark, no frame. Palette sandy ochre #C89B5E and stone grey; a rocky back shell. Teen form: proper arms and legs, standing confidently, holds ONE small prop related to its meaning, cheerful expression. Medium detail. The character means ""many; much"". Do not draw any Chinese character or text."
art/多_3.png,多,earth,3,"Cute collectible monster card character for a children's Chinese learning game. Style: clean 2D vector-like illustration, thick dark outline, flat colors with soft cel shading, big glossy eyes, rounded shapes, kawaii, consistent front 3/4 view, soft top-left lighting. Full body, centered, nothing cropped. Plain pure white background, no text, no letters, no watermark, no frame. Palette sandy ochre #C89B5E and stone grey; a rocky back shell. King form: taller heroic proportions, royal cape and a small crown, a glowing aura of its element behind it, proud smile. Most detailed. The character means ""many; much"". Do not draw any Chinese character or text."
art/如_1.png,如,heart,1,"Cute collectible monster card character for a children's Chinese learning game. Style: clean 2D vector-like illustration, thick dark outline, flat colors with soft cel shading, big glossy eyes, rounded shapes, kawaii, consistent front 3/4 view, soft top-left lighting. Full body, centered, nothing cropped. Plain pure white background, no text, no letters, no watermark, no frame. Palette pink #FF7FA8 and lilac; fluffy fur, heart-shaped tail, blush cheeks. Baby form: egg-shaped body, head is 60% of the body, stubby limbs or none, curious innocent expression. Small and simple. The character means ""like; if"". Do not draw any Chinese character or text."
art/如_2.png,如,heart,2,"Cute collectible monster card character for a children's Chinese learning game. Style: clean 2D vector-like illustration, thick dark outline, flat colors with soft cel shading, big glossy eyes, rounded shapes, kawaii, consistent front 3/4 view, soft top-left lighting. Full body, centered, nothing cropped. Plain pure white background, no text, no letters, no watermark, no frame. Palette pink #FF7FA8 and lilac; fluffy fur, heart-shaped tail, blush cheeks. Teen form: proper arms and legs, standing confidently, holds ONE small prop related to its meaning, cheerful expression. Medium detail. The character means ""like; if"". Do not draw any Chinese character or text."
art/如_3.png,如,heart,3,"Cute collectible monster card character for a children's Chinese learning game. Style: clean 2D vector-like illustration, thick dark outline, flat colors with soft cel shading, big glossy eyes, rounded shapes, kawaii, consistent front 3/4 view, soft top-left lighting. Full body, centered, nothing cropped. Plain pure white background, no text, no letters, no watermark, no frame. Palette pink #FF7FA8 and lilac; fluffy fur, heart-shaped tail, blush cheeks. King form: taller heroic proportions, royal cape and a small crown, a glowing aura of its element behind it, proud smile. Most detailed. The character means ""like; if"". Do not draw any Chinese character or text."
art/同_1.png,同,heart,1,"Cute collectible monster card character for a children's Chinese learning game. Style: clean 2D vector-like illustration, thick dark outline, flat colors with soft cel shading, big glossy eyes, rounded shapes, kawaii, consistent front 3/4 view, soft top-left lighting. Full body, centered, nothing cropped. Plain pure white background, no text, no letters, no watermark, no frame. Palette pink #FF7FA8 and lilac; fluffy fur, heart-shaped tail, blush cheeks. Baby form: egg-shaped body, head is 60% of the body, stubby limbs or none, curious innocent expression. Small and simple. The character means ""same; with"". Do not draw any Chinese character or text."
art/同_2.png,同,heart,2,"Cute collectible monster card character for a children's Chinese learning game. Style: clean 2D vector-like illustration, thick dark outline, flat colors with soft cel shading, big glossy eyes, rounded shapes, kawaii, consistent front 3/4 view, soft top-left lighting. Full body, centered, nothing cropped. Plain pure white background, no text, no letters, no watermark, no frame. Palette pink #FF7FA8 and lilac; fluffy fur, heart-shaped tail, blush cheeks. Teen form: proper arms and legs, standing confidently, holds ONE small prop related to its meaning, cheerful expression. Medium detail. The character means ""same; with"". Do not draw any Chinese character or text."
art/同_3.png,同,heart,3,"Cute collectible monster card character for a children's Chinese learning game. Style: clean 2D vector-like illustration, thick dark outline, flat colors with soft cel shading, big glossy eyes, rounded shapes, kawaii, consistent front 3/4 view, soft top-left lighting. Full body, centered, nothing cropped. Plain pure white background, no text, no letters, no watermark, no frame. Palette pink #FF7FA8 and lilac; fluffy fur, heart-shaped tail, blush cheeks. King form: taller heroic proportions, royal cape and a small crown, a glowing aura of its element behind it, proud smile. Most detailed. The character means ""same; with"". Do not draw any Chinese character or text."
art/当_1.png,当,wood,1,"Cute collectible monster card character for a children's Chinese learning game. Style: clean 2D vector-like illustration, thick dark outline, flat colors with soft cel shading, big glossy eyes, rounded shapes, kawaii, consistent front 3/4 view, soft top-left lighting. Full body, centered, nothing cropped. Plain pure white background, no text, no letters, no watermark, no frame. Palette grass green #4CC35A and warm brown; leaf-shaped ears, twig-like arms. Baby form: egg-shaped body, head is 60% of the body, stubby limbs or none, curious innocent expression. Small and simple. The character means ""be; when"". Do not draw any Chinese character or text."
art/当_2.png,当,wood,2,"Cute collectible monster card character for a children's Chinese learning game. Style: clean 2D vector-like illustration, thick dark outline, flat colors with soft cel shading, big glossy eyes, rounded shapes, kawaii, consistent front 3/4 view, soft top-left lighting. Full body, centered, nothing cropped. Plain pure white background, no text, no letters, no watermark, no frame. Palette grass green #4CC35A and warm brown; leaf-shaped ears, twig-like arms. Teen form: proper arms and legs, standing confidently, holds ONE small prop related to its meaning, cheerful expression. Medium detail. The character means ""be; when"". Do not draw any Chinese character or text."
art/当_3.png,当,wood,3,"Cute collectible monster card character for a children's Chinese learning game. Style: clean 2D vector-like illustration, thick dark outline, flat colors with soft cel shading, big glossy eyes, rounded shapes, kawaii, consistent front 3/4 view, soft top-left lighting. Full body, centered, nothing cropped. Plain pure white background, no text, no letters, no watermark, no frame. Palette grass green #4CC35A and warm brown; leaf-shaped ears, twig-like arms. King form: taller heroic proportions, royal cape and a small crown, a glowing aura of its element behind it, proud smile. Most detailed. The character means ""be; when"". Do not draw any Chinese character or text."
art/动_1.png,动,heart,1,"Cute collectible monster card character for a children's Chinese learning game. Style: clean 2D vector-like illustration, thick dark outline, flat colors with soft cel shading, big glossy eyes, rounded shapes, kawaii, consistent front 3/4 view, soft top-left lighting. Full body, centered, nothing cropped. Plain pure white background, no text, no letters, no watermark, no frame. Palette pink #FF7FA8 and lilac; fluffy fur, heart-shaped tail, blush cheeks. Baby form: egg-shaped body, head is 60% of the body, stubby limbs or none, curious innocent expression. Small and simple. The character means ""move"". Do not draw any Chinese character or text."
art/动_2.png,动,heart,2,"Cute collectible monster card character for a children's Chinese learning game. Style: clean 2D vector-like illustration, thick dark outline, flat colors with soft cel shading, big glossy eyes, rounded shapes, kawaii, consistent front 3/4 view, soft top-left lighting. Full body, centered, nothing cropped. Plain pure white background, no text, no letters, no watermark, no frame. Palette pink #FF7FA8 and lilac; fluffy fur, heart-shaped tail, blush cheeks. Teen form: proper arms and legs, standing confidently, holds ONE small prop related to its meaning, cheerful expression. Medium detail. The character means ""move"". Do not draw any Chinese character or text."
art/动_3.png,动,heart,3,"Cute collectible monster card character for a children's Chinese learning game. Style: clean 2D vector-like illustration, thick dark outline, flat colors with soft cel shading, big glossy eyes, rounded shapes, kawaii, consistent front 3/4 view, soft top-left lighting. Full body, centered, nothing cropped. Plain pure white background, no text, no letters, no watermark, no frame. Palette pink #FF7FA8 and lilac; fluffy fur, heart-shaped tail, blush cheeks. King form: taller heroic proportions, royal cape and a small crown, a glowing aura of its element behind it, proud smile. Most detailed. The character means ""move"". Do not draw any Chinese character or text."
art/好_1.png,好,heart,1,"Cute collectible monster card character for a children's Chinese learning game. Style: clean 2D vector-like illustration, thick dark outline, flat colors with soft cel shading, big glossy eyes, rounded shapes, kawaii, consistent front 3/4 view, soft top-left lighting. Full body, centered, nothing cropped. Plain pure white background, no text, no letters, no watermark, no frame. Palette pink #FF7FA8 and lilac; fluffy fur, heart-shaped tail, blush cheeks. Baby form: egg-shaped body, head is 60% of the body, stubby limbs or none, curious innocent expression. Small and simple. The character means ""good"". Do not draw any Chinese character or text."
art/好_2.png,好,heart,2,"Cute collectible monster card character for a children's Chinese learning game. Style: clean 2D vector-like illustration, thick dark outline, flat colors with soft cel shading, big glossy eyes, rounded shapes, kawaii, consistent front 3/4 view, soft top-left lighting. Full body, centered, nothing cropped. Plain pure white background, no text, no letters, no watermark, no frame. Palette pink #FF7FA8 and lilac; fluffy fur, heart-shaped tail, blush cheeks. Teen form: proper arms and legs, standing confidently, holds ONE small prop related to its meaning, cheerful expression. Medium detail. The character means ""good"". Do not draw any Chinese character or text."
art/好_3.png,好,heart,3,"Cute collectible monster card character for a children's Chinese learning game. Style: clean 2D vector-like illustration, thick dark outline, flat colors with soft cel shading, big glossy eyes, rounded shapes, kawaii, consistent front 3/4 view, soft top-left lighting. Full body, centered, nothing cropped. Plain pure white background, no text, no letters, no watermark, no frame. Palette pink #FF7FA8 and lilac; fluffy fur, heart-shaped tail, blush cheeks. King form: taller heroic proportions, royal cape and a small crown, a glowing aura of its element behind it, proud smile. Most detailed. The character means ""good"". Do not draw any Chinese character or text."
art/她_1.png,她,heart,1,"Cute collectible monster card character for a children's Chinese learning game. Style: clean 2D vector-like illustration, thick dark outline, flat colors with soft cel shading, big glossy eyes, rounded shapes, kawaii, consistent front 3/4 view, soft top-left lighting. Full body, centered, nothing cropped. Plain pure white background, no text, no letters, no watermark, no frame. Palette pink #FF7FA8 and lilac; fluffy fur, heart-shaped tail, blush cheeks. Baby form: egg-shaped body, head is 60% of the body, stubby limbs or none, curious innocent expression. Small and simple. The character means ""she"". Do not draw any Chinese character or text."
art/她_2.png,她,heart,2,"Cute collectible monster card character for a children's Chinese learning game. Style: clean 2D vector-like illustration, thick dark outline, flat colors with soft cel shading, big glossy eyes, rounded shapes, kawaii, consistent front 3/4 view, soft top-left lighting. Full body, centered, nothing cropped. Plain pure white background, no text, no letters, no watermark, no frame. Palette pink #FF7FA8 and lilac; fluffy fur, heart-shaped tail, blush cheeks. Teen form: proper arms and legs, standing confidently, holds ONE small prop related to its meaning, cheerful expression. Medium detail. The character means ""she"". Do not draw any Chinese character or text."
art/她_3.png,她,heart,3,"Cute collectible monster card character for a children's Chinese learning game. Style: clean 2D vector-like illustration, thick dark outline, flat colors with soft cel shading, big glossy eyes, rounded shapes, kawaii, consistent front 3/4 view, soft top-left lighting. Full body, centered, nothing cropped. Plain pure white background, no text, no letters, no watermark, no frame. Palette pink #FF7FA8 and lilac; fluffy fur, heart-shaped tail, blush cheeks. King form: taller heroic proportions, royal cape and a small crown, a glowing aura of its element behind it, proud smile. Most detailed. The character means ""she"". Do not draw any Chinese character or text."
art/因_1.png,因,heart,1,"Cute collectible monster card character for a children's Chinese learning game. Style: clean 2D vector-like illustration, thick dark outline, flat colors with soft cel shading, big glossy eyes, rounded shapes, kawaii, consistent front 3/4 view, soft top-left lighting. Full body, centered, nothing cropped. Plain pure white background, no text, no letters, no watermark, no frame. Palette pink #FF7FA8 and lilac; fluffy fur, heart-shaped tail, blush cheeks. Baby form: egg-shaped body, head is 60% of the body, stubby limbs or none, curious innocent expression. Small and simple. The character means ""because"". Do not draw any Chinese character or text."
art/因_2.png,因,heart,2,"Cute collectible monster card character for a children's Chinese learning game. Style: clean 2D vector-like illustration, thick dark outline, flat colors with soft cel shading, big glossy eyes, rounded shapes, kawaii, consistent front 3/4 view, soft top-left lighting. Full body, centered, nothing cropped. Plain pure white background, no text, no letters, no watermark, no frame. Palette pink #FF7FA8 and lilac; fluffy fur, heart-shaped tail, blush cheeks. Teen form: proper arms and legs, standing confidently, holds ONE small prop related to its meaning, cheerful expression. Medium detail. The character means ""because"". Do not draw any Chinese character or text."
art/因_3.png,因,heart,3,"Cute collectible monster card character for a children's Chinese learning game. Style: clean 2D vector-like illustration, thick dark outline, flat colors with soft cel shading, big glossy eyes, rounded shapes, kawaii, consistent front 3/4 view, soft top-left lighting. Full body, centered, nothing cropped. Plain pure white background, no text, no letters, no watermark, no frame. Palette pink #FF7FA8 and lilac; fluffy fur, heart-shaped tail, blush cheeks. King form: taller heroic proportions, royal cape and a small crown, a glowing aura of its element behind it, proud smile. Most detailed. The character means ""because"". Do not draw any Chinese character or text."
art/军_1.png,军,fire,1,"Cute collectible monster card character for a children's Chinese learning game. Style: clean 2D vector-like illustration, thick dark outline, flat colors with soft cel shading, big glossy eyes, rounded shapes, kawaii, consistent front 3/4 view, soft top-left lighting. Full body, centered, nothing cropped. Plain pure white background, no text, no letters, no watermark, no frame. Palette orange-red #FF6B35 and golden yellow; a flame tuft on the head, a spark at the tail. Baby form: egg-shaped body, head is 60% of the body, stubby limbs or none, curious innocent expression. Small and simple. The character means ""army"". Do not draw any Chinese character or text."
art/军_2.png,军,fire,2,"Cute collectible monster card character for a children's Chinese learning game. Style: clean 2D vector-like illustration, thick dark outline, flat colors with soft cel shading, big glossy eyes, rounded shapes, kawaii, consistent front 3/4 view, soft top-left lighting. Full body, centered, nothing cropped. Plain pure white background, no text, no letters, no watermark, no frame. Palette orange-red #FF6B35 and golden yellow; a flame tuft on the head, a spark at the tail. Teen form: proper arms and legs, standing confidently, holds ONE small prop related to its meaning, cheerful expression. Medium detail. The character means ""army"". Do not draw any Chinese character or text."
art/军_3.png,军,fire,3,"Cute collectible monster card character for a children's Chinese learning game. Style: clean 2D vector-like illustration, thick dark outline, flat colors with soft cel shading, big glossy eyes, rounded shapes, kawaii, consistent front 3/4 view, soft top-left lighting. Full body, centered, nothing cropped. Plain pure white background, no text, no letters, no watermark, no frame. Palette orange-red #FF6B35 and golden yellow; a flame tuft on the head, a spark at the tail. King form: taller heroic proportions, royal cape and a small crown, a glowing aura of its element behind it, proud smile. Most detailed. The character means ""army"". Do not draw any Chinese character or text."
art/机_1.png,机,wood,1,"Cute collectible monster card character for a children's Chinese learning game. Style: clean 2D vector-like illustration, thick dark outline, flat colors with soft cel shading, big glossy eyes, rounded shapes, kawaii, consistent front 3/4 view, soft top-left lighting. Full body, centered, nothing cropped. Plain pure white background, no text, no letters, no watermark, no frame. Palette grass green #4CC35A and warm brown; leaf-shaped ears, twig-like arms. Baby form: egg-shaped body, head is 60% of the body, stubby limbs or none, curious innocent expression. Small and simple. The character means ""machine; chance"". Do not draw any Chinese character or text."
art/机_2.png,机,wood,2,"Cute collectible monster card character for a children's Chinese learning game. Style: clean 2D vector-like illustration, thick dark outline, flat colors with soft cel shading, big glossy eyes, rounded shapes, kawaii, consistent front 3/4 view, soft top-left lighting. Full body, centered, nothing cropped. Plain pure white background, no text, no letters, no watermark, no frame. Palette grass green #4CC35A and warm brown; leaf-shaped ears, twig-like arms. Teen form: proper arms and legs, standing confidently, holds ONE small prop related to its meaning, cheerful expression. Medium detail. The character means ""machine; chance"". Do not draw any Chinese character or text."
art/机_3.png,机,wood,3,"Cute collectible monster card character for a children's Chinese learning game. Style: clean 2D vector-like illustration, thick dark outline, flat colors with soft cel shading, big glossy eyes, rounded shapes, kawaii, consistent front 3/4 view, soft top-left lighting. Full body, centered, nothing cropped. Plain pure white background, no text, no letters, no watermark, no frame. Palette grass green #4CC35A and warm brown; leaf-shaped ears, twig-like arms. King form: taller heroic proportions, royal cape and a small crown, a glowing aura of its element behind it, proud smile. Most detailed. The character means ""machine; chance"". Do not draw any Chinese character or text."
art/此_1.png,此,water,1,"Cute collectible monster card character for a children's Chinese learning game. Style: clean 2D vector-like illustration, thick dark outline, flat colors with soft cel shading, big glossy eyes, rounded shapes, kawaii, consistent front 3/4 view, soft top-left lighting. Full body, centered, nothing cropped. Plain pure white background, no text, no letters, no watermark, no frame. Palette aqua blue #3FA9F5 and translucent white; water-ripple marks and a bubble. Baby form: egg-shaped body, head is 60% of the body, stubby limbs or none, curious innocent expression. Small and simple. The character means ""this"". Do not draw any Chinese character or text."
art/此_2.png,此,water,2,"Cute collectible monster card character for a children's Chinese learning game. Style: clean 2D vector-like illustration, thick dark outline, flat colors with soft cel shading, big glossy eyes, rounded shapes, kawaii, consistent front 3/4 view, soft top-left lighting. Full body, centered, nothing cropped. Plain pure white background, no text, no letters, no watermark, no frame. Palette aqua blue #3FA9F5 and translucent white; water-ripple marks and a bubble. Teen form: proper arms and legs, standing confidently, holds ONE small prop related to its meaning, cheerful expression. Medium detail. The character means ""this"". Do not draw any Chinese character or text."
art/此_3.png,此,water,3,"Cute collectible monster card character for a children's Chinese learning game. Style: clean 2D vector-like illustration, thick dark outline, flat colors with soft cel shading, big glossy eyes, rounded shapes, kawaii, consistent front 3/4 view, soft top-left lighting. Full body, centered, nothing cropped. Plain pure white background, no text, no letters, no watermark, no frame. Palette aqua blue #3FA9F5 and translucent white; water-ripple marks and a bubble. King form: taller heroic proportions, royal cape and a small crown, a glowing aura of its element behind it, proud smile. Most detailed. The character means ""this"". Do not draw any Chinese character or text."
art/全_1.png,全,earth,1,"Cute collectible monster card character for a children's Chinese learning game. Style: clean 2D vector-like illustration, thick dark outline, flat colors with soft cel shading, big glossy eyes, rounded shapes, kawaii, consistent front 3/4 view, soft top-left lighting. Full body, centered, nothing cropped. Plain pure white background, no text, no letters, no watermark, no frame. Palette sandy ochre #C89B5E and stone grey; a rocky back shell. Baby form: egg-shaped body, head is 60% of the body, stubby limbs or none, curious innocent expression. Small and simple. The character means ""whole; all"". Do not draw any Chinese character or text."
art/全_2.png,全,earth,2,"Cute collectible monster card character for a children's Chinese learning game. Style: clean 2D vector-like illustration, thick dark outline, flat colors with soft cel shading, big glossy eyes, rounded shapes, kawaii, consistent front 3/4 view, soft top-left lighting. Full body, centered, nothing cropped. Plain pure white background, no text, no letters, no watermark, no frame. Palette sandy ochre #C89B5E and stone grey; a rocky back shell. Teen form: proper arms and legs, standing confidently, holds ONE small prop related to its meaning, cheerful expression. Medium detail. The character means ""whole; all"". Do not draw any Chinese character or text."
art/全_3.png,全,earth,3,"Cute collectible monster card character for a children's Chinese learning game. Style: clean 2D vector-like illustration, thick dark outline, flat colors with soft cel shading, big glossy eyes, rounded shapes, kawaii, consistent front 3/4 view, soft top-left lighting. Full body, centered, nothing cropped. Plain pure white background, no text, no letters, no watermark, no frame. Palette sandy ochre #C89B5E and stone grey; a rocky back shell. King form: taller heroic proportions, royal cape and a small crown, a glowing aura of its element behind it, proud smile. Most detailed. The character means ""whole; all"". Do not draw any Chinese character or text."
art/关_1.png,关,wood,1,"Cute collectible monster card character for a children's Chinese learning game. Style: clean 2D vector-like illustration, thick dark outline, flat colors with soft cel shading, big glossy eyes, rounded shapes, kawaii, consistent front 3/4 view, soft top-left lighting. Full body, centered, nothing cropped. Plain pure white background, no text, no letters, no watermark, no frame. Palette grass green #4CC35A and warm brown; leaf-shaped ears, twig-like arms. Baby form: egg-shaped body, head is 60% of the body, stubby limbs or none, curious innocent expression. Small and simple. The character means ""close"". Do not draw any Chinese character or text."
art/关_2.png,关,wood,2,"Cute collectible monster card character for a children's Chinese learning game. Style: clean 2D vector-like illustration, thick dark outline, flat colors with soft cel shading, big glossy eyes, rounded shapes, kawaii, consistent front 3/4 view, soft top-left lighting. Full body, centered, nothing cropped. Plain pure white background, no text, no letters, no watermark, no frame. Palette grass green #4CC35A and warm brown; leaf-shaped ears, twig-like arms. Teen form: proper arms and legs, standing confidently, holds ONE small prop related to its meaning, cheerful expression. Medium detail. The character means ""close"". Do not draw any Chinese character or text."
art/关_3.png,关,wood,3,"Cute collectible monster card character for a children's Chinese learning game. Style: clean 2D vector-like illustration, thick dark outline, flat colors with soft cel shading, big glossy eyes, rounded shapes, kawaii, consistent front 3/4 view, soft top-left lighting. Full body, centered, nothing cropped. Plain pure white background, no text, no letters, no watermark, no frame. Palette grass green #4CC35A and warm brown; leaf-shaped ears, twig-like arms. King form: taller heroic proportions, royal cape and a small crown, a glowing aura of its element behind it, proud smile. Most detailed. The character means ""close"". Do not draw any Chinese character or text."
art/问_1.png,问,water,1,"Cute collectible monster card character for a children's Chinese learning game. Style: clean 2D vector-like illustration, thick dark outline, flat colors with soft cel shading, big glossy eyes, rounded shapes, kawaii, consistent front 3/4 view, soft top-left lighting. Full body, centered, nothing cropped. Plain pure white background, no text, no letters, no watermark, no frame. Palette aqua blue #3FA9F5 and translucent white; water-ripple marks and a bubble. Baby form: egg-shaped body, head is 60% of the body, stubby limbs or none, curious innocent expression. Small and simple. The character means ""ask"". Do not draw any Chinese character or text."
art/问_2.png,问,water,2,"Cute collectible monster card character for a children's Chinese learning game. Style: clean 2D vector-like illustration, thick dark outline, flat colors with soft cel shading, big glossy eyes, rounded shapes, kawaii, consistent front 3/4 view, soft top-left lighting. Full body, centered, nothing cropped. Plain pure white background, no text, no letters, no watermark, no frame. Palette aqua blue #3FA9F5 and translucent white; water-ripple marks and a bubble. Teen form: proper arms and legs, standing confidently, holds ONE small prop related to its meaning, cheerful expression. Medium detail. The character means ""ask"". Do not draw any Chinese character or text."
art/问_3.png,问,water,3,"Cute collectible monster card character for a children's Chinese learning game. Style: clean 2D vector-like illustration, thick dark outline, flat colors with soft cel shading, big glossy eyes, rounded shapes, kawaii, consistent front 3/4 view, soft top-left lighting. Full body, centered, nothing cropped. Plain pure white background, no text, no letters, no watermark, no frame. Palette aqua blue #3FA9F5 and translucent white; water-ripple marks and a bubble. King form: taller heroic proportions, royal cape and a small crown, a glowing aura of its element behind it, proud smile. Most detailed. The character means ""ask"". Do not draw any Chinese character or text."
art/并_1.png,并,earth,1,"Cute collectible monster card character for a children's Chinese learning game. Style: clean 2D vector-like illustration, thick dark outline, flat colors with soft cel shading, big glossy eyes, rounded shapes, kawaii, consistent front 3/4 view, soft top-left lighting. Full body, centered, nothing cropped. Plain pure white background, no text, no letters, no watermark, no frame. Palette sandy ochre #C89B5E and stone grey; a rocky back shell. Baby form: egg-shaped body, head is 60% of the body, stubby limbs or none, curious innocent expression. Small and simple. The character means ""and; combine"". Do not draw any Chinese character or text."
art/并_2.png,并,earth,2,"Cute collectible monster card character for a children's Chinese learning game. Style: clean 2D vector-like illustration, thick dark outline, flat colors with soft cel shading, big glossy eyes, rounded shapes, kawaii, consistent front 3/4 view, soft top-left lighting. Full body, centered, nothing cropped. Plain pure white background, no text, no letters, no watermark, no frame. Palette sandy ochre #C89B5E and stone grey; a rocky back shell. Teen form: proper arms and legs, standing confidently, holds ONE small prop related to its meaning, cheerful expression. Medium detail. The character means ""and; combine"". Do not draw any Chinese character or text."
art/并_3.png,并,earth,3,"Cute collectible monster card character for a children's Chinese learning game. Style: clean 2D vector-like illustration, thick dark outline, flat colors with soft cel shading, big glossy eyes, rounded shapes, kawaii, consistent front 3/4 view, soft top-left lighting. Full body, centered, nothing cropped. Plain pure white background, no text, no letters, no watermark, no frame. Palette sandy ochre #C89B5E and stone grey; a rocky back shell. King form: taller heroic proportions, royal cape and a small crown, a glowing aura of its element behind it, proud smile. Most detailed. The character means ""and; combine"". Do not draw any Chinese character or text."
art/向_1.png,向,heart,1,"Cute collectible monster card character for a children's Chinese learning game. Style: clean 2D vector-like illustration, thick dark outline, flat colors with soft cel shading, big glossy eyes, rounded shapes, kawaii, consistent front 3/4 view, soft top-left lighting. Full body, centered, nothing cropped. Plain pure white background, no text, no letters, no watermark, no frame. Palette pink #FF7FA8 and lilac; fluffy fur, heart-shaped tail, blush cheeks. Baby form: egg-shaped body, head is 60% of the body, stubby limbs or none, curious innocent expression. Small and simple. The character means ""towards"". Do not draw any Chinese character or text."
art/向_2.png,向,heart,2,"Cute collectible monster card character for a children's Chinese learning game. Style: clean 2D vector-like illustration, thick dark outline, flat colors with soft cel shading, big glossy eyes, rounded shapes, kawaii, consistent front 3/4 view, soft top-left lighting. Full body, centered, nothing cropped. Plain pure white background, no text, no letters, no watermark, no frame. Palette pink #FF7FA8 and lilac; fluffy fur, heart-shaped tail, blush cheeks. Teen form: proper arms and legs, standing confidently, holds ONE small prop related to its meaning, cheerful expression. Medium detail. The character means ""towards"". Do not draw any Chinese character or text."
art/向_3.png,向,heart,3,"Cute collectible monster card character for a children's Chinese learning game. Style: clean 2D vector-like illustration, thick dark outline, flat colors with soft cel shading, big glossy eyes, rounded shapes, kawaii, consistent front 3/4 view, soft top-left lighting. Full body, centered, nothing cropped. Plain pure white background, no text, no letters, no watermark, no frame. Palette pink #FF7FA8 and lilac; fluffy fur, heart-shaped tail, blush cheeks. King form: taller heroic proportions, royal cape and a small crown, a glowing aura of its element behind it, proud smile. Most detailed. The character means ""towards"". Do not draw any Chinese character or text."
art/产_1.png,产,fire,1,"Cute collectible monster card character for a children's Chinese learning game. Style: clean 2D vector-like illustration, thick dark outline, flat colors with soft cel shading, big glossy eyes, rounded shapes, kawaii, consistent front 3/4 view, soft top-left lighting. Full body, centered, nothing cropped. Plain pure white background, no text, no letters, no watermark, no frame. Palette orange-red #FF6B35 and golden yellow; a flame tuft on the head, a spark at the tail. Baby form: egg-shaped body, head is 60% of the body, stubby limbs or none, curious innocent expression. Small and simple. The character means ""produce"". Do not draw any Chinese character or text."
art/产_2.png,产,fire,2,"Cute collectible monster card character for a children's Chinese learning game. Style: clean 2D vector-like illustration, thick dark outline, flat colors with soft cel shading, big glossy eyes, rounded shapes, kawaii, consistent front 3/4 view, soft top-left lighting. Full body, centered, nothing cropped. Plain pure white background, no text, no letters, no watermark, no frame. Palette orange-red #FF6B35 and golden yellow; a flame tuft on the head, a spark at the tail. Teen form: proper arms and legs, standing confidently, holds ONE small prop related to its meaning, cheerful expression. Medium detail. The character means ""produce"". Do not draw any Chinese character or text."
art/产_3.png,产,fire,3,"Cute collectible monster card character for a children's Chinese learning game. Style: clean 2D vector-like illustration, thick dark outline, flat colors with soft cel shading, big glossy eyes, rounded shapes, kawaii, consistent front 3/4 view, soft top-left lighting. Full body, centered, nothing cropped. Plain pure white background, no text, no letters, no watermark, no frame. Palette orange-red #FF6B35 and golden yellow; a flame tuft on the head, a spark at the tail. King form: taller heroic proportions, royal cape and a small crown, a glowing aura of its element behind it, proud smile. Most detailed. The character means ""produce"". Do not draw any Chinese character or text."
art/西_1.png,西,sky,1,"Cute collectible monster card character for a children's Chinese learning game. Style: clean 2D vector-like illustration, thick dark outline, flat colors with soft cel shading, big glossy eyes, rounded shapes, kawaii, consistent front 3/4 view, soft top-left lighting. Full body, centered, nothing cropped. Plain pure white background, no text, no letters, no watermark, no frame. Palette sky blue #5AB6FF and cream white; tiny wings and cloud-like feet. Baby form: egg-shaped body, head is 60% of the body, stubby limbs or none, curious innocent expression. Small and simple. The character means ""west"". Do not draw any Chinese character or text."
art/西_2.png,西,sky,2,"Cute collectible monster card character for a children's Chinese learning game. Style: clean 2D vector-like illustration, thick dark outline, flat colors with soft cel shading, big glossy eyes, rounded shapes, kawaii, consistent front 3/4 view, soft top-left lighting. Full body, centered, nothing cropped. Plain pure white background, no text, no letters, no watermark, no frame. Palette sky blue #5AB6FF and cream white; tiny wings and cloud-like feet. Teen form: proper arms and legs, standing confidently, holds ONE small prop related to its meaning, cheerful expression. Medium detail. The character means ""west"". Do not draw any Chinese character or text."
art/西_3.png,西,sky,3,"Cute collectible monster card character for a children's Chinese learning game. Style: clean 2D vector-like illustration, thick dark outline, flat colors with soft cel shading, big glossy eyes, rounded shapes, kawaii, consistent front 3/4 view, soft top-left lighting. Full body, centered, nothing cropped. Plain pure white background, no text, no letters, no watermark, no frame. Palette sky blue #5AB6FF and cream white; tiny wings and cloud-like feet. King form: taller heroic proportions, royal cape and a small crown, a glowing aura of its element behind it, proud smile. Most detailed. The character means ""west"". Do not draw any Chinese character or text."
art/合_1.png,合,heart,1,"Cute collectible monster card character for a children's Chinese learning game. Style: clean 2D vector-like illustration, thick dark outline, flat colors with soft cel shading, big glossy eyes, rounded shapes, kawaii, consistent front 3/4 view, soft top-left lighting. Full body, centered, nothing cropped. Plain pure white background, no text, no letters, no watermark, no frame. Palette pink #FF7FA8 and lilac; fluffy fur, heart-shaped tail, blush cheeks. Baby form: egg-shaped body, head is 60% of the body, stubby limbs or none, curious innocent expression. Small and simple. The character means ""to close"". Do not draw any Chinese character or text."
art/合_2.png,合,heart,2,"Cute collectible monster card character for a children's Chinese learning game. Style: clean 2D vector-like illustration, thick dark outline, flat colors with soft cel shading, big glossy eyes, rounded shapes, kawaii, consistent front 3/4 view, soft top-left lighting. Full body, centered, nothing cropped. Plain pure white background, no text, no letters, no watermark, no frame. Palette pink #FF7FA8 and lilac; fluffy fur, heart-shaped tail, blush cheeks. Teen form: proper arms and legs, standing confidently, holds ONE small prop related to its meaning, cheerful expression. Medium detail. The character means ""to close"". Do not draw any Chinese character or text."
art/合_3.png,合,heart,3,"Cute collectible monster card character for a children's Chinese learning game. Style: clean 2D vector-like illustration, thick dark outline, flat colors with soft cel shading, big glossy eyes, rounded shapes, kawaii, consistent front 3/4 view, soft top-left lighting. Full body, centered, nothing cropped. Plain pure white background, no text, no letters, no watermark, no frame. Palette pink #FF7FA8 and lilac; fluffy fur, heart-shaped tail, blush cheeks. King form: taller heroic proportions, royal cape and a small crown, a glowing aura of its element behind it, proud smile. Most detailed. The character means ""to close"". Do not draw any Chinese character or text."
art/回_1.png,回,earth,1,"Cute collectible monster card character for a children's Chinese learning game. Style: clean 2D vector-like illustration, thick dark outline, flat colors with soft cel shading, big glossy eyes, rounded shapes, kawaii, consistent front 3/4 view, soft top-left lighting. Full body, centered, nothing cropped. Plain pure white background, no text, no letters, no watermark, no frame. Palette sandy ochre #C89B5E and stone grey; a rocky back shell. Baby form: egg-shaped body, head is 60% of the body, stubby limbs or none, curious innocent expression. Small and simple. The character means ""return"". Do not draw any Chinese character or text."
art/回_2.png,回,earth,2,"Cute collectible monster card character for a children's Chinese learning game. Style: clean 2D vector-like illustration, thick dark outline, flat colors with soft cel shading, big glossy eyes, rounded shapes, kawaii, consistent front 3/4 view, soft top-left lighting. Full body, centered, nothing cropped. Plain pure white background, no text, no letters, no watermark, no frame. Palette sandy ochre #C89B5E and stone grey; a rocky back shell. Teen form: proper arms and legs, standing confidently, holds ONE small prop related to its meaning, cheerful expression. Medium detail. The character means ""return"". Do not draw any Chinese character or text."
art/回_3.png,回,earth,3,"Cute collectible monster card character for a children's Chinese learning game. Style: clean 2D vector-like illustration, thick dark outline, flat colors with soft cel shading, big glossy eyes, rounded shapes, kawaii, consistent front 3/4 view, soft top-left lighting. Full body, centered, nothing cropped. Plain pure white background, no text, no letters, no watermark, no frame. Palette sandy ochre #C89B5E and stone grey; a rocky back shell. King form: taller heroic proportions, royal cape and a small crown, a glowing aura of its element behind it, proud smile. Most detailed. The character means ""return"". Do not draw any Chinese character or text."
art/老_1.png,老,sky,1,"Cute collectible monster card character for a children's Chinese learning game. Style: clean 2D vector-like illustration, thick dark outline, flat colors with soft cel shading, big glossy eyes, rounded shapes, kawaii, consistent front 3/4 view, soft top-left lighting. Full body, centered, nothing cropped. Plain pure white background, no text, no letters, no watermark, no frame. Palette sky blue #5AB6FF and cream white; tiny wings and cloud-like feet. Baby form: egg-shaped body, head is 60% of the body, stubby limbs or none, curious innocent expression. Small and simple. The character means ""old"". Do not draw any Chinese character or text."
art/老_2.png,老,sky,2,"Cute collectible monster card character for a children's Chinese learning game. Style: clean 2D vector-like illustration, thick dark outline, flat colors with soft cel shading, big glossy eyes, rounded shapes, kawaii, consistent front 3/4 view, soft top-left lighting. Full body, centered, nothing cropped. Plain pure white background, no text, no letters, no watermark, no frame. Palette sky blue #5AB6FF and cream white; tiny wings and cloud-like feet. Teen form: proper arms and legs, standing confidently, holds ONE small prop related to its meaning, cheerful expression. Medium detail. The character means ""old"". Do not draw any Chinese character or text."
art/老_3.png,老,sky,3,"Cute collectible monster card character for a children's Chinese learning game. Style: clean 2D vector-like illustration, thick dark outline, flat colors with soft cel shading, big glossy eyes, rounded shapes, kawaii, consistent front 3/4 view, soft top-left lighting. Full body, centered, nothing cropped. Plain pure white background, no text, no letters, no watermark, no frame. Palette sky blue #5AB6FF and cream white; tiny wings and cloud-like feet. King form: taller heroic proportions, royal cape and a small crown, a glowing aura of its element behind it, proud smile. Most detailed. The character means ""old"". Do not draw any Chinese character or text."
art/次_1.png,次,fire,1,"Cute collectible monster card character for a children's Chinese learning game. Style: clean 2D vector-like illustration, thick dark outline, flat colors with soft cel shading, big glossy eyes, rounded shapes, kawaii, consistent front 3/4 view, soft top-left lighting. Full body, centered, nothing cropped. Plain pure white background, no text, no letters, no watermark, no frame. Palette orange-red #FF6B35 and golden yellow; a flame tuft on the head, a spark at the tail. Baby form: egg-shaped body, head is 60% of the body, stubby limbs or none, curious innocent expression. Small and simple. The character means ""time; order"". Do not draw any Chinese character or text."
art/次_2.png,次,fire,2,"Cute collectible monster card character for a children's Chinese learning game. Style: clean 2D vector-like illustration, thick dark outline, flat colors with soft cel shading, big glossy eyes, rounded shapes, kawaii, consistent front 3/4 view, soft top-left lighting. Full body, centered, nothing cropped. Plain pure white background, no text, no letters, no watermark, no frame. Palette orange-red #FF6B35 and golden yellow; a flame tuft on the head, a spark at the tail. Teen form: proper arms and legs, standing confidently, holds ONE small prop related to its meaning, cheerful expression. Medium detail. The character means ""time; order"". Do not draw any Chinese character or text."
art/次_3.png,次,fire,3,"Cute collectible monster card character for a children's Chinese learning game. Style: clean 2D vector-like illustration, thick dark outline, flat colors with soft cel shading, big glossy eyes, rounded shapes, kawaii, consistent front 3/4 view, soft top-left lighting. Full body, centered, nothing cropped. Plain pure white background, no text, no letters, no watermark, no frame. Palette orange-red #FF6B35 and golden yellow; a flame tuft on the head, a spark at the tail. King form: taller heroic proportions, royal cape and a small crown, a glowing aura of its element behind it, proud smile. Most detailed. The character means ""time; order"". Do not draw any Chinese character or text."
art/任_1.png,任,heart,1,"Cute collectible monster card character for a children's Chinese learning game. Style: clean 2D vector-like illustration, thick dark outline, flat colors with soft cel shading, big glossy eyes, rounded shapes, kawaii, consistent front 3/4 view, soft top-left lighting. Full body, centered, nothing cropped. Plain pure white background, no text, no letters, no watermark, no frame. Palette pink #FF7FA8 and lilac; fluffy fur, heart-shaped tail, blush cheeks. Baby form: egg-shaped body, head is 60% of the body, stubby limbs or none, curious innocent expression. Small and simple. The character means ""duty; let"". Do not draw any Chinese character or text."
art/任_2.png,任,heart,2,"Cute collectible monster card character for a children's Chinese learning game. Style: clean 2D vector-like illustration, thick dark outline, flat colors with soft cel shading, big glossy eyes, rounded shapes, kawaii, consistent front 3/4 view, soft top-left lighting. Full body, centered, nothing cropped. Plain pure white background, no text, no letters, no watermark, no frame. Palette pink #FF7FA8 and lilac; fluffy fur, heart-shaped tail, blush cheeks. Teen form: proper arms and legs, standing confidently, holds ONE small prop related to its meaning, cheerful expression. Medium detail. The character means ""duty; let"". Do not draw any Chinese character or text."
art/任_3.png,任,heart,3,"Cute collectible monster card character for a children's Chinese learning game. Style: clean 2D vector-like illustration, thick dark outline, flat colors with soft cel shading, big glossy eyes, rounded shapes, kawaii, consistent front 3/4 view, soft top-left lighting. Full body, centered, nothing cropped. Plain pure white background, no text, no letters, no watermark, no frame. Palette pink #FF7FA8 and lilac; fluffy fur, heart-shaped tail, blush cheeks. King form: taller heroic proportions, royal cape and a small crown, a glowing aura of its element behind it, proud smile. Most detailed. The character means ""duty; let"". Do not draw any Chinese character or text."
art/先_1.png,先,water,1,"Cute collectible monster card character for a children's Chinese learning game. Style: clean 2D vector-like illustration, thick dark outline, flat colors with soft cel shading, big glossy eyes, rounded shapes, kawaii, consistent front 3/4 view, soft top-left lighting. Full body, centered, nothing cropped. Plain pure white background, no text, no letters, no watermark, no frame. Palette aqua blue #3FA9F5 and translucent white; water-ripple marks and a bubble. Baby form: egg-shaped body, head is 60% of the body, stubby limbs or none, curious innocent expression. Small and simple. The character means ""first"". Do not draw any Chinese character or text."
art/先_2.png,先,water,2,"Cute collectible monster card character for a children's Chinese learning game. Style: clean 2D vector-like illustration, thick dark outline, flat colors with soft cel shading, big glossy eyes, rounded shapes, kawaii, consistent front 3/4 view, soft top-left lighting. Full body, centered, nothing cropped. Plain pure white background, no text, no letters, no watermark, no frame. Palette aqua blue #3FA9F5 and translucent white; water-ripple marks and a bubble. Teen form: proper arms and legs, standing confidently, holds ONE small prop related to its meaning, cheerful expression. Medium detail. The character means ""first"". Do not draw any Chinese character or text."
art/先_3.png,先,water,3,"Cute collectible monster card character for a children's Chinese learning game. Style: clean 2D vector-like illustration, thick dark outline, flat colors with soft cel shading, big glossy eyes, rounded shapes, kawaii, consistent front 3/4 view, soft top-left lighting. Full body, centered, nothing cropped. Plain pure white background, no text, no letters, no watermark, no frame. Palette aqua blue #3FA9F5 and translucent white; water-ripple marks and a bubble. King form: taller heroic proportions, royal cape and a small crown, a glowing aura of its element behind it, proud smile. Most detailed. The character means ""first"". Do not draw any Chinese character or text."
art/名_1.png,名,heart,1,"Cute collectible monster card character for a children's Chinese learning game. Style: clean 2D vector-like illustration, thick dark outline, flat colors with soft cel shading, big glossy eyes, rounded shapes, kawaii, consistent front 3/4 view, soft top-left lighting. Full body, centered, nothing cropped. Plain pure white background, no text, no letters, no watermark, no frame. Palette pink #FF7FA8 and lilac; fluffy fur, heart-shaped tail, blush cheeks. Baby form: egg-shaped body, head is 60% of the body, stubby limbs or none, curious innocent expression. Small and simple. The character means ""name"". Do not draw any Chinese character or text."
art/名_2.png,名,heart,2,"Cute collectible monster card character for a children's Chinese learning game. Style: clean 2D vector-like illustration, thick dark outline, flat colors with soft cel shading, big glossy eyes, rounded shapes, kawaii, consistent front 3/4 view, soft top-left lighting. Full body, centered, nothing cropped. Plain pure white background, no text, no letters, no watermark, no frame. Palette pink #FF7FA8 and lilac; fluffy fur, heart-shaped tail, blush cheeks. Teen form: proper arms and legs, standing confidently, holds ONE small prop related to its meaning, cheerful expression. Medium detail. The character means ""name"". Do not draw any Chinese character or text."
art/名_3.png,名,heart,3,"Cute collectible monster card character for a children's Chinese learning game. Style: clean 2D vector-like illustration, thick dark outline, flat colors with soft cel shading, big glossy eyes, rounded shapes, kawaii, consistent front 3/4 view, soft top-left lighting. Full body, centered, nothing cropped. Plain pure white background, no text, no letters, no watermark, no frame. Palette pink #FF7FA8 and lilac; fluffy fur, heart-shaped tail, blush cheeks. King form: taller heroic proportions, royal cape and a small crown, a glowing aura of its element behind it, proud smile. Most detailed. The character means ""name"". Do not draw any Chinese character or text."
art/论_1.png,论,heart,1,"Cute collectible monster card character for a children's Chinese learning game. Style: clean 2D vector-like illustration, thick dark outline, flat colors with soft cel shading, big glossy eyes, rounded shapes, kawaii, consistent front 3/4 view, soft top-left lighting. Full body, centered, nothing cropped. Plain pure white background, no text, no letters, no watermark, no frame. Palette pink #FF7FA8 and lilac; fluffy fur, heart-shaped tail, blush cheeks. Baby form: egg-shaped body, head is 60% of the body, stubby limbs or none, curious innocent expression. Small and simple. The character means ""discuss"". Do not draw any Chinese character or text."
art/论_2.png,论,heart,2,"Cute collectible monster card character for a children's Chinese learning game. Style: clean 2D vector-like illustration, thick dark outline, flat colors with soft cel shading, big glossy eyes, rounded shapes, kawaii, consistent front 3/4 view, soft top-left lighting. Full body, centered, nothing cropped. Plain pure white background, no text, no letters, no watermark, no frame. Palette pink #FF7FA8 and lilac; fluffy fur, heart-shaped tail, blush cheeks. Teen form: proper arms and legs, standing confidently, holds ONE small prop related to its meaning, cheerful expression. Medium detail. The character means ""discuss"". Do not draw any Chinese character or text."
art/论_3.png,论,heart,3,"Cute collectible monster card character for a children's Chinese learning game. Style: clean 2D vector-like illustration, thick dark outline, flat colors with soft cel shading, big glossy eyes, rounded shapes, kawaii, consistent front 3/4 view, soft top-left lighting. Full body, centered, nothing cropped. Plain pure white background, no text, no letters, no watermark, no frame. Palette pink #FF7FA8 and lilac; fluffy fur, heart-shaped tail, blush cheeks. King form: taller heroic proportions, royal cape and a small crown, a glowing aura of its element behind it, proud smile. Most detailed. The character means ""discuss"". Do not draw any Chinese character or text."
art/各_1.png,各,heart,1,"Cute collectible monster card character for a children's Chinese learning game. Style: clean 2D vector-like illustration, thick dark outline, flat colors with soft cel shading, big glossy eyes, rounded shapes, kawaii, consistent front 3/4 view, soft top-left lighting. Full body, centered, nothing cropped. Plain pure white background, no text, no letters, no watermark, no frame. Palette pink #FF7FA8 and lilac; fluffy fur, heart-shaped tail, blush cheeks. Baby form: egg-shaped body, head is 60% of the body, stubby limbs or none, curious innocent expression. Small and simple. The character means ""each"". Do not draw any Chinese character or text."
art/各_2.png,各,heart,2,"Cute collectible monster card character for a children's Chinese learning game. Style: clean 2D vector-like illustration, thick dark outline, flat colors with soft cel shading, big glossy eyes, rounded shapes, kawaii, consistent front 3/4 view, soft top-left lighting. Full body, centered, nothing cropped. Plain pure white background, no text, no letters, no watermark, no frame. Palette pink #FF7FA8 and lilac; fluffy fur, heart-shaped tail, blush cheeks. Teen form: proper arms and legs, standing confidently, holds ONE small prop related to its meaning, cheerful expression. Medium detail. The character means ""each"". Do not draw any Chinese character or text."
art/各_3.png,各,heart,3,"Cute collectible monster card character for a children's Chinese learning game. Style: clean 2D vector-like illustration, thick dark outline, flat colors with soft cel shading, big glossy eyes, rounded shapes, kawaii, consistent front 3/4 view, soft top-left lighting. Full body, centered, nothing cropped. Plain pure white background, no text, no letters, no watermark, no frame. Palette pink #FF7FA8 and lilac; fluffy fur, heart-shaped tail, blush cheeks. King form: taller heroic proportions, royal cape and a small crown, a glowing aura of its element behind it, proud smile. Most detailed. The character means ""each"". Do not draw any Chinese character or text."
art/安_1.png,安,sky,1,"Cute collectible monster card character for a children's Chinese learning game. Style: clean 2D vector-like illustration, thick dark outline, flat colors with soft cel shading, big glossy eyes, rounded shapes, kawaii, consistent front 3/4 view, soft top-left lighting. Full body, centered, nothing cropped. Plain pure white background, no text, no letters, no watermark, no frame. Palette sky blue #5AB6FF and cream white; tiny wings and cloud-like feet. Baby form: egg-shaped body, head is 60% of the body, stubby limbs or none, curious innocent expression. Small and simple. The character means ""peace; safe"". Do not draw any Chinese character or text."
art/安_2.png,安,sky,2,"Cute collectible monster card character for a children's Chinese learning game. Style: clean 2D vector-like illustration, thick dark outline, flat colors with soft cel shading, big glossy eyes, rounded shapes, kawaii, consistent front 3/4 view, soft top-left lighting. Full body, centered, nothing cropped. Plain pure white background, no text, no letters, no watermark, no frame. Palette sky blue #5AB6FF and cream white; tiny wings and cloud-like feet. Teen form: proper arms and legs, standing confidently, holds ONE small prop related to its meaning, cheerful expression. Medium detail. The character means ""peace; safe"". Do not draw any Chinese character or text."
art/安_3.png,安,sky,3,"Cute collectible monster card character for a children's Chinese learning game. Style: clean 2D vector-like illustration, thick dark outline, flat colors with soft cel shading, big glossy eyes, rounded shapes, kawaii, consistent front 3/4 view, soft top-left lighting. Full body, centered, nothing cropped. Plain pure white background, no text, no letters, no watermark, no frame. Palette sky blue #5AB6FF and cream white; tiny wings and cloud-like feet. King form: taller heroic proportions, royal cape and a small crown, a glowing aura of its element behind it, proud smile. Most detailed. The character means ""peace; safe"". Do not draw any Chinese character or text."
art/再_1.png,再,sky,1,"Cute collectible monster card character for a children's Chinese learning game. Style: clean 2D vector-like illustration, thick dark outline, flat colors with soft cel shading, big glossy eyes, rounded shapes, kawaii, consistent front 3/4 view, soft top-left lighting. Full body, centered, nothing cropped. Plain pure white background, no text, no letters, no watermark, no frame. Palette sky blue #5AB6FF and cream white; tiny wings and cloud-like feet. Baby form: egg-shaped body, head is 60% of the body, stubby limbs or none, curious innocent expression. Small and simple. The character means ""again"". Do not draw any Chinese character or text."
art/再_2.png,再,sky,2,"Cute collectible monster card character for a children's Chinese learning game. Style: clean 2D vector-like illustration, thick dark outline, flat colors with soft cel shading, big glossy eyes, rounded shapes, kawaii, consistent front 3/4 view, soft top-left lighting. Full body, centered, nothing cropped. Plain pure white background, no text, no letters, no watermark, no frame. Palette sky blue #5AB6FF and cream white; tiny wings and cloud-like feet. Teen form: proper arms and legs, standing confidently, holds ONE small prop related to its meaning, cheerful expression. Medium detail. The character means ""again"". Do not draw any Chinese character or text."
art/再_3.png,再,sky,3,"Cute collectible monster card character for a children's Chinese learning game. Style: clean 2D vector-like illustration, thick dark outline, flat colors with soft cel shading, big glossy eyes, rounded shapes, kawaii, consistent front 3/4 view, soft top-left lighting. Full body, centered, nothing cropped. Plain pure white background, no text, no letters, no watermark, no frame. Palette sky blue #5AB6FF and cream white; tiny wings and cloud-like feet. King form: taller heroic proportions, royal cape and a small crown, a glowing aura of its element behind it, proud smile. Most detailed. The character means ""again"". Do not draw any Chinese character or text."
art/场_1.png,场,earth,1,"Cute collectible monster card character for a children's Chinese learning game. Style: clean 2D vector-like illustration, thick dark outline, flat colors with soft cel shading, big glossy eyes, rounded shapes, kawaii, consistent front 3/4 view, soft top-left lighting. Full body, centered, nothing cropped. Plain pure white background, no text, no letters, no watermark, no frame. Palette sandy ochre #C89B5E and stone grey; a rocky back shell. Baby form: egg-shaped body, head is 60% of the body, stubby limbs or none, curious innocent expression. Small and simple. The character means ""place; field"". Do not draw any Chinese character or text."
art/场_2.png,场,earth,2,"Cute collectible monster card character for a children's Chinese learning game. Style: clean 2D vector-like illustration, thick dark outline, flat colors with soft cel shading, big glossy eyes, rounded shapes, kawaii, consistent front 3/4 view, soft top-left lighting. Full body, centered, nothing cropped. Plain pure white background, no text, no letters, no watermark, no frame. Palette sandy ochre #C89B5E and stone grey; a rocky back shell. Teen form: proper arms and legs, standing confidently, holds ONE small prop related to its meaning, cheerful expression. Medium detail. The character means ""place; field"". Do not draw any Chinese character or text."
art/场_3.png,场,earth,3,"Cute collectible monster card character for a children's Chinese learning game. Style: clean 2D vector-like illustration, thick dark outline, flat colors with soft cel shading, big glossy eyes, rounded shapes, kawaii, consistent front 3/4 view, soft top-left lighting. Full body, centered, nothing cropped. Plain pure white background, no text, no letters, no watermark, no frame. Palette sandy ochre #C89B5E and stone grey; a rocky back shell. King form: taller heroic proportions, royal cape and a small crown, a glowing aura of its element behind it, proud smile. Most detailed. The character means ""place; field"". Do not draw any Chinese character or text."
art/件_1.png,件,heart,1,"Cute collectible monster card character for a children's Chinese learning game. Style: clean 2D vector-like illustration, thick dark outline, flat colors with soft cel shading, big glossy eyes, rounded shapes, kawaii, consistent front 3/4 view, soft top-left lighting. Full body, centered, nothing cropped. Plain pure white background, no text, no letters, no watermark, no frame. Palette pink #FF7FA8 and lilac; fluffy fur, heart-shaped tail, blush cheeks. Baby form: egg-shaped body, head is 60% of the body, stubby limbs or none, curious innocent expression. Small and simple. The character means ""item"". Do not draw any Chinese character or text."
art/件_2.png,件,heart,2,"Cute collectible monster card character for a children's Chinese learning game. Style: clean 2D vector-like illustration, thick dark outline, flat colors with soft cel shading, big glossy eyes, rounded shapes, kawaii, consistent front 3/4 view, soft top-left lighting. Full body, centered, nothing cropped. Plain pure white background, no text, no letters, no watermark, no frame. Palette pink #FF7FA8 and lilac; fluffy fur, heart-shaped tail, blush cheeks. Teen form: proper arms and legs, standing confidently, holds ONE small prop related to its meaning, cheerful expression. Medium detail. The character means ""item"". Do not draw any Chinese character or text."
art/件_3.png,件,heart,3,"Cute collectible monster card character for a children's Chinese learning game. Style: clean 2D vector-like illustration, thick dark outline, flat colors with soft cel shading, big glossy eyes, rounded shapes, kawaii, consistent front 3/4 view, soft top-left lighting. Full body, centered, nothing cropped. Plain pure white background, no text, no letters, no watermark, no frame. Palette pink #FF7FA8 and lilac; fluffy fur, heart-shaped tail, blush cheeks. King form: taller heroic proportions, royal cape and a small crown, a glowing aura of its element behind it, proud smile. Most detailed. The character means ""item"". Do not draw any Chinese character or text."
art/许_1.png,许,heart,1,"Cute collectible monster card character for a children's Chinese learning game. Style: clean 2D vector-like illustration, thick dark outline, flat colors with soft cel shading, big glossy eyes, rounded shapes, kawaii, consistent front 3/4 view, soft top-left lighting. Full body, centered, nothing cropped. Plain pure white background, no text, no letters, no watermark, no frame. Palette pink #FF7FA8 and lilac; fluffy fur, heart-shaped tail, blush cheeks. Baby form: egg-shaped body, head is 60% of the body, stubby limbs or none, curious innocent expression. Small and simple. The character means ""allow"". Do not draw any Chinese character or text."
art/许_2.png,许,heart,2,"Cute collectible monster card character for a children's Chinese learning game. Style: clean 2D vector-like illustration, thick dark outline, flat colors with soft cel shading, big glossy eyes, rounded shapes, kawaii, consistent front 3/4 view, soft top-left lighting. Full body, centered, nothing cropped. Plain pure white background, no text, no letters, no watermark, no frame. Palette pink #FF7FA8 and lilac; fluffy fur, heart-shaped tail, blush cheeks. Teen form: proper arms and legs, standing confidently, holds ONE small prop related to its meaning, cheerful expression. Medium detail. The character means ""allow"". Do not draw any Chinese character or text."
art/许_3.png,许,heart,3,"Cute collectible monster card character for a children's Chinese learning game. Style: clean 2D vector-like illustration, thick dark outline, flat colors with soft cel shading, big glossy eyes, rounded shapes, kawaii, consistent front 3/4 view, soft top-left lighting. Full body, centered, nothing cropped. Plain pure white background, no text, no letters, no watermark, no frame. Palette pink #FF7FA8 and lilac; fluffy fur, heart-shaped tail, blush cheeks. King form: taller heroic proportions, royal cape and a small crown, a glowing aura of its element behind it, proud smile. Most detailed. The character means ""allow"". Do not draw any Chinese character or text."
art/至_1.png,至,sky,1,"Cute collectible monster card character for a children's Chinese learning game. Style: clean 2D vector-like illustration, thick dark outline, flat colors with soft cel shading, big glossy eyes, rounded shapes, kawaii, consistent front 3/4 view, soft top-left lighting. Full body, centered, nothing cropped. Plain pure white background, no text, no letters, no watermark, no frame. Palette sky blue #5AB6FF and cream white; tiny wings and cloud-like feet. Baby form: egg-shaped body, head is 60% of the body, stubby limbs or none, curious innocent expression. Small and simple. The character means ""to; until"". Do not draw any Chinese character or text."
art/至_2.png,至,sky,2,"Cute collectible monster card character for a children's Chinese learning game. Style: clean 2D vector-like illustration, thick dark outline, flat colors with soft cel shading, big glossy eyes, rounded shapes, kawaii, consistent front 3/4 view, soft top-left lighting. Full body, centered, nothing cropped. Plain pure white background, no text, no letters, no watermark, no frame. Palette sky blue #5AB6FF and cream white; tiny wings and cloud-like feet. Teen form: proper arms and legs, standing confidently, holds ONE small prop related to its meaning, cheerful expression. Medium detail. The character means ""to; until"". Do not draw any Chinese character or text."
art/至_3.png,至,sky,3,"Cute collectible monster card character for a children's Chinese learning game. Style: clean 2D vector-like illustration, thick dark outline, flat colors with soft cel shading, big glossy eyes, rounded shapes, kawaii, consistent front 3/4 view, soft top-left lighting. Full body, centered, nothing cropped. Plain pure white background, no text, no letters, no watermark, no frame. Palette sky blue #5AB6FF and cream white; tiny wings and cloud-like feet. King form: taller heroic proportions, royal cape and a small crown, a glowing aura of its element behind it, proud smile. Most detailed. The character means ""to; until"". Do not draw any Chinese character or text."
art/决_1.png,决,water,1,"Cute collectible monster card character for a children's Chinese learning game. Style: clean 2D vector-like illustration, thick dark outline, flat colors with soft cel shading, big glossy eyes, rounded shapes, kawaii, consistent front 3/4 view, soft top-left lighting. Full body, centered, nothing cropped. Plain pure white background, no text, no letters, no watermark, no frame. Palette aqua blue #3FA9F5 and translucent white; water-ripple marks and a bubble. Baby form: egg-shaped body, head is 60% of the body, stubby limbs or none, curious innocent expression. Small and simple. The character means ""decide"". Do not draw any Chinese character or text."
art/决_2.png,决,water,2,"Cute collectible monster card character for a children's Chinese learning game. Style: clean 2D vector-like illustration, thick dark outline, flat colors with soft cel shading, big glossy eyes, rounded shapes, kawaii, consistent front 3/4 view, soft top-left lighting. Full body, centered, nothing cropped. Plain pure white background, no text, no letters, no watermark, no frame. Palette aqua blue #3FA9F5 and translucent white; water-ripple marks and a bubble. Teen form: proper arms and legs, standing confidently, holds ONE small prop related to its meaning, cheerful expression. Medium detail. The character means ""decide"". Do not draw any Chinese character or text."
art/决_3.png,决,water,3,"Cute collectible monster card character for a children's Chinese learning game. Style: clean 2D vector-like illustration, thick dark outline, flat colors with soft cel shading, big glossy eyes, rounded shapes, kawaii, consistent front 3/4 view, soft top-left lighting. Full body, centered, nothing cropped. Plain pure white background, no text, no letters, no watermark, no frame. Palette aqua blue #3FA9F5 and translucent white; water-ripple marks and a bubble. King form: taller heroic proportions, royal cape and a small crown, a glowing aura of its element behind it, proud smile. Most detailed. The character means ""decide"". Do not draw any Chinese character or text."
art/则_1.png,则,fire,1,"Cute collectible monster card character for a children's Chinese learning game. Style: clean 2D vector-like illustration, thick dark outline, flat colors with soft cel shading, big glossy eyes, rounded shapes, kawaii, consistent front 3/4 view, soft top-left lighting. Full body, centered, nothing cropped. Plain pure white background, no text, no letters, no watermark, no frame. Palette orange-red #FF6B35 and golden yellow; a flame tuft on the head, a spark at the tail. Baby form: egg-shaped body, head is 60% of the body, stubby limbs or none, curious innocent expression. Small and simple. The character means ""rule; then"". Do not draw any Chinese character or text."
art/则_2.png,则,fire,2,"Cute collectible monster card character for a children's Chinese learning game. Style: clean 2D vector-like illustration, thick dark outline, flat colors with soft cel shading, big glossy eyes, rounded shapes, kawaii, consistent front 3/4 view, soft top-left lighting. Full body, centered, nothing cropped. Plain pure white background, no text, no letters, no watermark, no frame. Palette orange-red #FF6B35 and golden yellow; a flame tuft on the head, a spark at the tail. Teen form: proper arms and legs, standing confidently, holds ONE small prop related to its meaning, cheerful expression. Medium detail. The character means ""rule; then"". Do not draw any Chinese character or text."
art/则_3.png,则,fire,3,"Cute collectible monster card character for a children's Chinese learning game. Style: clean 2D vector-like illustration, thick dark outline, flat colors with soft cel shading, big glossy eyes, rounded shapes, kawaii, consistent front 3/4 view, soft top-left lighting. Full body, centered, nothing cropped. Plain pure white background, no text, no letters, no watermark, no frame. Palette orange-red #FF6B35 and golden yellow; a flame tuft on the head, a spark at the tail. King form: taller heroic proportions, royal cape and a small crown, a glowing aura of its element behind it, proud smile. Most detailed. The character means ""rule; then"". Do not draw any Chinese character or text."
art/达_1.png,达,water,1,"Cute collectible monster card character for a children's Chinese learning game. Style: clean 2D vector-like illustration, thick dark outline, flat colors with soft cel shading, big glossy eyes, rounded shapes, kawaii, consistent front 3/4 view, soft top-left lighting. Full body, centered, nothing cropped. Plain pure white background, no text, no letters, no watermark, no frame. Palette aqua blue #3FA9F5 and translucent white; water-ripple marks and a bubble. Baby form: egg-shaped body, head is 60% of the body, stubby limbs or none, curious innocent expression. Small and simple. The character means ""reach"". Do not draw any Chinese character or text."
art/达_2.png,达,water,2,"Cute collectible monster card character for a children's Chinese learning game. Style: clean 2D vector-like illustration, thick dark outline, flat colors with soft cel shading, big glossy eyes, rounded shapes, kawaii, consistent front 3/4 view, soft top-left lighting. Full body, centered, nothing cropped. Plain pure white background, no text, no letters, no watermark, no frame. Palette aqua blue #3FA9F5 and translucent white; water-ripple marks and a bubble. Teen form: proper arms and legs, standing confidently, holds ONE small prop related to its meaning, cheerful expression. Medium detail. The character means ""reach"". Do not draw any Chinese character or text."
art/达_3.png,达,water,3,"Cute collectible monster card character for a children's Chinese learning game. Style: clean 2D vector-like illustration, thick dark outline, flat colors with soft cel shading, big glossy eyes, rounded shapes, kawaii, consistent front 3/4 view, soft top-left lighting. Full body, centered, nothing cropped. Plain pure white background, no text, no letters, no watermark, no frame. Palette aqua blue #3FA9F5 and translucent white; water-ripple marks and a bubble. King form: taller heroic proportions, royal cape and a small crown, a glowing aura of its element behind it, proud smile. Most detailed. The character means ""reach"". Do not draw any Chinese character or text."
art/光_1.png,光,fire,1,"Cute collectible monster card character for a children's Chinese learning game. Style: clean 2D vector-like illustration, thick dark outline, flat colors with soft cel shading, big glossy eyes, rounded shapes, kawaii, consistent front 3/4 view, soft top-left lighting. Full body, centered, nothing cropped. Plain pure white background, no text, no letters, no watermark, no frame. Palette orange-red #FF6B35 and golden yellow; a flame tuft on the head, a spark at the tail. Baby form: egg-shaped body, head is 60% of the body, stubby limbs or none, curious innocent expression. Small and simple. The character means ""light"". Do not draw any Chinese character or text."
art/光_2.png,光,fire,2,"Cute collectible monster card character for a children's Chinese learning game. Style: clean 2D vector-like illustration, thick dark outline, flat colors with soft cel shading, big glossy eyes, rounded shapes, kawaii, consistent front 3/4 view, soft top-left lighting. Full body, centered, nothing cropped. Plain pure white background, no text, no letters, no watermark, no frame. Palette orange-red #FF6B35 and golden yellow; a flame tuft on the head, a spark at the tail. Teen form: proper arms and legs, standing confidently, holds ONE small prop related to its meaning, cheerful expression. Medium detail. The character means ""light"". Do not draw any Chinese character or text."
art/光_3.png,光,fire,3,"Cute collectible monster card character for a children's Chinese learning game. Style: clean 2D vector-like illustration, thick dark outline, flat colors with soft cel shading, big glossy eyes, rounded shapes, kawaii, consistent front 3/4 view, soft top-left lighting. Full body, centered, nothing cropped. Plain pure white background, no text, no letters, no watermark, no frame. Palette orange-red #FF6B35 and golden yellow; a flame tuft on the head, a spark at the tail. King form: taller heroic proportions, royal cape and a small crown, a glowing aura of its element behind it, proud smile. Most detailed. The character means ""light"". Do not draw any Chinese character or text."
art/权_1.png,权,wood,1,"Cute collectible monster card character for a children's Chinese learning game. Style: clean 2D vector-like illustration, thick dark outline, flat colors with soft cel shading, big glossy eyes, rounded shapes, kawaii, consistent front 3/4 view, soft top-left lighting. Full body, centered, nothing cropped. Plain pure white background, no text, no letters, no watermark, no frame. Palette grass green #4CC35A and warm brown; leaf-shaped ears, twig-like arms. Baby form: egg-shaped body, head is 60% of the body, stubby limbs or none, curious innocent expression. Small and simple. The character means ""power; right"". Do not draw any Chinese character or text."
art/权_2.png,权,wood,2,"Cute collectible monster card character for a children's Chinese learning game. Style: clean 2D vector-like illustration, thick dark outline, flat colors with soft cel shading, big glossy eyes, rounded shapes, kawaii, consistent front 3/4 view, soft top-left lighting. Full body, centered, nothing cropped. Plain pure white background, no text, no letters, no watermark, no frame. Palette grass green #4CC35A and warm brown; leaf-shaped ears, twig-like arms. Teen form: proper arms and legs, standing confidently, holds ONE small prop related to its meaning, cheerful expression. Medium detail. The character means ""power; right"". Do not draw any Chinese character or text."
art/权_3.png,权,wood,3,"Cute collectible monster card character for a children's Chinese learning game. Style: clean 2D vector-like illustration, thick dark outline, flat colors with soft cel shading, big glossy eyes, rounded shapes, kawaii, consistent front 3/4 view, soft top-left lighting. Full body, centered, nothing cropped. Plain pure white background, no text, no letters, no watermark, no frame. Palette grass green #4CC35A and warm brown; leaf-shaped ears, twig-like arms. King form: taller heroic proportions, royal cape and a small crown, a glowing aura of its element behind it, proud smile. Most detailed. The character means ""power; right"". Do not draw any Chinese character or text."
art/设_1.png,设,heart,1,"Cute collectible monster card character for a children's Chinese learning game. Style: clean 2D vector-like illustration, thick dark outline, flat colors with soft cel shading, big glossy eyes, rounded shapes, kawaii, consistent front 3/4 view, soft top-left lighting. Full body, centered, nothing cropped. Plain pure white background, no text, no letters, no watermark, no frame. Palette pink #FF7FA8 and lilac; fluffy fur, heart-shaped tail, blush cheeks. Baby form: egg-shaped body, head is 60% of the body, stubby limbs or none, curious innocent expression. Small and simple. The character means ""set up"". Do not draw any Chinese character or text."
art/设_2.png,设,heart,2,"Cute collectible monster card character for a children's Chinese learning game. Style: clean 2D vector-like illustration, thick dark outline, flat colors with soft cel shading, big glossy eyes, rounded shapes, kawaii, consistent front 3/4 view, soft top-left lighting. Full body, centered, nothing cropped. Plain pure white background, no text, no letters, no watermark, no frame. Palette pink #FF7FA8 and lilac; fluffy fur, heart-shaped tail, blush cheeks. Teen form: proper arms and legs, standing confidently, holds ONE small prop related to its meaning, cheerful expression. Medium detail. The character means ""set up"". Do not draw any Chinese character or text."
art/设_3.png,设,heart,3,"Cute collectible monster card character for a children's Chinese learning game. Style: clean 2D vector-like illustration, thick dark outline, flat colors with soft cel shading, big glossy eyes, rounded shapes, kawaii, consistent front 3/4 view, soft top-left lighting. Full body, centered, nothing cropped. Plain pure white background, no text, no letters, no watermark, no frame. Palette pink #FF7FA8 and lilac; fluffy fur, heart-shaped tail, blush cheeks. King form: taller heroic proportions, royal cape and a small crown, a glowing aura of its element behind it, proud smile. Most detailed. The character means ""set up"". Do not draw any Chinese character or text."
art/式_1.png,式,fire,1,"Cute collectible monster card character for a children's Chinese learning game. Style: clean 2D vector-like illustration, thick dark outline, flat colors with soft cel shading, big glossy eyes, rounded shapes, kawaii, consistent front 3/4 view, soft top-left lighting. Full body, centered, nothing cropped. Plain pure white background, no text, no letters, no watermark, no frame. Palette orange-red #FF6B35 and golden yellow; a flame tuft on the head, a spark at the tail. Baby form: egg-shaped body, head is 60% of the body, stubby limbs or none, curious innocent expression. Small and simple. The character means ""style; type"". Do not draw any Chinese character or text."
art/式_2.png,式,fire,2,"Cute collectible monster card character for a children's Chinese learning game. Style: clean 2D vector-like illustration, thick dark outline, flat colors with soft cel shading, big glossy eyes, rounded shapes, kawaii, consistent front 3/4 view, soft top-left lighting. Full body, centered, nothing cropped. Plain pure white background, no text, no letters, no watermark, no frame. Palette orange-red #FF6B35 and golden yellow; a flame tuft on the head, a spark at the tail. Teen form: proper arms and legs, standing confidently, holds ONE small prop related to its meaning, cheerful expression. Medium detail. The character means ""style; type"". Do not draw any Chinese character or text."
art/式_3.png,式,fire,3,"Cute collectible monster card character for a children's Chinese learning game. Style: clean 2D vector-like illustration, thick dark outline, flat colors with soft cel shading, big glossy eyes, rounded shapes, kawaii, consistent front 3/4 view, soft top-left lighting. Full body, centered, nothing cropped. Plain pure white background, no text, no letters, no watermark, no frame. Palette orange-red #FF6B35 and golden yellow; a flame tuft on the head, a spark at the tail. King form: taller heroic proportions, royal cape and a small crown, a glowing aura of its element behind it, proud smile. Most detailed. The character means ""style; type"". Do not draw any Chinese character or text."
art/色_1.png,色,heart,1,"Cute collectible monster card character for a children's Chinese learning game. Style: clean 2D vector-like illustration, thick dark outline, flat colors with soft cel shading, big glossy eyes, rounded shapes, kawaii, consistent front 3/4 view, soft top-left lighting. Full body, centered, nothing cropped. Plain pure white background, no text, no letters, no watermark, no frame. Palette pink #FF7FA8 and lilac; fluffy fur, heart-shaped tail, blush cheeks. Baby form: egg-shaped body, head is 60% of the body, stubby limbs or none, curious innocent expression. Small and simple. The character means ""color"". Do not draw any Chinese character or text."
art/色_2.png,色,heart,2,"Cute collectible monster card character for a children's Chinese learning game. Style: clean 2D vector-like illustration, thick dark outline, flat colors with soft cel shading, big glossy eyes, rounded shapes, kawaii, consistent front 3/4 view, soft top-left lighting. Full body, centered, nothing cropped. Plain pure white background, no text, no letters, no watermark, no frame. Palette pink #FF7FA8 and lilac; fluffy fur, heart-shaped tail, blush cheeks. Teen form: proper arms and legs, standing confidently, holds ONE small prop related to its meaning, cheerful expression. Medium detail. The character means ""color"". Do not draw any Chinese character or text."
art/色_3.png,色,heart,3,"Cute collectible monster card character for a children's Chinese learning game. Style: clean 2D vector-like illustration, thick dark outline, flat colors with soft cel shading, big glossy eyes, rounded shapes, kawaii, consistent front 3/4 view, soft top-left lighting. Full body, centered, nothing cropped. Plain pure white background, no text, no letters, no watermark, no frame. Palette pink #FF7FA8 and lilac; fluffy fur, heart-shaped tail, blush cheeks. King form: taller heroic proportions, royal cape and a small crown, a glowing aura of its element behind it, proud smile. Most detailed. The character means ""color"". Do not draw any Chinese character or text."
art/死_1.png,死,fire,1,"Cute collectible monster card character for a children's Chinese learning game. Style: clean 2D vector-like illustration, thick dark outline, flat colors with soft cel shading, big glossy eyes, rounded shapes, kawaii, consistent front 3/4 view, soft top-left lighting. Full body, centered, nothing cropped. Plain pure white background, no text, no letters, no watermark, no frame. Palette orange-red #FF6B35 and golden yellow; a flame tuft on the head, a spark at the tail. Baby form: egg-shaped body, head is 60% of the body, stubby limbs or none, curious innocent expression. Small and simple. The character means ""die"". Do not draw any Chinese character or text."
art/死_2.png,死,fire,2,"Cute collectible monster card character for a children's Chinese learning game. Style: clean 2D vector-like illustration, thick dark outline, flat colors with soft cel shading, big glossy eyes, rounded shapes, kawaii, consistent front 3/4 view, soft top-left lighting. Full body, centered, nothing cropped. Plain pure white background, no text, no letters, no watermark, no frame. Palette orange-red #FF6B35 and golden yellow; a flame tuft on the head, a spark at the tail. Teen form: proper arms and legs, standing confidently, holds ONE small prop related to its meaning, cheerful expression. Medium detail. The character means ""die"". Do not draw any Chinese character or text."
art/死_3.png,死,fire,3,"Cute collectible monster card character for a children's Chinese learning game. Style: clean 2D vector-like illustration, thick dark outline, flat colors with soft cel shading, big glossy eyes, rounded shapes, kawaii, consistent front 3/4 view, soft top-left lighting. Full body, centered, nothing cropped. Plain pure white background, no text, no letters, no watermark, no frame. Palette orange-red #FF6B35 and golden yellow; a flame tuft on the head, a spark at the tail. King form: taller heroic proportions, royal cape and a small crown, a glowing aura of its element behind it, proud smile. Most detailed. The character means ""die"". Do not draw any Chinese character or text."
art/我_1.png,我,heart,1,"Cute collectible monster card character for a children's Chinese learning game. Style: clean 2D vector-like illustration, thick dark outline, flat colors with soft cel shading, big glossy eyes, rounded shapes, kawaii, consistent front 3/4 view, soft top-left lighting. Full body, centered, nothing cropped. Plain pure white background, no text, no letters, no watermark, no frame. Palette pink #FF7FA8 and lilac; fluffy fur, heart-shaped tail, blush cheeks. Baby form: egg-shaped body, head is 60% of the body, stubby limbs or none, curious innocent expression. Small and simple. The character means ""I; me"". Do not draw any Chinese character or text."
art/我_2.png,我,heart,2,"Cute collectible monster card character for a children's Chinese learning game. Style: clean 2D vector-like illustration, thick dark outline, flat colors with soft cel shading, big glossy eyes, rounded shapes, kawaii, consistent front 3/4 view, soft top-left lighting. Full body, centered, nothing cropped. Plain pure white background, no text, no letters, no watermark, no frame. Palette pink #FF7FA8 and lilac; fluffy fur, heart-shaped tail, blush cheeks. Teen form: proper arms and legs, standing confidently, holds ONE small prop related to its meaning, cheerful expression. Medium detail. The character means ""I; me"". Do not draw any Chinese character or text."
art/我_3.png,我,heart,3,"Cute collectible monster card character for a children's Chinese learning game. Style: clean 2D vector-like illustration, thick dark outline, flat colors with soft cel shading, big glossy eyes, rounded shapes, kawaii, consistent front 3/4 view, soft top-left lighting. Full body, centered, nothing cropped. Plain pure white background, no text, no letters, no watermark, no frame. Palette pink #FF7FA8 and lilac; fluffy fur, heart-shaped tail, blush cheeks. King form: taller heroic proportions, royal cape and a small crown, a glowing aura of its element behind it, proud smile. Most detailed. The character means ""I; me"". Do not draw any Chinese character or text."
art/这_1.png,这,sky,1,"Cute collectible monster card character for a children's Chinese learning game. Style: clean 2D vector-like illustration, thick dark outline, flat colors with soft cel shading, big glossy eyes, rounded shapes, kawaii, consistent front 3/4 view, soft top-left lighting. Full body, centered, nothing cropped. Plain pure white background, no text, no letters, no watermark, no frame. Palette sky blue #5AB6FF and cream white; tiny wings and cloud-like feet. Baby form: egg-shaped body, head is 60% of the body, stubby limbs or none, curious innocent expression. Small and simple. The character means ""this"". Do not draw any Chinese character or text."
art/这_2.png,这,sky,2,"Cute collectible monster card character for a children's Chinese learning game. Style: clean 2D vector-like illustration, thick dark outline, flat colors with soft cel shading, big glossy eyes, rounded shapes, kawaii, consistent front 3/4 view, soft top-left lighting. Full body, centered, nothing cropped. Plain pure white background, no text, no letters, no watermark, no frame. Palette sky blue #5AB6FF and cream white; tiny wings and cloud-like feet. Teen form: proper arms and legs, standing confidently, holds ONE small prop related to its meaning, cheerful expression. Medium detail. The character means ""this"". Do not draw any Chinese character or text."
art/这_3.png,这,sky,3,"Cute collectible monster card character for a children's Chinese learning game. Style: clean 2D vector-like illustration, thick dark outline, flat colors with soft cel shading, big glossy eyes, rounded shapes, kawaii, consistent front 3/4 view, soft top-left lighting. Full body, centered, nothing cropped. Plain pure white background, no text, no letters, no watermark, no frame. Palette sky blue #5AB6FF and cream white; tiny wings and cloud-like feet. King form: taller heroic proportions, royal cape and a small crown, a glowing aura of its element behind it, proud smile. Most detailed. The character means ""this"". Do not draw any Chinese character or text."
art/来_1.png,来,sky,1,"Cute collectible monster card character for a children's Chinese learning game. Style: clean 2D vector-like illustration, thick dark outline, flat colors with soft cel shading, big glossy eyes, rounded shapes, kawaii, consistent front 3/4 view, soft top-left lighting. Full body, centered, nothing cropped. Plain pure white background, no text, no letters, no watermark, no frame. Palette sky blue #5AB6FF and cream white; tiny wings and cloud-like feet. Baby form: egg-shaped body, head is 60% of the body, stubby limbs or none, curious innocent expression. Small and simple. The character means ""come"". Do not draw any Chinese character or text."
art/来_2.png,来,sky,2,"Cute collectible monster card character for a children's Chinese learning game. Style: clean 2D vector-like illustration, thick dark outline, flat colors with soft cel shading, big glossy eyes, rounded shapes, kawaii, consistent front 3/4 view, soft top-left lighting. Full body, centered, nothing cropped. Plain pure white background, no text, no letters, no watermark, no frame. Palette sky blue #5AB6FF and cream white; tiny wings and cloud-like feet. Teen form: proper arms and legs, standing confidently, holds ONE small prop related to its meaning, cheerful expression. Medium detail. The character means ""come"". Do not draw any Chinese character or text."
art/来_3.png,来,sky,3,"Cute collectible monster card character for a children's Chinese learning game. Style: clean 2D vector-like illustration, thick dark outline, flat colors with soft cel shading, big glossy eyes, rounded shapes, kawaii, consistent front 3/4 view, soft top-left lighting. Full body, centered, nothing cropped. Plain pure white background, no text, no letters, no watermark, no frame. Palette sky blue #5AB6FF and cream white; tiny wings and cloud-like feet. King form: taller heroic proportions, royal cape and a small crown, a glowing aura of its element behind it, proud smile. Most detailed. The character means ""come"". Do not draw any Chinese character or text."
art/时_1.png,时,fire,1,"Cute collectible monster card character for a children's Chinese learning game. Style: clean 2D vector-like illustration, thick dark outline, flat colors with soft cel shading, big glossy eyes, rounded shapes, kawaii, consistent front 3/4 view, soft top-left lighting. Full body, centered, nothing cropped. Plain pure white background, no text, no letters, no watermark, no frame. Palette orange-red #FF6B35 and golden yellow; a flame tuft on the head, a spark at the tail. Baby form: egg-shaped body, head is 60% of the body, stubby limbs or none, curious innocent expression. Small and simple. The character means ""time"". Do not draw any Chinese character or text."
art/时_2.png,时,fire,2,"Cute collectible monster card character for a children's Chinese learning game. Style: clean 2D vector-like illustration, thick dark outline, flat colors with soft cel shading, big glossy eyes, rounded shapes, kawaii, consistent front 3/4 view, soft top-left lighting. Full body, centered, nothing cropped. Plain pure white background, no text, no letters, no watermark, no frame. Palette orange-red #FF6B35 and golden yellow; a flame tuft on the head, a spark at the tail. Teen form: proper arms and legs, standing confidently, holds ONE small prop related to its meaning, cheerful expression. Medium detail. The character means ""time"". Do not draw any Chinese character or text."
art/时_3.png,时,fire,3,"Cute collectible monster card character for a children's Chinese learning game. Style: clean 2D vector-like illustration, thick dark outline, flat colors with soft cel shading, big glossy eyes, rounded shapes, kawaii, consistent front 3/4 view, soft top-left lighting. Full body, centered, nothing cropped. Plain pure white background, no text, no letters, no watermark, no frame. Palette orange-red #FF6B35 and golden yellow; a flame tuft on the head, a spark at the tail. King form: taller heroic proportions, royal cape and a small crown, a glowing aura of its element behind it, proud smile. Most detailed. The character means ""time"". Do not draw any Chinese character or text."
art/你_1.png,你,heart,1,"Cute collectible monster card character for a children's Chinese learning game. Style: clean 2D vector-like illustration, thick dark outline, flat colors with soft cel shading, big glossy eyes, rounded shapes, kawaii, consistent front 3/4 view, soft top-left lighting. Full body, centered, nothing cropped. Plain pure white background, no text, no letters, no watermark, no frame. Palette pink #FF7FA8 and lilac; fluffy fur, heart-shaped tail, blush cheeks. Baby form: egg-shaped body, head is 60% of the body, stubby limbs or none, curious innocent expression. Small and simple. The character means ""you"". Do not draw any Chinese character or text."
art/你_2.png,你,heart,2,"Cute collectible monster card character for a children's Chinese learning game. Style: clean 2D vector-like illustration, thick dark outline, flat colors with soft cel shading, big glossy eyes, rounded shapes, kawaii, consistent front 3/4 view, soft top-left lighting. Full body, centered, nothing cropped. Plain pure white background, no text, no letters, no watermark, no frame. Palette pink #FF7FA8 and lilac; fluffy fur, heart-shaped tail, blush cheeks. Teen form: proper arms and legs, standing confidently, holds ONE small prop related to its meaning, cheerful expression. Medium detail. The character means ""you"". Do not draw any Chinese character or text."
art/你_3.png,你,heart,3,"Cute collectible monster card character for a children's Chinese learning game. Style: clean 2D vector-like illustration, thick dark outline, flat colors with soft cel shading, big glossy eyes, rounded shapes, kawaii, consistent front 3/4 view, soft top-left lighting. Full body, centered, nothing cropped. Plain pure white background, no text, no letters, no watermark, no frame. Palette pink #FF7FA8 and lilac; fluffy fur, heart-shaped tail, blush cheeks. King form: taller heroic proportions, royal cape and a small crown, a glowing aura of its element behind it, proud smile. Most detailed. The character means ""you"". Do not draw any Chinese character or text."
art/作_1.png,作,heart,1,"Cute collectible monster card character for a children's Chinese learning game. Style: clean 2D vector-like illustration, thick dark outline, flat colors with soft cel shading, big glossy eyes, rounded shapes, kawaii, consistent front 3/4 view, soft top-left lighting. Full body, centered, nothing cropped. Plain pure white background, no text, no letters, no watermark, no frame. Palette pink #FF7FA8 and lilac; fluffy fur, heart-shaped tail, blush cheeks. Baby form: egg-shaped body, head is 60% of the body, stubby limbs or none, curious innocent expression. Small and simple. The character means ""do; work"". Do not draw any Chinese character or text."
art/作_2.png,作,heart,2,"Cute collectible monster card character for a children's Chinese learning game. Style: clean 2D vector-like illustration, thick dark outline, flat colors with soft cel shading, big glossy eyes, rounded shapes, kawaii, consistent front 3/4 view, soft top-left lighting. Full body, centered, nothing cropped. Plain pure white background, no text, no letters, no watermark, no frame. Palette pink #FF7FA8 and lilac; fluffy fur, heart-shaped tail, blush cheeks. Teen form: proper arms and legs, standing confidently, holds ONE small prop related to its meaning, cheerful expression. Medium detail. The character means ""do; work"". Do not draw any Chinese character or text."
art/作_3.png,作,heart,3,"Cute collectible monster card character for a children's Chinese learning game. Style: clean 2D vector-like illustration, thick dark outline, flat colors with soft cel shading, big glossy eyes, rounded shapes, kawaii, consistent front 3/4 view, soft top-left lighting. Full body, centered, nothing cropped. Plain pure white background, no text, no letters, no watermark, no frame. Palette pink #FF7FA8 and lilac; fluffy fur, heart-shaped tail, blush cheeks. King form: taller heroic proportions, royal cape and a small crown, a glowing aura of its element behind it, proud smile. Most detailed. The character means ""do; work"". Do not draw any Chinese character or text."
art/里_1.png,里,earth,1,"Cute collectible monster card character for a children's Chinese learning game. Style: clean 2D vector-like illustration, thick dark outline, flat colors with soft cel shading, big glossy eyes, rounded shapes, kawaii, consistent front 3/4 view, soft top-left lighting. Full body, centered, nothing cropped. Plain pure white background, no text, no letters, no watermark, no frame. Palette sandy ochre #C89B5E and stone grey; a rocky back shell. Baby form: egg-shaped body, head is 60% of the body, stubby limbs or none, curious innocent expression. Small and simple. The character means ""inside"". Do not draw any Chinese character or text."
art/里_2.png,里,earth,2,"Cute collectible monster card character for a children's Chinese learning game. Style: clean 2D vector-like illustration, thick dark outline, flat colors with soft cel shading, big glossy eyes, rounded shapes, kawaii, consistent front 3/4 view, soft top-left lighting. Full body, centered, nothing cropped. Plain pure white background, no text, no letters, no watermark, no frame. Palette sandy ochre #C89B5E and stone grey; a rocky back shell. Teen form: proper arms and legs, standing confidently, holds ONE small prop related to its meaning, cheerful expression. Medium detail. The character means ""inside"". Do not draw any Chinese character or text."
art/里_3.png,里,earth,3,"Cute collectible monster card character for a children's Chinese learning game. Style: clean 2D vector-like illustration, thick dark outline, flat colors with soft cel shading, big glossy eyes, rounded shapes, kawaii, consistent front 3/4 view, soft top-left lighting. Full body, centered, nothing cropped. Plain pure white background, no text, no letters, no watermark, no frame. Palette sandy ochre #C89B5E and stone grey; a rocky back shell. King form: taller heroic proportions, royal cape and a small crown, a glowing aura of its element behind it, proud smile. Most detailed. The character means ""inside"". Do not draw any Chinese character or text."
art/没_1.png,没,water,1,"Cute collectible monster card character for a children's Chinese learning game. Style: clean 2D vector-like illustration, thick dark outline, flat colors with soft cel shading, big glossy eyes, rounded shapes, kawaii, consistent front 3/4 view, soft top-left lighting. Full body, centered, nothing cropped. Plain pure white background, no text, no letters, no watermark, no frame. Palette aqua blue #3FA9F5 and translucent white; water-ripple marks and a bubble. Baby form: egg-shaped body, head is 60% of the body, stubby limbs or none, curious innocent expression. Small and simple. The character means ""not have"". Do not draw any Chinese character or text."
art/没_2.png,没,water,2,"Cute collectible monster card character for a children's Chinese learning game. Style: clean 2D vector-like illustration, thick dark outline, flat colors with soft cel shading, big glossy eyes, rounded shapes, kawaii, consistent front 3/4 view, soft top-left lighting. Full body, centered, nothing cropped. Plain pure white background, no text, no letters, no watermark, no frame. Palette aqua blue #3FA9F5 and translucent white; water-ripple marks and a bubble. Teen form: proper arms and legs, standing confidently, holds ONE small prop related to its meaning, cheerful expression. Medium detail. The character means ""not have"". Do not draw any Chinese character or text."
art/没_3.png,没,water,3,"Cute collectible monster card character for a children's Chinese learning game. Style: clean 2D vector-like illustration, thick dark outline, flat colors with soft cel shading, big glossy eyes, rounded shapes, kawaii, consistent front 3/4 view, soft top-left lighting. Full body, centered, nothing cropped. Plain pure white background, no text, no letters, no watermark, no frame. Palette aqua blue #3FA9F5 and translucent white; water-ripple marks and a bubble. King form: taller heroic proportions, royal cape and a small crown, a glowing aura of its element behind it, proud smile. Most detailed. The character means ""not have"". Do not draw any Chinese character or text."
art/还_1.png,还,earth,1,"Cute collectible monster card character for a children's Chinese learning game. Style: clean 2D vector-like illustration, thick dark outline, flat colors with soft cel shading, big glossy eyes, rounded shapes, kawaii, consistent front 3/4 view, soft top-left lighting. Full body, centered, nothing cropped. Plain pure white background, no text, no letters, no watermark, no frame. Palette sandy ochre #C89B5E and stone grey; a rocky back shell. Baby form: egg-shaped body, head is 60% of the body, stubby limbs or none, curious innocent expression. Small and simple. The character means ""still; return"". Do not draw any Chinese character or text."
art/还_2.png,还,earth,2,"Cute collectible monster card character for a children's Chinese learning game. Style: clean 2D vector-like illustration, thick dark outline, flat colors with soft cel shading, big glossy eyes, rounded shapes, kawaii, consistent front 3/4 view, soft top-left lighting. Full body, centered, nothing cropped. Plain pure white background, no text, no letters, no watermark, no frame. Palette sandy ochre #C89B5E and stone grey; a rocky back shell. Teen form: proper arms and legs, standing confidently, holds ONE small prop related to its meaning, cheerful expression. Medium detail. The character means ""still; return"". Do not draw any Chinese character or text."
art/还_3.png,还,earth,3,"Cute collectible monster card character for a children's Chinese learning game. Style: clean 2D vector-like illustration, thick dark outline, flat colors with soft cel shading, big glossy eyes, rounded shapes, kawaii, consistent front 3/4 view, soft top-left lighting. Full body, centered, nothing cropped. Plain pure white background, no text, no letters, no watermark, no frame. Palette sandy ochre #C89B5E and stone grey; a rocky back shell. King form: taller heroic proportions, royal cape and a small crown, a glowing aura of its element behind it, proud smile. Most detailed. The character means ""still; return"". Do not draw any Chinese character or text."
art/进_1.png,进,fire,1,"Cute collectible monster card character for a children's Chinese learning game. Style: clean 2D vector-like illustration, thick dark outline, flat colors with soft cel shading, big glossy eyes, rounded shapes, kawaii, consistent front 3/4 view, soft top-left lighting. Full body, centered, nothing cropped. Plain pure white background, no text, no letters, no watermark, no frame. Palette orange-red #FF6B35 and golden yellow; a flame tuft on the head, a spark at the tail. Baby form: egg-shaped body, head is 60% of the body, stubby limbs or none, curious innocent expression. Small and simple. The character means ""enter; advance"". Do not draw any Chinese character or text."
art/进_2.png,进,fire,2,"Cute collectible monster card character for a children's Chinese learning game. Style: clean 2D vector-like illustration, thick dark outline, flat colors with soft cel shading, big glossy eyes, rounded shapes, kawaii, consistent front 3/4 view, soft top-left lighting. Full body, centered, nothing cropped. Plain pure white background, no text, no letters, no watermark, no frame. Palette orange-red #FF6B35 and golden yellow; a flame tuft on the head, a spark at the tail. Teen form: proper arms and legs, standing confidently, holds ONE small prop related to its meaning, cheerful expression. Medium detail. The character means ""enter; advance"". Do not draw any Chinese character or text."
art/进_3.png,进,fire,3,"Cute collectible monster card character for a children's Chinese learning game. Style: clean 2D vector-like illustration, thick dark outline, flat colors with soft cel shading, big glossy eyes, rounded shapes, kawaii, consistent front 3/4 view, soft top-left lighting. Full body, centered, nothing cropped. Plain pure white background, no text, no letters, no watermark, no frame. Palette orange-red #FF6B35 and golden yellow; a flame tuft on the head, a spark at the tail. King form: taller heroic proportions, royal cape and a small crown, a glowing aura of its element behind it, proud smile. Most detailed. The character means ""enter; advance"". Do not draw any Chinese character or text."
art/但_1.png,但,heart,1,"Cute collectible monster card character for a children's Chinese learning game. Style: clean 2D vector-like illustration, thick dark outline, flat colors with soft cel shading, big glossy eyes, rounded shapes, kawaii, consistent front 3/4 view, soft top-left lighting. Full body, centered, nothing cropped. Plain pure white background, no text, no letters, no watermark, no frame. Palette pink #FF7FA8 and lilac; fluffy fur, heart-shaped tail, blush cheeks. Baby form: egg-shaped body, head is 60% of the body, stubby limbs or none, curious innocent expression. Small and simple. The character means ""but"". Do not draw any Chinese character or text."
art/但_2.png,但,heart,2,"Cute collectible monster card character for a children's Chinese learning game. Style: clean 2D vector-like illustration, thick dark outline, flat colors with soft cel shading, big glossy eyes, rounded shapes, kawaii, consistent front 3/4 view, soft top-left lighting. Full body, centered, nothing cropped. Plain pure white background, no text, no letters, no watermark, no frame. Palette pink #FF7FA8 and lilac; fluffy fur, heart-shaped tail, blush cheeks. Teen form: proper arms and legs, standing confidently, holds ONE small prop related to its meaning, cheerful expression. Medium detail. The character means ""but"". Do not draw any Chinese character or text."
art/但_3.png,但,heart,3,"Cute collectible monster card character for a children's Chinese learning game. Style: clean 2D vector-like illustration, thick dark outline, flat colors with soft cel shading, big glossy eyes, rounded shapes, kawaii, consistent front 3/4 view, soft top-left lighting. Full body, centered, nothing cropped. Plain pure white background, no text, no letters, no watermark, no frame. Palette pink #FF7FA8 and lilac; fluffy fur, heart-shaped tail, blush cheeks. King form: taller heroic proportions, royal cape and a small crown, a glowing aura of its element behind it, proud smile. Most detailed. The character means ""but"". Do not draw any Chinese character or text."
art/把_1.png,把,heart,1,"Cute collectible monster card character for a children's Chinese learning game. Style: clean 2D vector-like illustration, thick dark outline, flat colors with soft cel shading, big glossy eyes, rounded shapes, kawaii, consistent front 3/4 view, soft top-left lighting. Full body, centered, nothing cropped. Plain pure white background, no text, no letters, no watermark, no frame. Palette pink #FF7FA8 and lilac; fluffy fur, heart-shaped tail, blush cheeks. Baby form: egg-shaped body, head is 60% of the body, stubby limbs or none, curious innocent expression. Small and simple. The character means ""hold; (object)"". Do not draw any Chinese character or text."
art/把_2.png,把,heart,2,"Cute collectible monster card character for a children's Chinese learning game. Style: clean 2D vector-like illustration, thick dark outline, flat colors with soft cel shading, big glossy eyes, rounded shapes, kawaii, consistent front 3/4 view, soft top-left lighting. Full body, centered, nothing cropped. Plain pure white background, no text, no letters, no watermark, no frame. Palette pink #FF7FA8 and lilac; fluffy fur, heart-shaped tail, blush cheeks. Teen form: proper arms and legs, standing confidently, holds ONE small prop related to its meaning, cheerful expression. Medium detail. The character means ""hold; (object)"". Do not draw any Chinese character or text."
art/把_3.png,把,heart,3,"Cute collectible monster card character for a children's Chinese learning game. Style: clean 2D vector-like illustration, thick dark outline, flat colors with soft cel shading, big glossy eyes, rounded shapes, kawaii, consistent front 3/4 view, soft top-left lighting. Full body, centered, nothing cropped. Plain pure white background, no text, no letters, no watermark, no frame. Palette pink #FF7FA8 and lilac; fluffy fur, heart-shaped tail, blush cheeks. King form: taller heroic proportions, royal cape and a small crown, a glowing aura of its element behind it, proud smile. Most detailed. The character means ""hold; (object)"". Do not draw any Chinese character or text."
art/两_1.png,两,water,1,"Cute collectible monster card character for a children's Chinese learning game. Style: clean 2D vector-like illustration, thick dark outline, flat colors with soft cel shading, big glossy eyes, rounded shapes, kawaii, consistent front 3/4 view, soft top-left lighting. Full body, centered, nothing cropped. Plain pure white background, no text, no letters, no watermark, no frame. Palette aqua blue #3FA9F5 and translucent white; water-ripple marks and a bubble. Baby form: egg-shaped body, head is 60% of the body, stubby limbs or none, curious innocent expression. Small and simple. The character means ""two; pair"". Do not draw any Chinese character or text."
art/两_2.png,两,water,2,"Cute collectible monster card character for a children's Chinese learning game. Style: clean 2D vector-like illustration, thick dark outline, flat colors with soft cel shading, big glossy eyes, rounded shapes, kawaii, consistent front 3/4 view, soft top-left lighting. Full body, centered, nothing cropped. Plain pure white background, no text, no letters, no watermark, no frame. Palette aqua blue #3FA9F5 and translucent white; water-ripple marks and a bubble. Teen form: proper arms and legs, standing confidently, holds ONE small prop related to its meaning, cheerful expression. Medium detail. The character means ""two; pair"". Do not draw any Chinese character or text."
art/两_3.png,两,water,3,"Cute collectible monster card character for a children's Chinese learning game. Style: clean 2D vector-like illustration, thick dark outline, flat colors with soft cel shading, big glossy eyes, rounded shapes, kawaii, consistent front 3/4 view, soft top-left lighting. Full body, centered, nothing cropped. Plain pure white background, no text, no letters, no watermark, no frame. Palette aqua blue #3FA9F5 and translucent white; water-ripple marks and a bubble. King form: taller heroic proportions, royal cape and a small crown, a glowing aura of its element behind it, proud smile. Most detailed. The character means ""two; pair"". Do not draw any Chinese character or text."
art/间_1.png,间,water,1,"Cute collectible monster card character for a children's Chinese learning game. Style: clean 2D vector-like illustration, thick dark outline, flat colors with soft cel shading, big glossy eyes, rounded shapes, kawaii, consistent front 3/4 view, soft top-left lighting. Full body, centered, nothing cropped. Plain pure white background, no text, no letters, no watermark, no frame. Palette aqua blue #3FA9F5 and translucent white; water-ripple marks and a bubble. Baby form: egg-shaped body, head is 60% of the body, stubby limbs or none, curious innocent expression. Small and simple. The character means ""between; room"". Do not draw any Chinese character or text."
art/间_2.png,间,water,2,"Cute collectible monster card character for a children's Chinese learning game. Style: clean 2D vector-like illustration, thick dark outline, flat colors with soft cel shading, big glossy eyes, rounded shapes, kawaii, consistent front 3/4 view, soft top-left lighting. Full body, centered, nothing cropped. Plain pure white background, no text, no letters, no watermark, no frame. Palette aqua blue #3FA9F5 and translucent white; water-ripple marks and a bubble. Teen form: proper arms and legs, standing confidently, holds ONE small prop related to its meaning, cheerful expression. Medium detail. The character means ""between; room"". Do not draw any Chinese character or text."
art/间_3.png,间,water,3,"Cute collectible monster card character for a children's Chinese learning game. Style: clean 2D vector-like illustration, thick dark outline, flat colors with soft cel shading, big glossy eyes, rounded shapes, kawaii, consistent front 3/4 view, soft top-left lighting. Full body, centered, nothing cropped. Plain pure white background, no text, no letters, no watermark, no frame. Palette aqua blue #3FA9F5 and translucent white; water-ripple marks and a bubble. King form: taller heroic proportions, royal cape and a small crown, a glowing aura of its element behind it, proud smile. Most detailed. The character means ""between; room"". Do not draw any Chinese character or text."
art/应_1.png,应,earth,1,"Cute collectible monster card character for a children's Chinese learning game. Style: clean 2D vector-like illustration, thick dark outline, flat colors with soft cel shading, big glossy eyes, rounded shapes, kawaii, consistent front 3/4 view, soft top-left lighting. Full body, centered, nothing cropped. Plain pure white background, no text, no letters, no watermark, no frame. Palette sandy ochre #C89B5E and stone grey; a rocky back shell. Baby form: egg-shaped body, head is 60% of the body, stubby limbs or none, curious innocent expression. Small and simple. The character means ""should"". Do not draw any Chinese character or text."
art/应_2.png,应,earth,2,"Cute collectible monster card character for a children's Chinese learning game. Style: clean 2D vector-like illustration, thick dark outline, flat colors with soft cel shading, big glossy eyes, rounded shapes, kawaii, consistent front 3/4 view, soft top-left lighting. Full body, centered, nothing cropped. Plain pure white background, no text, no letters, no watermark, no frame. Palette sandy ochre #C89B5E and stone grey; a rocky back shell. Teen form: proper arms and legs, standing confidently, holds ONE small prop related to its meaning, cheerful expression. Medium detail. The character means ""should"". Do not draw any Chinese character or text."
art/应_3.png,应,earth,3,"Cute collectible monster card character for a children's Chinese learning game. Style: clean 2D vector-like illustration, thick dark outline, flat colors with soft cel shading, big glossy eyes, rounded shapes, kawaii, consistent front 3/4 view, soft top-left lighting. Full body, centered, nothing cropped. Plain pure white background, no text, no letters, no watermark, no frame. Palette sandy ochre #C89B5E and stone grey; a rocky back shell. King form: taller heroic proportions, royal cape and a small crown, a glowing aura of its element behind it, proud smile. Most detailed. The character means ""should"". Do not draw any Chinese character or text."
art/体_1.png,体,heart,1,"Cute collectible monster card character for a children's Chinese learning game. Style: clean 2D vector-like illustration, thick dark outline, flat colors with soft cel shading, big glossy eyes, rounded shapes, kawaii, consistent front 3/4 view, soft top-left lighting. Full body, centered, nothing cropped. Plain pure white background, no text, no letters, no watermark, no frame. Palette pink #FF7FA8 and lilac; fluffy fur, heart-shaped tail, blush cheeks. Baby form: egg-shaped body, head is 60% of the body, stubby limbs or none, curious innocent expression. Small and simple. The character means ""body"". Do not draw any Chinese character or text."
art/体_2.png,体,heart,2,"Cute collectible monster card character for a children's Chinese learning game. Style: clean 2D vector-like illustration, thick dark outline, flat colors with soft cel shading, big glossy eyes, rounded shapes, kawaii, consistent front 3/4 view, soft top-left lighting. Full body, centered, nothing cropped. Plain pure white background, no text, no letters, no watermark, no frame. Palette pink #FF7FA8 and lilac; fluffy fur, heart-shaped tail, blush cheeks. Teen form: proper arms and legs, standing confidently, holds ONE small prop related to its meaning, cheerful expression. Medium detail. The character means ""body"". Do not draw any Chinese character or text."
art/体_3.png,体,heart,3,"Cute collectible monster card character for a children's Chinese learning game. Style: clean 2D vector-like illustration, thick dark outline, flat colors with soft cel shading, big glossy eyes, rounded shapes, kawaii, consistent front 3/4 view, soft top-left lighting. Full body, centered, nothing cropped. Plain pure white background, no text, no letters, no watermark, no frame. Palette pink #FF7FA8 and lilac; fluffy fur, heart-shaped tail, blush cheeks. King form: taller heroic proportions, royal cape and a small crown, a glowing aura of its element behind it, proud smile. Most detailed. The character means ""body"". Do not draw any Chinese character or text."
art/利_1.png,利,sky,1,"Cute collectible monster card character for a children's Chinese learning game. Style: clean 2D vector-like illustration, thick dark outline, flat colors with soft cel shading, big glossy eyes, rounded shapes, kawaii, consistent front 3/4 view, soft top-left lighting. Full body, centered, nothing cropped. Plain pure white background, no text, no letters, no watermark, no frame. Palette sky blue #5AB6FF and cream white; tiny wings and cloud-like feet. Baby form: egg-shaped body, head is 60% of the body, stubby limbs or none, curious innocent expression. Small and simple. The character means ""benefit; sharp"". Do not draw any Chinese character or text."
art/利_2.png,利,sky,2,"Cute collectible monster card character for a children's Chinese learning game. Style: clean 2D vector-like illustration, thick dark outline, flat colors with soft cel shading, big glossy eyes, rounded shapes, kawaii, consistent front 3/4 view, soft top-left lighting. Full body, centered, nothing cropped. Plain pure white background, no text, no letters, no watermark, no frame. Palette sky blue #5AB6FF and cream white; tiny wings and cloud-like feet. Teen form: proper arms and legs, standing confidently, holds ONE small prop related to its meaning, cheerful expression. Medium detail. The character means ""benefit; sharp"". Do not draw any Chinese character or text."
art/利_3.png,利,sky,3,"Cute collectible monster card character for a children's Chinese learning game. Style: clean 2D vector-like illustration, thick dark outline, flat colors with soft cel shading, big glossy eyes, rounded shapes, kawaii, consistent front 3/4 view, soft top-left lighting. Full body, centered, nothing cropped. Plain pure white background, no text, no letters, no watermark, no frame. Palette sky blue #5AB6FF and cream white; tiny wings and cloud-like feet. King form: taller heroic proportions, royal cape and a small crown, a glowing aura of its element behind it, proud smile. Most detailed. The character means ""benefit; sharp"". Do not draw any Chinese character or text."
art/身_1.png,身,wood,1,"Cute collectible monster card character for a children's Chinese learning game. Style: clean 2D vector-like illustration, thick dark outline, flat colors with soft cel shading, big glossy eyes, rounded shapes, kawaii, consistent front 3/4 view, soft top-left lighting. Full body, centered, nothing cropped. Plain pure white background, no text, no letters, no watermark, no frame. Palette grass green #4CC35A and warm brown; leaf-shaped ears, twig-like arms. Baby form: egg-shaped body, head is 60% of the body, stubby limbs or none, curious innocent expression. Small and simple. The character means ""body"". Do not draw any Chinese character or text."
art/身_2.png,身,wood,2,"Cute collectible monster card character for a children's Chinese learning game. Style: clean 2D vector-like illustration, thick dark outline, flat colors with soft cel shading, big glossy eyes, rounded shapes, kawaii, consistent front 3/4 view, soft top-left lighting. Full body, centered, nothing cropped. Plain pure white background, no text, no letters, no watermark, no frame. Palette grass green #4CC35A and warm brown; leaf-shaped ears, twig-like arms. Teen form: proper arms and legs, standing confidently, holds ONE small prop related to its meaning, cheerful expression. Medium detail. The character means ""body"". Do not draw any Chinese character or text."
art/身_3.png,身,wood,3,"Cute collectible monster card character for a children's Chinese learning game. Style: clean 2D vector-like illustration, thick dark outline, flat colors with soft cel shading, big glossy eyes, rounded shapes, kawaii, consistent front 3/4 view, soft top-left lighting. Full body, centered, nothing cropped. Plain pure white background, no text, no letters, no watermark, no frame. Palette grass green #4CC35A and warm brown; leaf-shaped ears, twig-like arms. King form: taller heroic proportions, royal cape and a small crown, a glowing aura of its element behind it, proud smile. Most detailed. The character means ""body"". Do not draw any Chinese character or text."
art/位_1.png,位,heart,1,"Cute collectible monster card character for a children's Chinese learning game. Style: clean 2D vector-like illustration, thick dark outline, flat colors with soft cel shading, big glossy eyes, rounded shapes, kawaii, consistent front 3/4 view, soft top-left lighting. Full body, centered, nothing cropped. Plain pure white background, no text, no letters, no watermark, no frame. Palette pink #FF7FA8 and lilac; fluffy fur, heart-shaped tail, blush cheeks. Baby form: egg-shaped body, head is 60% of the body, stubby limbs or none, curious innocent expression. Small and simple. The character means ""position"". Do not draw any Chinese character or text."
art/位_2.png,位,heart,2,"Cute collectible monster card character for a children's Chinese learning game. Style: clean 2D vector-like illustration, thick dark outline, flat colors with soft cel shading, big glossy eyes, rounded shapes, kawaii, consistent front 3/4 view, soft top-left lighting. Full body, centered, nothing cropped. Plain pure white background, no text, no letters, no watermark, no frame. Palette pink #FF7FA8 and lilac; fluffy fur, heart-shaped tail, blush cheeks. Teen form: proper arms and legs, standing confidently, holds ONE small prop related to its meaning, cheerful expression. Medium detail. The character means ""position"". Do not draw any Chinese character or text."
art/位_3.png,位,heart,3,"Cute collectible monster card character for a children's Chinese learning game. Style: clean 2D vector-like illustration, thick dark outline, flat colors with soft cel shading, big glossy eyes, rounded shapes, kawaii, consistent front 3/4 view, soft top-left lighting. Full body, centered, nothing cropped. Plain pure white background, no text, no letters, no watermark, no frame. Palette pink #FF7FA8 and lilac; fluffy fur, heart-shaped tail, blush cheeks. King form: taller heroic proportions, royal cape and a small crown, a glowing aura of its element behind it, proud smile. Most detailed. The character means ""position"". Do not draw any Chinese character or text."
art/声_1.png,声,heart,1,"Cute collectible monster card character for a children's Chinese learning game. Style: clean 2D vector-like illustration, thick dark outline, flat colors with soft cel shading, big glossy eyes, rounded shapes, kawaii, consistent front 3/4 view, soft top-left lighting. Full body, centered, nothing cropped. Plain pure white background, no text, no letters, no watermark, no frame. Palette pink #FF7FA8 and lilac; fluffy fur, heart-shaped tail, blush cheeks. Baby form: egg-shaped body, head is 60% of the body, stubby limbs or none, curious innocent expression. Small and simple. The character means ""sound; voice"". Do not draw any Chinese character or text."
art/声_2.png,声,heart,2,"Cute collectible monster card character for a children's Chinese learning game. Style: clean 2D vector-like illustration, thick dark outline, flat colors with soft cel shading, big glossy eyes, rounded shapes, kawaii, consistent front 3/4 view, soft top-left lighting. Full body, centered, nothing cropped. Plain pure white background, no text, no letters, no watermark, no frame. Palette pink #FF7FA8 and lilac; fluffy fur, heart-shaped tail, blush cheeks. Teen form: proper arms and legs, standing confidently, holds ONE small prop related to its meaning, cheerful expression. Medium detail. The character means ""sound; voice"". Do not draw any Chinese character or text."
art/声_3.png,声,heart,3,"Cute collectible monster card character for a children's Chinese learning game. Style: clean 2D vector-like illustration, thick dark outline, flat colors with soft cel shading, big glossy eyes, rounded shapes, kawaii, consistent front 3/4 view, soft top-left lighting. Full body, centered, nothing cropped. Plain pure white background, no text, no letters, no watermark, no frame. Palette pink #FF7FA8 and lilac; fluffy fur, heart-shaped tail, blush cheeks. King form: taller heroic proportions, royal cape and a small crown, a glowing aura of its element behind it, proud smile. Most detailed. The character means ""sound; voice"". Do not draw any Chinese character or text."
art/员_1.png,员,heart,1,"Cute collectible monster card character for a children's Chinese learning game. Style: clean 2D vector-like illustration, thick dark outline, flat colors with soft cel shading, big glossy eyes, rounded shapes, kawaii, consistent front 3/4 view, soft top-left lighting. Full body, centered, nothing cropped. Plain pure white background, no text, no letters, no watermark, no frame. Palette pink #FF7FA8 and lilac; fluffy fur, heart-shaped tail, blush cheeks. Baby form: egg-shaped body, head is 60% of the body, stubby limbs or none, curious innocent expression. Small and simple. The character means ""member"". Do not draw any Chinese character or text."
art/员_2.png,员,heart,2,"Cute collectible monster card character for a children's Chinese learning game. Style: clean 2D vector-like illustration, thick dark outline, flat colors with soft cel shading, big glossy eyes, rounded shapes, kawaii, consistent front 3/4 view, soft top-left lighting. Full body, centered, nothing cropped. Plain pure white background, no text, no letters, no watermark, no frame. Palette pink #FF7FA8 and lilac; fluffy fur, heart-shaped tail, blush cheeks. Teen form: proper arms and legs, standing confidently, holds ONE small prop related to its meaning, cheerful expression. Medium detail. The character means ""member"". Do not draw any Chinese character or text."
art/员_3.png,员,heart,3,"Cute collectible monster card character for a children's Chinese learning game. Style: clean 2D vector-like illustration, thick dark outline, flat colors with soft cel shading, big glossy eyes, rounded shapes, kawaii, consistent front 3/4 view, soft top-left lighting. Full body, centered, nothing cropped. Plain pure white background, no text, no letters, no watermark, no frame. Palette pink #FF7FA8 and lilac; fluffy fur, heart-shaped tail, blush cheeks. King form: taller heroic proportions, royal cape and a small crown, a glowing aura of its element behind it, proud smile. Most detailed. The character means ""member"". Do not draw any Chinese character or text."
art/走_1.png,走,heart,1,"Cute collectible monster card character for a children's Chinese learning game. Style: clean 2D vector-like illustration, thick dark outline, flat colors with soft cel shading, big glossy eyes, rounded shapes, kawaii, consistent front 3/4 view, soft top-left lighting. Full body, centered, nothing cropped. Plain pure white background, no text, no letters, no watermark, no frame. Palette pink #FF7FA8 and lilac; fluffy fur, heart-shaped tail, blush cheeks. Baby form: egg-shaped body, head is 60% of the body, stubby limbs or none, curious innocent expression. Small and simple. The character means ""walk"". Do not draw any Chinese character or text."
art/走_2.png,走,heart,2,"Cute collectible monster card character for a children's Chinese learning game. Style: clean 2D vector-like illustration, thick dark outline, flat colors with soft cel shading, big glossy eyes, rounded shapes, kawaii, consistent front 3/4 view, soft top-left lighting. Full body, centered, nothing cropped. Plain pure white background, no text, no letters, no watermark, no frame. Palette pink #FF7FA8 and lilac; fluffy fur, heart-shaped tail, blush cheeks. Teen form: proper arms and legs, standing confidently, holds ONE small prop related to its meaning, cheerful expression. Medium detail. The character means ""walk"". Do not draw any Chinese character or text."
art/走_3.png,走,heart,3,"Cute collectible monster card character for a children's Chinese learning game. Style: clean 2D vector-like illustration, thick dark outline, flat colors with soft cel shading, big glossy eyes, rounded shapes, kawaii, consistent front 3/4 view, soft top-left lighting. Full body, centered, nothing cropped. Plain pure white background, no text, no letters, no watermark, no frame. Palette pink #FF7FA8 and lilac; fluffy fur, heart-shaped tail, blush cheeks. King form: taller heroic proportions, royal cape and a small crown, a glowing aura of its element behind it, proud smile. Most detailed. The character means ""walk"". Do not draw any Chinese character or text."
art/条_1.png,条,wood,1,"Cute collectible monster card character for a children's Chinese learning game. Style: clean 2D vector-like illustration, thick dark outline, flat colors with soft cel shading, big glossy eyes, rounded shapes, kawaii, consistent front 3/4 view, soft top-left lighting. Full body, centered, nothing cropped. Plain pure white background, no text, no letters, no watermark, no frame. Palette grass green #4CC35A and warm brown; leaf-shaped ears, twig-like arms. Baby form: egg-shaped body, head is 60% of the body, stubby limbs or none, curious innocent expression. Small and simple. The character means ""strip; item"". Do not draw any Chinese character or text."
art/条_2.png,条,wood,2,"Cute collectible monster card character for a children's Chinese learning game. Style: clean 2D vector-like illustration, thick dark outline, flat colors with soft cel shading, big glossy eyes, rounded shapes, kawaii, consistent front 3/4 view, soft top-left lighting. Full body, centered, nothing cropped. Plain pure white background, no text, no letters, no watermark, no frame. Palette grass green #4CC35A and warm brown; leaf-shaped ears, twig-like arms. Teen form: proper arms and legs, standing confidently, holds ONE small prop related to its meaning, cheerful expression. Medium detail. The character means ""strip; item"". Do not draw any Chinese character or text."
art/条_3.png,条,wood,3,"Cute collectible monster card character for a children's Chinese learning game. Style: clean 2D vector-like illustration, thick dark outline, flat colors with soft cel shading, big glossy eyes, rounded shapes, kawaii, consistent front 3/4 view, soft top-left lighting. Full body, centered, nothing cropped. Plain pure white background, no text, no letters, no watermark, no frame. Palette grass green #4CC35A and warm brown; leaf-shaped ears, twig-like arms. King form: taller heroic proportions, royal cape and a small crown, a glowing aura of its element behind it, proud smile. Most detailed. The character means ""strip; item"". Do not draw any Chinese character or text."
art/系_1.png,系,sky,1,"Cute collectible monster card character for a children's Chinese learning game. Style: clean 2D vector-like illustration, thick dark outline, flat colors with soft cel shading, big glossy eyes, rounded shapes, kawaii, consistent front 3/4 view, soft top-left lighting. Full body, centered, nothing cropped. Plain pure white background, no text, no letters, no watermark, no frame. Palette sky blue #5AB6FF and cream white; tiny wings and cloud-like feet. Baby form: egg-shaped body, head is 60% of the body, stubby limbs or none, curious innocent expression. Small and simple. The character means ""system; tie"". Do not draw any Chinese character or text."
art/系_2.png,系,sky,2,"Cute collectible monster card character for a children's Chinese learning game. Style: clean 2D vector-like illustration, thick dark outline, flat colors with soft cel shading, big glossy eyes, rounded shapes, kawaii, consistent front 3/4 view, soft top-left lighting. Full body, centered, nothing cropped. Plain pure white background, no text, no letters, no watermark, no frame. Palette sky blue #5AB6FF and cream white; tiny wings and cloud-like feet. Teen form: proper arms and legs, standing confidently, holds ONE small prop related to its meaning, cheerful expression. Medium detail. The character means ""system; tie"". Do not draw any Chinese character or text."
art/系_3.png,系,sky,3,"Cute collectible monster card character for a children's Chinese learning game. Style: clean 2D vector-like illustration, thick dark outline, flat colors with soft cel shading, big glossy eyes, rounded shapes, kawaii, consistent front 3/4 view, soft top-left lighting. Full body, centered, nothing cropped. Plain pure white background, no text, no letters, no watermark, no frame. Palette sky blue #5AB6FF and cream white; tiny wings and cloud-like feet. King form: taller heroic proportions, royal cape and a small crown, a glowing aura of its element behind it, proud smile. Most detailed. The character means ""system; tie"". Do not draw any Chinese character or text."
art/更_1.png,更,heart,1,"Cute collectible monster card character for a children's Chinese learning game. Style: clean 2D vector-like illustration, thick dark outline, flat colors with soft cel shading, big glossy eyes, rounded shapes, kawaii, consistent front 3/4 view, soft top-left lighting. Full body, centered, nothing cropped. Plain pure white background, no text, no letters, no watermark, no frame. Palette pink #FF7FA8 and lilac; fluffy fur, heart-shaped tail, blush cheeks. Baby form: egg-shaped body, head is 60% of the body, stubby limbs or none, curious innocent expression. Small and simple. The character means ""more; change"". Do not draw any Chinese character or text."
art/更_2.png,更,heart,2,"Cute collectible monster card character for a children's Chinese learning game. Style: clean 2D vector-like illustration, thick dark outline, flat colors with soft cel shading, big glossy eyes, rounded shapes, kawaii, consistent front 3/4 view, soft top-left lighting. Full body, centered, nothing cropped. Plain pure white background, no text, no letters, no watermark, no frame. Palette pink #FF7FA8 and lilac; fluffy fur, heart-shaped tail, blush cheeks. Teen form: proper arms and legs, standing confidently, holds ONE small prop related to its meaning, cheerful expression. Medium detail. The character means ""more; change"". Do not draw any Chinese character or text."
art/更_3.png,更,heart,3,"Cute collectible monster card character for a children's Chinese learning game. Style: clean 2D vector-like illustration, thick dark outline, flat colors with soft cel shading, big glossy eyes, rounded shapes, kawaii, consistent front 3/4 view, soft top-left lighting. Full body, centered, nothing cropped. Plain pure white background, no text, no letters, no watermark, no frame. Palette pink #FF7FA8 and lilac; fluffy fur, heart-shaped tail, blush cheeks. King form: taller heroic proportions, royal cape and a small crown, a glowing aura of its element behind it, proud smile. Most detailed. The character means ""more; change"". Do not draw any Chinese character or text."
art/别_1.png,别,fire,1,"Cute collectible monster card character for a children's Chinese learning game. Style: clean 2D vector-like illustration, thick dark outline, flat colors with soft cel shading, big glossy eyes, rounded shapes, kawaii, consistent front 3/4 view, soft top-left lighting. Full body, centered, nothing cropped. Plain pure white background, no text, no letters, no watermark, no frame. Palette orange-red #FF6B35 and golden yellow; a flame tuft on the head, a spark at the tail. Baby form: egg-shaped body, head is 60% of the body, stubby limbs or none, curious innocent expression. Small and simple. The character means ""other; don't"". Do not draw any Chinese character or text."
art/别_2.png,别,fire,2,"Cute collectible monster card character for a children's Chinese learning game. Style: clean 2D vector-like illustration, thick dark outline, flat colors with soft cel shading, big glossy eyes, rounded shapes, kawaii, consistent front 3/4 view, soft top-left lighting. Full body, centered, nothing cropped. Plain pure white background, no text, no letters, no watermark, no frame. Palette orange-red #FF6B35 and golden yellow; a flame tuft on the head, a spark at the tail. Teen form: proper arms and legs, standing confidently, holds ONE small prop related to its meaning, cheerful expression. Medium detail. The character means ""other; don't"". Do not draw any Chinese character or text."
art/别_3.png,别,fire,3,"Cute collectible monster card character for a children's Chinese learning game. Style: clean 2D vector-like illustration, thick dark outline, flat colors with soft cel shading, big glossy eyes, rounded shapes, kawaii, consistent front 3/4 view, soft top-left lighting. Full body, centered, nothing cropped. Plain pure white background, no text, no letters, no watermark, no frame. Palette orange-red #FF6B35 and golden yellow; a flame tuft on the head, a spark at the tail. King form: taller heroic proportions, royal cape and a small crown, a glowing aura of its element behind it, proud smile. Most detailed. The character means ""other; don't"". Do not draw any Chinese character or text."
art/何_1.png,何,heart,1,"Cute collectible monster card character for a children's Chinese learning game. Style: clean 2D vector-like illustration, thick dark outline, flat colors with soft cel shading, big glossy eyes, rounded shapes, kawaii, consistent front 3/4 view, soft top-left lighting. Full body, centered, nothing cropped. Plain pure white background, no text, no letters, no watermark, no frame. Palette pink #FF7FA8 and lilac; fluffy fur, heart-shaped tail, blush cheeks. Baby form: egg-shaped body, head is 60% of the body, stubby limbs or none, curious innocent expression. Small and simple. The character means ""what; how"". Do not draw any Chinese character or text."
art/何_2.png,何,heart,2,"Cute collectible monster card character for a children's Chinese learning game. Style: clean 2D vector-like illustration, thick dark outline, flat colors with soft cel shading, big glossy eyes, rounded shapes, kawaii, consistent front 3/4 view, soft top-left lighting. Full body, centered, nothing cropped. Plain pure white background, no text, no letters, no watermark, no frame. Palette pink #FF7FA8 and lilac; fluffy fur, heart-shaped tail, blush cheeks. Teen form: proper arms and legs, standing confidently, holds ONE small prop related to its meaning, cheerful expression. Medium detail. The character means ""what; how"". Do not draw any Chinese character or text."
art/何_3.png,何,heart,3,"Cute collectible monster card character for a children's Chinese learning game. Style: clean 2D vector-like illustration, thick dark outline, flat colors with soft cel shading, big glossy eyes, rounded shapes, kawaii, consistent front 3/4 view, soft top-left lighting. Full body, centered, nothing cropped. Plain pure white background, no text, no letters, no watermark, no frame. Palette pink #FF7FA8 and lilac; fluffy fur, heart-shaped tail, blush cheeks. King form: taller heroic proportions, royal cape and a small crown, a glowing aura of its element behind it, proud smile. Most detailed. The character means ""what; how"". Do not draw any Chinese character or text."
art/报_1.png,报,heart,1,"Cute collectible monster card character for a children's Chinese learning game. Style: clean 2D vector-like illustration, thick dark outline, flat colors with soft cel shading, big glossy eyes, rounded shapes, kawaii, consistent front 3/4 view, soft top-left lighting. Full body, centered, nothing cropped. Plain pure white background, no text, no letters, no watermark, no frame. Palette pink #FF7FA8 and lilac; fluffy fur, heart-shaped tail, blush cheeks. Baby form: egg-shaped body, head is 60% of the body, stubby limbs or none, curious innocent expression. Small and simple. The character means ""report; newspaper"". Do not draw any Chinese character or text."
art/报_2.png,报,heart,2,"Cute collectible monster card character for a children's Chinese learning game. Style: clean 2D vector-like illustration, thick dark outline, flat colors with soft cel shading, big glossy eyes, rounded shapes, kawaii, consistent front 3/4 view, soft top-left lighting. Full body, centered, nothing cropped. Plain pure white background, no text, no letters, no watermark, no frame. Palette pink #FF7FA8 and lilac; fluffy fur, heart-shaped tail, blush cheeks. Teen form: proper arms and legs, standing confidently, holds ONE small prop related to its meaning, cheerful expression. Medium detail. The character means ""report; newspaper"". Do not draw any Chinese character or text."
art/报_3.png,报,heart,3,"Cute collectible monster card character for a children's Chinese learning game. Style: clean 2D vector-like illustration, thick dark outline, flat colors with soft cel shading, big glossy eyes, rounded shapes, kawaii, consistent front 3/4 view, soft top-left lighting. Full body, centered, nothing cropped. Plain pure white background, no text, no letters, no watermark, no frame. Palette pink #FF7FA8 and lilac; fluffy fur, heart-shaped tail, blush cheeks. King form: taller heroic proportions, royal cape and a small crown, a glowing aura of its element behind it, proud smile. Most detailed. The character means ""report; newspaper"". Do not draw any Chinese character or text."
art/克_1.png,克,sky,1,"Cute collectible monster card character for a children's Chinese learning game. Style: clean 2D vector-like illustration, thick dark outline, flat colors with soft cel shading, big glossy eyes, rounded shapes, kawaii, consistent front 3/4 view, soft top-left lighting. Full body, centered, nothing cropped. Plain pure white background, no text, no letters, no watermark, no frame. Palette sky blue #5AB6FF and cream white; tiny wings and cloud-like feet. Baby form: egg-shaped body, head is 60% of the body, stubby limbs or none, curious innocent expression. Small and simple. The character means ""overcome; gram"". Do not draw any Chinese character or text."
art/克_2.png,克,sky,2,"Cute collectible monster card character for a children's Chinese learning game. Style: clean 2D vector-like illustration, thick dark outline, flat colors with soft cel shading, big glossy eyes, rounded shapes, kawaii, consistent front 3/4 view, soft top-left lighting. Full body, centered, nothing cropped. Plain pure white background, no text, no letters, no watermark, no frame. Palette sky blue #5AB6FF and cream white; tiny wings and cloud-like feet. Teen form: proper arms and legs, standing confidently, holds ONE small prop related to its meaning, cheerful expression. Medium detail. The character means ""overcome; gram"". Do not draw any Chinese character or text."
art/克_3.png,克,sky,3,"Cute collectible monster card character for a children's Chinese learning game. Style: clean 2D vector-like illustration, thick dark outline, flat colors with soft cel shading, big glossy eyes, rounded shapes, kawaii, consistent front 3/4 view, soft top-left lighting. Full body, centered, nothing cropped. Plain pure white background, no text, no letters, no watermark, no frame. Palette sky blue #5AB6FF and cream white; tiny wings and cloud-like feet. King form: taller heroic proportions, royal cape and a small crown, a glowing aura of its element behind it, proud smile. Most detailed. The character means ""overcome; gram"". Do not draw any Chinese character or text."
art/形_1.png,形,heart,1,"Cute collectible monster card character for a children's Chinese learning game. Style: clean 2D vector-like illustration, thick dark outline, flat colors with soft cel shading, big glossy eyes, rounded shapes, kawaii, consistent front 3/4 view, soft top-left lighting. Full body, centered, nothing cropped. Plain pure white background, no text, no letters, no watermark, no frame. Palette pink #FF7FA8 and lilac; fluffy fur, heart-shaped tail, blush cheeks. Baby form: egg-shaped body, head is 60% of the body, stubby limbs or none, curious innocent expression. Small and simple. The character means ""shape"". Do not draw any Chinese character or text."
art/形_2.png,形,heart,2,"Cute collectible monster card character for a children's Chinese learning game. Style: clean 2D vector-like illustration, thick dark outline, flat colors with soft cel shading, big glossy eyes, rounded shapes, kawaii, consistent front 3/4 view, soft top-left lighting. Full body, centered, nothing cropped. Plain pure white background, no text, no letters, no watermark, no frame. Palette pink #FF7FA8 and lilac; fluffy fur, heart-shaped tail, blush cheeks. Teen form: proper arms and legs, standing confidently, holds ONE small prop related to its meaning, cheerful expression. Medium detail. The character means ""shape"". Do not draw any Chinese character or text."
art/形_3.png,形,heart,3,"Cute collectible monster card character for a children's Chinese learning game. Style: clean 2D vector-like illustration, thick dark outline, flat colors with soft cel shading, big glossy eyes, rounded shapes, kawaii, consistent front 3/4 view, soft top-left lighting. Full body, centered, nothing cropped. Plain pure white background, no text, no letters, no watermark, no frame. Palette pink #FF7FA8 and lilac; fluffy fur, heart-shaped tail, blush cheeks. King form: taller heroic proportions, royal cape and a small crown, a glowing aura of its element behind it, proud smile. Most detailed. The character means ""shape"". Do not draw any Chinese character or text."
art/社_1.png,社,water,1,"Cute collectible monster card character for a children's Chinese learning game. Style: clean 2D vector-like illustration, thick dark outline, flat colors with soft cel shading, big glossy eyes, rounded shapes, kawaii, consistent front 3/4 view, soft top-left lighting. Full body, centered, nothing cropped. Plain pure white background, no text, no letters, no watermark, no frame. Palette aqua blue #3FA9F5 and translucent white; water-ripple marks and a bubble. Baby form: egg-shaped body, head is 60% of the body, stubby limbs or none, curious innocent expression. Small and simple. The character means ""society"". Do not draw any Chinese character or text."
art/社_2.png,社,water,2,"Cute collectible monster card character for a children's Chinese learning game. Style: clean 2D vector-like illustration, thick dark outline, flat colors with soft cel shading, big glossy eyes, rounded shapes, kawaii, consistent front 3/4 view, soft top-left lighting. Full body, centered, nothing cropped. Plain pure white background, no text, no letters, no watermark, no frame. Palette aqua blue #3FA9F5 and translucent white; water-ripple marks and a bubble. Teen form: proper arms and legs, standing confidently, holds ONE small prop related to its meaning, cheerful expression. Medium detail. The character means ""society"". Do not draw any Chinese character or text."
art/社_3.png,社,water,3,"Cute collectible monster card character for a children's Chinese learning game. Style: clean 2D vector-like illustration, thick dark outline, flat colors with soft cel shading, big glossy eyes, rounded shapes, kawaii, consistent front 3/4 view, soft top-left lighting. Full body, centered, nothing cropped. Plain pure white background, no text, no letters, no watermark, no frame. Palette aqua blue #3FA9F5 and translucent white; water-ripple marks and a bubble. King form: taller heroic proportions, royal cape and a small crown, a glowing aura of its element behind it, proud smile. Most detailed. The character means ""society"". Do not draw any Chinese character or text."
art/听_1.png,听,heart,1,"Cute collectible monster card character for a children's Chinese learning game. Style: clean 2D vector-like illustration, thick dark outline, flat colors with soft cel shading, big glossy eyes, rounded shapes, kawaii, consistent front 3/4 view, soft top-left lighting. Full body, centered, nothing cropped. Plain pure white background, no text, no letters, no watermark, no frame. Palette pink #FF7FA8 and lilac; fluffy fur, heart-shaped tail, blush cheeks. Baby form: egg-shaped body, head is 60% of the body, stubby limbs or none, curious innocent expression. Small and simple. The character means ""listen"". Do not draw any Chinese character or text."
art/听_2.png,听,heart,2,"Cute collectible monster card character for a children's Chinese learning game. Style: clean 2D vector-like illustration, thick dark outline, flat colors with soft cel shading, big glossy eyes, rounded shapes, kawaii, consistent front 3/4 view, soft top-left lighting. Full body, centered, nothing cropped. Plain pure white background, no text, no letters, no watermark, no frame. Palette pink #FF7FA8 and lilac; fluffy fur, heart-shaped tail, blush cheeks. Teen form: proper arms and legs, standing confidently, holds ONE small prop related to its meaning, cheerful expression. Medium detail. The character means ""listen"". Do not draw any Chinese character or text."
art/听_3.png,听,heart,3,"Cute collectible monster card character for a children's Chinese learning game. Style: clean 2D vector-like illustration, thick dark outline, flat colors with soft cel shading, big glossy eyes, rounded shapes, kawaii, consistent front 3/4 view, soft top-left lighting. Full body, centered, nothing cropped. Plain pure white background, no text, no letters, no watermark, no frame. Palette pink #FF7FA8 and lilac; fluffy fur, heart-shaped tail, blush cheeks. King form: taller heroic proportions, royal cape and a small crown, a glowing aura of its element behind it, proud smile. Most detailed. The character means ""listen"". Do not draw any Chinese character or text."
art/却_1.png,却,heart,1,"Cute collectible monster card character for a children's Chinese learning game. Style: clean 2D vector-like illustration, thick dark outline, flat colors with soft cel shading, big glossy eyes, rounded shapes, kawaii, consistent front 3/4 view, soft top-left lighting. Full body, centered, nothing cropped. Plain pure white background, no text, no letters, no watermark, no frame. Palette pink #FF7FA8 and lilac; fluffy fur, heart-shaped tail, blush cheeks. Baby form: egg-shaped body, head is 60% of the body, stubby limbs or none, curious innocent expression. Small and simple. The character means ""but; step back"". Do not draw any Chinese character or text."
art/却_2.png,却,heart,2,"Cute collectible monster card character for a children's Chinese learning game. Style: clean 2D vector-like illustration, thick dark outline, flat colors with soft cel shading, big glossy eyes, rounded shapes, kawaii, consistent front 3/4 view, soft top-left lighting. Full body, centered, nothing cropped. Plain pure white background, no text, no letters, no watermark, no frame. Palette pink #FF7FA8 and lilac; fluffy fur, heart-shaped tail, blush cheeks. Teen form: proper arms and legs, standing confidently, holds ONE small prop related to its meaning, cheerful expression. Medium detail. The character means ""but; step back"". Do not draw any Chinese character or text."
art/却_3.png,却,heart,3,"Cute collectible monster card character for a children's Chinese learning game. Style: clean 2D vector-like illustration, thick dark outline, flat colors with soft cel shading, big glossy eyes, rounded shapes, kawaii, consistent front 3/4 view, soft top-left lighting. Full body, centered, nothing cropped. Plain pure white background, no text, no letters, no watermark, no frame. Palette pink #FF7FA8 and lilac; fluffy fur, heart-shaped tail, blush cheeks. King form: taller heroic proportions, royal cape and a small crown, a glowing aura of its element behind it, proud smile. Most detailed. The character means ""but; step back"". Do not draw any Chinese character or text."
art/即_1.png,即,sky,1,"Cute collectible monster card character for a children's Chinese learning game. Style: clean 2D vector-like illustration, thick dark outline, flat colors with soft cel shading, big glossy eyes, rounded shapes, kawaii, consistent front 3/4 view, soft top-left lighting. Full body, centered, nothing cropped. Plain pure white background, no text, no letters, no watermark, no frame. Palette sky blue #5AB6FF and cream white; tiny wings and cloud-like feet. Baby form: egg-shaped body, head is 60% of the body, stubby limbs or none, curious innocent expression. Small and simple. The character means ""namely; at once"". Do not draw any Chinese character or text."
art/即_2.png,即,sky,2,"Cute collectible monster card character for a children's Chinese learning game. Style: clean 2D vector-like illustration, thick dark outline, flat colors with soft cel shading, big glossy eyes, rounded shapes, kawaii, consistent front 3/4 view, soft top-left lighting. Full body, centered, nothing cropped. Plain pure white background, no text, no letters, no watermark, no frame. Palette sky blue #5AB6FF and cream white; tiny wings and cloud-like feet. Teen form: proper arms and legs, standing confidently, holds ONE small prop related to its meaning, cheerful expression. Medium detail. The character means ""namely; at once"". Do not draw any Chinese character or text."
art/即_3.png,即,sky,3,"Cute collectible monster card character for a children's Chinese learning game. Style: clean 2D vector-like illustration, thick dark outline, flat colors with soft cel shading, big glossy eyes, rounded shapes, kawaii, consistent front 3/4 view, soft top-left lighting. Full body, centered, nothing cropped. Plain pure white background, no text, no letters, no watermark, no frame. Palette sky blue #5AB6FF and cream white; tiny wings and cloud-like feet. King form: taller heroic proportions, royal cape and a small crown, a glowing aura of its element behind it, proud smile. Most detailed. The character means ""namely; at once"". Do not draw any Chinese character or text."
art/完_1.png,完,water,1,"Cute collectible monster card character for a children's Chinese learning game. Style: clean 2D vector-like illustration, thick dark outline, flat colors with soft cel shading, big glossy eyes, rounded shapes, kawaii, consistent front 3/4 view, soft top-left lighting. Full body, centered, nothing cropped. Plain pure white background, no text, no letters, no watermark, no frame. Palette aqua blue #3FA9F5 and translucent white; water-ripple marks and a bubble. Baby form: egg-shaped body, head is 60% of the body, stubby limbs or none, curious innocent expression. Small and simple. The character means ""finish"". Do not draw any Chinese character or text."
art/完_2.png,完,water,2,"Cute collectible monster card character for a children's Chinese learning game. Style: clean 2D vector-like illustration, thick dark outline, flat colors with soft cel shading, big glossy eyes, rounded shapes, kawaii, consistent front 3/4 view, soft top-left lighting. Full body, centered, nothing cropped. Plain pure white background, no text, no letters, no watermark, no frame. Palette aqua blue #3FA9F5 and translucent white; water-ripple marks and a bubble. Teen form: proper arms and legs, standing confidently, holds ONE small prop related to its meaning, cheerful expression. Medium detail. The character means ""finish"". Do not draw any Chinese character or text."
art/完_3.png,完,water,3,"Cute collectible monster card character for a children's Chinese learning game. Style: clean 2D vector-like illustration, thick dark outline, flat colors with soft cel shading, big glossy eyes, rounded shapes, kawaii, consistent front 3/4 view, soft top-left lighting. Full body, centered, nothing cropped. Plain pure white background, no text, no letters, no watermark, no frame. Palette aqua blue #3FA9F5 and translucent white; water-ripple marks and a bubble. King form: taller heroic proportions, royal cape and a small crown, a glowing aura of its element behind it, proud smile. Most detailed. The character means ""finish"". Do not draw any Chinese character or text."
art/住_1.png,住,heart,1,"Cute collectible monster card character for a children's Chinese learning game. Style: clean 2D vector-like illustration, thick dark outline, flat colors with soft cel shading, big glossy eyes, rounded shapes, kawaii, consistent front 3/4 view, soft top-left lighting. Full body, centered, nothing cropped. Plain pure white background, no text, no letters, no watermark, no frame. Palette pink #FF7FA8 and lilac; fluffy fur, heart-shaped tail, blush cheeks. Baby form: egg-shaped body, head is 60% of the body, stubby limbs or none, curious innocent expression. Small and simple. The character means ""live; stop"". Do not draw any Chinese character or text."
art/住_2.png,住,heart,2,"Cute collectible monster card character for a children's Chinese learning game. Style: clean 2D vector-like illustration, thick dark outline, flat colors with soft cel shading, big glossy eyes, rounded shapes, kawaii, consistent front 3/4 view, soft top-left lighting. Full body, centered, nothing cropped. Plain pure white background, no text, no letters, no watermark, no frame. Palette pink #FF7FA8 and lilac; fluffy fur, heart-shaped tail, blush cheeks. Teen form: proper arms and legs, standing confidently, holds ONE small prop related to its meaning, cheerful expression. Medium detail. The character means ""live; stop"". Do not draw any Chinese character or text."
art/住_3.png,住,heart,3,"Cute collectible monster card character for a children's Chinese learning game. Style: clean 2D vector-like illustration, thick dark outline, flat colors with soft cel shading, big glossy eyes, rounded shapes, kawaii, consistent front 3/4 view, soft top-left lighting. Full body, centered, nothing cropped. Plain pure white background, no text, no letters, no watermark, no frame. Palette pink #FF7FA8 and lilac; fluffy fur, heart-shaped tail, blush cheeks. King form: taller heroic proportions, royal cape and a small crown, a glowing aura of its element behind it, proud smile. Most detailed. The character means ""live; stop"". Do not draw any Chinese character or text."
art/告_1.png,告,heart,1,"Cute collectible monster card character for a children's Chinese learning game. Style: clean 2D vector-like illustration, thick dark outline, flat colors with soft cel shading, big glossy eyes, rounded shapes, kawaii, consistent front 3/4 view, soft top-left lighting. Full body, centered, nothing cropped. Plain pure white background, no text, no letters, no watermark, no frame. Palette pink #FF7FA8 and lilac; fluffy fur, heart-shaped tail, blush cheeks. Baby form: egg-shaped body, head is 60% of the body, stubby limbs or none, curious innocent expression. Small and simple. The character means ""tell"". Do not draw any Chinese character or text."
art/告_2.png,告,heart,2,"Cute collectible monster card character for a children's Chinese learning game. Style: clean 2D vector-like illustration, thick dark outline, flat colors with soft cel shading, big glossy eyes, rounded shapes, kawaii, consistent front 3/4 view, soft top-left lighting. Full body, centered, nothing cropped. Plain pure white background, no text, no letters, no watermark, no frame. Palette pink #FF7FA8 and lilac; fluffy fur, heart-shaped tail, blush cheeks. Teen form: proper arms and legs, standing confidently, holds ONE small prop related to its meaning, cheerful expression. Medium detail. The character means ""tell"". Do not draw any Chinese character or text."
art/告_3.png,告,heart,3,"Cute collectible monster card character for a children's Chinese learning game. Style: clean 2D vector-like illustration, thick dark outline, flat colors with soft cel shading, big glossy eyes, rounded shapes, kawaii, consistent front 3/4 view, soft top-left lighting. Full body, centered, nothing cropped. Plain pure white background, no text, no letters, no watermark, no frame. Palette pink #FF7FA8 and lilac; fluffy fur, heart-shaped tail, blush cheeks. King form: taller heroic proportions, royal cape and a small crown, a glowing aura of its element behind it, proud smile. Most detailed. The character means ""tell"". Do not draw any Chinese character or text."
art/求_1.png,求,water,1,"Cute collectible monster card character for a children's Chinese learning game. Style: clean 2D vector-like illustration, thick dark outline, flat colors with soft cel shading, big glossy eyes, rounded shapes, kawaii, consistent front 3/4 view, soft top-left lighting. Full body, centered, nothing cropped. Plain pure white background, no text, no letters, no watermark, no frame. Palette aqua blue #3FA9F5 and translucent white; water-ripple marks and a bubble. Baby form: egg-shaped body, head is 60% of the body, stubby limbs or none, curious innocent expression. Small and simple. The character means ""ask for"". Do not draw any Chinese character or text."
art/求_2.png,求,water,2,"Cute collectible monster card character for a children's Chinese learning game. Style: clean 2D vector-like illustration, thick dark outline, flat colors with soft cel shading, big glossy eyes, rounded shapes, kawaii, consistent front 3/4 view, soft top-left lighting. Full body, centered, nothing cropped. Plain pure white background, no text, no letters, no watermark, no frame. Palette aqua blue #3FA9F5 and translucent white; water-ripple marks and a bubble. Teen form: proper arms and legs, standing confidently, holds ONE small prop related to its meaning, cheerful expression. Medium detail. The character means ""ask for"". Do not draw any Chinese character or text."
art/求_3.png,求,water,3,"Cute collectible monster card character for a children's Chinese learning game. Style: clean 2D vector-like illustration, thick dark outline, flat colors with soft cel shading, big glossy eyes, rounded shapes, kawaii, consistent front 3/4 view, soft top-left lighting. Full body, centered, nothing cropped. Plain pure white background, no text, no letters, no watermark, no frame. Palette aqua blue #3FA9F5 and translucent white; water-ripple marks and a bubble. King form: taller heroic proportions, royal cape and a small crown, a glowing aura of its element behind it, proud smile. Most detailed. The character means ""ask for"". Do not draw any Chinese character or text."
art/张_1.png,张,heart,1,"Cute collectible monster card character for a children's Chinese learning game. Style: clean 2D vector-like illustration, thick dark outline, flat colors with soft cel shading, big glossy eyes, rounded shapes, kawaii, consistent front 3/4 view, soft top-left lighting. Full body, centered, nothing cropped. Plain pure white background, no text, no letters, no watermark, no frame. Palette pink #FF7FA8 and lilac; fluffy fur, heart-shaped tail, blush cheeks. Baby form: egg-shaped body, head is 60% of the body, stubby limbs or none, curious innocent expression. Small and simple. The character means ""open; sheet"". Do not draw any Chinese character or text."
art/张_2.png,张,heart,2,"Cute collectible monster card character for a children's Chinese learning game. Style: clean 2D vector-like illustration, thick dark outline, flat colors with soft cel shading, big glossy eyes, rounded shapes, kawaii, consistent front 3/4 view, soft top-left lighting. Full body, centered, nothing cropped. Plain pure white background, no text, no letters, no watermark, no frame. Palette pink #FF7FA8 and lilac; fluffy fur, heart-shaped tail, blush cheeks. Teen form: proper arms and legs, standing confidently, holds ONE small prop related to its meaning, cheerful expression. Medium detail. The character means ""open; sheet"". Do not draw any Chinese character or text."
art/张_3.png,张,heart,3,"Cute collectible monster card character for a children's Chinese learning game. Style: clean 2D vector-like illustration, thick dark outline, flat colors with soft cel shading, big glossy eyes, rounded shapes, kawaii, consistent front 3/4 view, soft top-left lighting. Full body, centered, nothing cropped. Plain pure white background, no text, no letters, no watermark, no frame. Palette pink #FF7FA8 and lilac; fluffy fur, heart-shaped tail, blush cheeks. King form: taller heroic proportions, royal cape and a small crown, a glowing aura of its element behind it, proud smile. Most detailed. The character means ""open; sheet"". Do not draw any Chinese character or text."
art/的_1.png,的,heart,1,"Cute collectible monster card character for a children's Chinese learning game. Style: clean 2D vector-like illustration, thick dark outline, flat colors with soft cel shading, big glossy eyes, rounded shapes, kawaii, consistent front 3/4 view, soft top-left lighting. Full body, centered, nothing cropped. Plain pure white background, no text, no letters, no watermark, no frame. Palette pink #FF7FA8 and lilac; fluffy fur, heart-shaped tail, blush cheeks. Baby form: egg-shaped body, head is 60% of the body, stubby limbs or none, curious innocent expression. Small and simple. The character means ""(of)"". Do not draw any Chinese character or text."
art/的_2.png,的,heart,2,"Cute collectible monster card character for a children's Chinese learning game. Style: clean 2D vector-like illustration, thick dark outline, flat colors with soft cel shading, big glossy eyes, rounded shapes, kawaii, consistent front 3/4 view, soft top-left lighting. Full body, centered, nothing cropped. Plain pure white background, no text, no letters, no watermark, no frame. Palette pink #FF7FA8 and lilac; fluffy fur, heart-shaped tail, blush cheeks. Teen form: proper arms and legs, standing confidently, holds ONE small prop related to its meaning, cheerful expression. Medium detail. The character means ""(of)"". Do not draw any Chinese character or text."
art/的_3.png,的,heart,3,"Cute collectible monster card character for a children's Chinese learning game. Style: clean 2D vector-like illustration, thick dark outline, flat colors with soft cel shading, big glossy eyes, rounded shapes, kawaii, consistent front 3/4 view, soft top-left lighting. Full body, centered, nothing cropped. Plain pure white background, no text, no letters, no watermark, no frame. Palette pink #FF7FA8 and lilac; fluffy fur, heart-shaped tail, blush cheeks. King form: taller heroic proportions, royal cape and a small crown, a glowing aura of its element behind it, proud smile. Most detailed. The character means ""(of)"". Do not draw any Chinese character or text."
art/和_1.png,和,heart,1,"Cute collectible monster card character for a children's Chinese learning game. Style: clean 2D vector-like illustration, thick dark outline, flat colors with soft cel shading, big glossy eyes, rounded shapes, kawaii, consistent front 3/4 view, soft top-left lighting. Full body, centered, nothing cropped. Plain pure white background, no text, no letters, no watermark, no frame. Palette pink #FF7FA8 and lilac; fluffy fur, heart-shaped tail, blush cheeks. Baby form: egg-shaped body, head is 60% of the body, stubby limbs or none, curious innocent expression. Small and simple. The character means ""and"". Do not draw any Chinese character or text."
art/和_2.png,和,heart,2,"Cute collectible monster card character for a children's Chinese learning game. Style: clean 2D vector-like illustration, thick dark outline, flat colors with soft cel shading, big glossy eyes, rounded shapes, kawaii, consistent front 3/4 view, soft top-left lighting. Full body, centered, nothing cropped. Plain pure white background, no text, no letters, no watermark, no frame. Palette pink #FF7FA8 and lilac; fluffy fur, heart-shaped tail, blush cheeks. Teen form: proper arms and legs, standing confidently, holds ONE small prop related to its meaning, cheerful expression. Medium detail. The character means ""and"". Do not draw any Chinese character or text."
art/和_3.png,和,heart,3,"Cute collectible monster card character for a children's Chinese learning game. Style: clean 2D vector-like illustration, thick dark outline, flat colors with soft cel shading, big glossy eyes, rounded shapes, kawaii, consistent front 3/4 view, soft top-left lighting. Full body, centered, nothing cropped. Plain pure white background, no text, no letters, no watermark, no frame. Palette pink #FF7FA8 and lilac; fluffy fur, heart-shaped tail, blush cheeks. King form: taller heroic proportions, royal cape and a small crown, a glowing aura of its element behind it, proud smile. Most detailed. The character means ""and"". Do not draw any Chinese character or text."
art/国_1.png,国,sky,1,"Cute collectible monster card character for a children's Chinese learning game. Style: clean 2D vector-like illustration, thick dark outline, flat colors with soft cel shading, big glossy eyes, rounded shapes, kawaii, consistent front 3/4 view, soft top-left lighting. Full body, centered, nothing cropped. Plain pure white background, no text, no letters, no watermark, no frame. Palette sky blue #5AB6FF and cream white; tiny wings and cloud-like feet. Baby form: egg-shaped body, head is 60% of the body, stubby limbs or none, curious innocent expression. Small and simple. The character means ""country"". Do not draw any Chinese character or text."
art/国_2.png,国,sky,2,"Cute collectible monster card character for a children's Chinese learning game. Style: clean 2D vector-like illustration, thick dark outline, flat colors with soft cel shading, big glossy eyes, rounded shapes, kawaii, consistent front 3/4 view, soft top-left lighting. Full body, centered, nothing cropped. Plain pure white background, no text, no letters, no watermark, no frame. Palette sky blue #5AB6FF and cream white; tiny wings and cloud-like feet. Teen form: proper arms and legs, standing confidently, holds ONE small prop related to its meaning, cheerful expression. Medium detail. The character means ""country"". Do not draw any Chinese character or text."
art/国_3.png,国,sky,3,"Cute collectible monster card character for a children's Chinese learning game. Style: clean 2D vector-like illustration, thick dark outline, flat colors with soft cel shading, big glossy eyes, rounded shapes, kawaii, consistent front 3/4 view, soft top-left lighting. Full body, centered, nothing cropped. Plain pure white background, no text, no letters, no watermark, no frame. Palette sky blue #5AB6FF and cream white; tiny wings and cloud-like feet. King form: taller heroic proportions, royal cape and a small crown, a glowing aura of its element behind it, proud smile. Most detailed. The character means ""country"". Do not draw any Chinese character or text."
art/到_1.png,到,heart,1,"Cute collectible monster card character for a children's Chinese learning game. Style: clean 2D vector-like illustration, thick dark outline, flat colors with soft cel shading, big glossy eyes, rounded shapes, kawaii, consistent front 3/4 view, soft top-left lighting. Full body, centered, nothing cropped. Plain pure white background, no text, no letters, no watermark, no frame. Palette pink #FF7FA8 and lilac; fluffy fur, heart-shaped tail, blush cheeks. Baby form: egg-shaped body, head is 60% of the body, stubby limbs or none, curious innocent expression. Small and simple. The character means ""arrive"". Do not draw any Chinese character or text."
art/到_2.png,到,heart,2,"Cute collectible monster card character for a children's Chinese learning game. Style: clean 2D vector-like illustration, thick dark outline, flat colors with soft cel shading, big glossy eyes, rounded shapes, kawaii, consistent front 3/4 view, soft top-left lighting. Full body, centered, nothing cropped. Plain pure white background, no text, no letters, no watermark, no frame. Palette pink #FF7FA8 and lilac; fluffy fur, heart-shaped tail, blush cheeks. Teen form: proper arms and legs, standing confidently, holds ONE small prop related to its meaning, cheerful expression. Medium detail. The character means ""arrive"". Do not draw any Chinese character or text."
art/到_3.png,到,heart,3,"Cute collectible monster card character for a children's Chinese learning game. Style: clean 2D vector-like illustration, thick dark outline, flat colors with soft cel shading, big glossy eyes, rounded shapes, kawaii, consistent front 3/4 view, soft top-left lighting. Full body, centered, nothing cropped. Plain pure white background, no text, no letters, no watermark, no frame. Palette pink #FF7FA8 and lilac; fluffy fur, heart-shaped tail, blush cheeks. King form: taller heroic proportions, royal cape and a small crown, a glowing aura of its element behind it, proud smile. Most detailed. The character means ""arrive"". Do not draw any Chinese character or text."
art/所_1.png,所,water,1,"Cute collectible monster card character for a children's Chinese learning game. Style: clean 2D vector-like illustration, thick dark outline, flat colors with soft cel shading, big glossy eyes, rounded shapes, kawaii, consistent front 3/4 view, soft top-left lighting. Full body, centered, nothing cropped. Plain pure white background, no text, no letters, no watermark, no frame. Palette aqua blue #3FA9F5 and translucent white; water-ripple marks and a bubble. Baby form: egg-shaped body, head is 60% of the body, stubby limbs or none, curious innocent expression. Small and simple. The character means ""place; (that which)"". Do not draw any Chinese character or text."
art/所_2.png,所,water,2,"Cute collectible monster card character for a children's Chinese learning game. Style: clean 2D vector-like illustration, thick dark outline, flat colors with soft cel shading, big glossy eyes, rounded shapes, kawaii, consistent front 3/4 view, soft top-left lighting. Full body, centered, nothing cropped. Plain pure white background, no text, no letters, no watermark, no frame. Palette aqua blue #3FA9F5 and translucent white; water-ripple marks and a bubble. Teen form: proper arms and legs, standing confidently, holds ONE small prop related to its meaning, cheerful expression. Medium detail. The character means ""place; (that which)"". Do not draw any Chinese character or text."
art/所_3.png,所,water,3,"Cute collectible monster card character for a children's Chinese learning game. Style: clean 2D vector-like illustration, thick dark outline, flat colors with soft cel shading, big glossy eyes, rounded shapes, kawaii, consistent front 3/4 view, soft top-left lighting. Full body, centered, nothing cropped. Plain pure white background, no text, no letters, no watermark, no frame. Palette aqua blue #3FA9F5 and translucent white; water-ripple marks and a bubble. King form: taller heroic proportions, royal cape and a small crown, a glowing aura of its element behind it, proud smile. Most detailed. The character means ""place; (that which)"". Do not draw any Chinese character or text."
art/事_1.png,事,wood,1,"Cute collectible monster card character for a children's Chinese learning game. Style: clean 2D vector-like illustration, thick dark outline, flat colors with soft cel shading, big glossy eyes, rounded shapes, kawaii, consistent front 3/4 view, soft top-left lighting. Full body, centered, nothing cropped. Plain pure white background, no text, no letters, no watermark, no frame. Palette grass green #4CC35A and warm brown; leaf-shaped ears, twig-like arms. Baby form: egg-shaped body, head is 60% of the body, stubby limbs or none, curious innocent expression. Small and simple. The character means ""matter; thing"". Do not draw any Chinese character or text."
art/事_2.png,事,wood,2,"Cute collectible monster card character for a children's Chinese learning game. Style: clean 2D vector-like illustration, thick dark outline, flat colors with soft cel shading, big glossy eyes, rounded shapes, kawaii, consistent front 3/4 view, soft top-left lighting. Full body, centered, nothing cropped. Plain pure white background, no text, no letters, no watermark, no frame. Palette grass green #4CC35A and warm brown; leaf-shaped ears, twig-like arms. Teen form: proper arms and legs, standing confidently, holds ONE small prop related to its meaning, cheerful expression. Medium detail. The character means ""matter; thing"". Do not draw any Chinese character or text."
art/事_3.png,事,wood,3,"Cute collectible monster card character for a children's Chinese learning game. Style: clean 2D vector-like illustration, thick dark outline, flat colors with soft cel shading, big glossy eyes, rounded shapes, kawaii, consistent front 3/4 view, soft top-left lighting. Full body, centered, nothing cropped. Plain pure white background, no text, no letters, no watermark, no frame. Palette grass green #4CC35A and warm brown; leaf-shaped ears, twig-like arms. King form: taller heroic proportions, royal cape and a small crown, a glowing aura of its element behind it, proud smile. Most detailed. The character means ""matter; thing"". Do not draw any Chinese character or text."
art/经_1.png,经,sky,1,"Cute collectible monster card character for a children's Chinese learning game. Style: clean 2D vector-like illustration, thick dark outline, flat colors with soft cel shading, big glossy eyes, rounded shapes, kawaii, consistent front 3/4 view, soft top-left lighting. Full body, centered, nothing cropped. Plain pure white background, no text, no letters, no watermark, no frame. Palette sky blue #5AB6FF and cream white; tiny wings and cloud-like feet. Baby form: egg-shaped body, head is 60% of the body, stubby limbs or none, curious innocent expression. Small and simple. The character means ""pass through"". Do not draw any Chinese character or text."
art/经_2.png,经,sky,2,"Cute collectible monster card character for a children's Chinese learning game. Style: clean 2D vector-like illustration, thick dark outline, flat colors with soft cel shading, big glossy eyes, rounded shapes, kawaii, consistent front 3/4 view, soft top-left lighting. Full body, centered, nothing cropped. Plain pure white background, no text, no letters, no watermark, no frame. Palette sky blue #5AB6FF and cream white; tiny wings and cloud-like feet. Teen form: proper arms and legs, standing confidently, holds ONE small prop related to its meaning, cheerful expression. Medium detail. The character means ""pass through"". Do not draw any Chinese character or text."
art/经_3.png,经,sky,3,"Cute collectible monster card character for a children's Chinese learning game. Style: clean 2D vector-like illustration, thick dark outline, flat colors with soft cel shading, big glossy eyes, rounded shapes, kawaii, consistent front 3/4 view, soft top-left lighting. Full body, centered, nothing cropped. Plain pure white background, no text, no letters, no watermark, no frame. Palette sky blue #5AB6FF and cream white; tiny wings and cloud-like feet. King form: taller heroic proportions, royal cape and a small crown, a glowing aura of its element behind it, proud smile. Most detailed. The character means ""pass through"". Do not draw any Chinese character or text."
art/法_1.png,法,water,1,"Cute collectible monster card character for a children's Chinese learning game. Style: clean 2D vector-like illustration, thick dark outline, flat colors with soft cel shading, big glossy eyes, rounded shapes, kawaii, consistent front 3/4 view, soft top-left lighting. Full body, centered, nothing cropped. Plain pure white background, no text, no letters, no watermark, no frame. Palette aqua blue #3FA9F5 and translucent white; water-ripple marks and a bubble. Baby form: egg-shaped body, head is 60% of the body, stubby limbs or none, curious innocent expression. Small and simple. The character means ""law; method"". Do not draw any Chinese character or text."
art/法_2.png,法,water,2,"Cute collectible monster card character for a children's Chinese learning game. Style: clean 2D vector-like illustration, thick dark outline, flat colors with soft cel shading, big glossy eyes, rounded shapes, kawaii, consistent front 3/4 view, soft top-left lighting. Full body, centered, nothing cropped. Plain pure white background, no text, no letters, no watermark, no frame. Palette aqua blue #3FA9F5 and translucent white; water-ripple marks and a bubble. Teen form: proper arms and legs, standing confidently, holds ONE small prop related to its meaning, cheerful expression. Medium detail. The character means ""law; method"". Do not draw any Chinese character or text."
art/法_3.png,法,water,3,"Cute collectible monster card character for a children's Chinese learning game. Style: clean 2D vector-like illustration, thick dark outline, flat colors with soft cel shading, big glossy eyes, rounded shapes, kawaii, consistent front 3/4 view, soft top-left lighting. Full body, centered, nothing cropped. Plain pure white background, no text, no letters, no watermark, no frame. Palette aqua blue #3FA9F5 and translucent white; water-ripple marks and a bubble. King form: taller heroic proportions, royal cape and a small crown, a glowing aura of its element behind it, proud smile. Most detailed. The character means ""law; method"". Do not draw any Chinese character or text."
art/学_1.png,学,heart,1,"Cute collectible monster card character for a children's Chinese learning game. Style: clean 2D vector-like illustration, thick dark outline, flat colors with soft cel shading, big glossy eyes, rounded shapes, kawaii, consistent front 3/4 view, soft top-left lighting. Full body, centered, nothing cropped. Plain pure white background, no text, no letters, no watermark, no frame. Palette pink #FF7FA8 and lilac; fluffy fur, heart-shaped tail, blush cheeks. Baby form: egg-shaped body, head is 60% of the body, stubby limbs or none, curious innocent expression. Small and simple. The character means ""study; learn"". Do not draw any Chinese character or text."
art/学_2.png,学,heart,2,"Cute collectible monster card character for a children's Chinese learning game. Style: clean 2D vector-like illustration, thick dark outline, flat colors with soft cel shading, big glossy eyes, rounded shapes, kawaii, consistent front 3/4 view, soft top-left lighting. Full body, centered, nothing cropped. Plain pure white background, no text, no letters, no watermark, no frame. Palette pink #FF7FA8 and lilac; fluffy fur, heart-shaped tail, blush cheeks. Teen form: proper arms and legs, standing confidently, holds ONE small prop related to its meaning, cheerful expression. Medium detail. The character means ""study; learn"". Do not draw any Chinese character or text."
art/学_3.png,学,heart,3,"Cute collectible monster card character for a children's Chinese learning game. Style: clean 2D vector-like illustration, thick dark outline, flat colors with soft cel shading, big glossy eyes, rounded shapes, kawaii, consistent front 3/4 view, soft top-left lighting. Full body, centered, nothing cropped. Plain pure white background, no text, no letters, no watermark, no frame. Palette pink #FF7FA8 and lilac; fluffy fur, heart-shaped tail, blush cheeks. King form: taller heroic proportions, royal cape and a small crown, a glowing aura of its element behind it, proud smile. Most detailed. The character means ""study; learn"". Do not draw any Chinese character or text."
art/现_1.png,现,earth,1,"Cute collectible monster card character for a children's Chinese learning game. Style: clean 2D vector-like illustration, thick dark outline, flat colors with soft cel shading, big glossy eyes, rounded shapes, kawaii, consistent front 3/4 view, soft top-left lighting. Full body, centered, nothing cropped. Plain pure white background, no text, no letters, no watermark, no frame. Palette sandy ochre #C89B5E and stone grey; a rocky back shell. Baby form: egg-shaped body, head is 60% of the body, stubby limbs or none, curious innocent expression. Small and simple. The character means ""now; appear"". Do not draw any Chinese character or text."
art/现_2.png,现,earth,2,"Cute collectible monster card character for a children's Chinese learning game. Style: clean 2D vector-like illustration, thick dark outline, flat colors with soft cel shading, big glossy eyes, rounded shapes, kawaii, consistent front 3/4 view, soft top-left lighting. Full body, centered, nothing cropped. Plain pure white background, no text, no letters, no watermark, no frame. Palette sandy ochre #C89B5E and stone grey; a rocky back shell. Teen form: proper arms and legs, standing confidently, holds ONE small prop related to its meaning, cheerful expression. Medium detail. The character means ""now; appear"". Do not draw any Chinese character or text."
art/现_3.png,现,earth,3,"Cute collectible monster card character for a children's Chinese learning game. Style: clean 2D vector-like illustration, thick dark outline, flat colors with soft cel shading, big glossy eyes, rounded shapes, kawaii, consistent front 3/4 view, soft top-left lighting. Full body, centered, nothing cropped. Plain pure white background, no text, no letters, no watermark, no frame. Palette sandy ochre #C89B5E and stone grey; a rocky back shell. King form: taller heroic proportions, royal cape and a small crown, a glowing aura of its element behind it, proud smile. Most detailed. The character means ""now; appear"". Do not draw any Chinese character or text."
art/定_1.png,定,earth,1,"Cute collectible monster card character for a children's Chinese learning game. Style: clean 2D vector-like illustration, thick dark outline, flat colors with soft cel shading, big glossy eyes, rounded shapes, kawaii, consistent front 3/4 view, soft top-left lighting. Full body, centered, nothing cropped. Plain pure white background, no text, no letters, no watermark, no frame. Palette sandy ochre #C89B5E and stone grey; a rocky back shell. Baby form: egg-shaped body, head is 60% of the body, stubby limbs or none, curious innocent expression. Small and simple. The character means ""fix; decide"". Do not draw any Chinese character or text."
art/定_2.png,定,earth,2,"Cute collectible monster card character for a children's Chinese learning game. Style: clean 2D vector-like illustration, thick dark outline, flat colors with soft cel shading, big glossy eyes, rounded shapes, kawaii, consistent front 3/4 view, soft top-left lighting. Full body, centered, nothing cropped. Plain pure white background, no text, no letters, no watermark, no frame. Palette sandy ochre #C89B5E and stone grey; a rocky back shell. Teen form: proper arms and legs, standing confidently, holds ONE small prop related to its meaning, cheerful expression. Medium detail. The character means ""fix; decide"". Do not draw any Chinese character or text."
art/定_3.png,定,earth,3,"Cute collectible monster card character for a children's Chinese learning game. Style: clean 2D vector-like illustration, thick dark outline, flat colors with soft cel shading, big glossy eyes, rounded shapes, kawaii, consistent front 3/4 view, soft top-left lighting. Full body, centered, nothing cropped. Plain pure white background, no text, no letters, no watermark, no frame. Palette sandy ochre #C89B5E and stone grey; a rocky back shell. King form: taller heroic proportions, royal cape and a small crown, a glowing aura of its element behind it, proud smile. Most detailed. The character means ""fix; decide"". Do not draw any Chinese character or text."
art/其_1.png,其,heart,1,"Cute collectible monster card character for a children's Chinese learning game. Style: clean 2D vector-like illustration, thick dark outline, flat colors with soft cel shading, big glossy eyes, rounded shapes, kawaii, consistent front 3/4 view, soft top-left lighting. Full body, centered, nothing cropped. Plain pure white background, no text, no letters, no watermark, no frame. Palette pink #FF7FA8 and lilac; fluffy fur, heart-shaped tail, blush cheeks. Baby form: egg-shaped body, head is 60% of the body, stubby limbs or none, curious innocent expression. Small and simple. The character means ""its; that"". Do not draw any Chinese character or text."
art/其_2.png,其,heart,2,"Cute collectible monster card character for a children's Chinese learning game. Style: clean 2D vector-like illustration, thick dark outline, flat colors with soft cel shading, big glossy eyes, rounded shapes, kawaii, consistent front 3/4 view, soft top-left lighting. Full body, centered, nothing cropped. Plain pure white background, no text, no letters, no watermark, no frame. Palette pink #FF7FA8 and lilac; fluffy fur, heart-shaped tail, blush cheeks. Teen form: proper arms and legs, standing confidently, holds ONE small prop related to its meaning, cheerful expression. Medium detail. The character means ""its; that"". Do not draw any Chinese character or text."
art/其_3.png,其,heart,3,"Cute collectible monster card character for a children's Chinese learning game. Style: clean 2D vector-like illustration, thick dark outline, flat colors with soft cel shading, big glossy eyes, rounded shapes, kawaii, consistent front 3/4 view, soft top-left lighting. Full body, centered, nothing cropped. Plain pure white background, no text, no letters, no watermark, no frame. Palette pink #FF7FA8 and lilac; fluffy fur, heart-shaped tail, blush cheeks. King form: taller heroic proportions, royal cape and a small crown, a glowing aura of its element behind it, proud smile. Most detailed. The character means ""its; that"". Do not draw any Chinese character or text."
art/些_1.png,些,fire,1,"Cute collectible monster card character for a children's Chinese learning game. Style: clean 2D vector-like illustration, thick dark outline, flat colors with soft cel shading, big glossy eyes, rounded shapes, kawaii, consistent front 3/4 view, soft top-left lighting. Full body, centered, nothing cropped. Plain pure white background, no text, no letters, no watermark, no frame. Palette orange-red #FF6B35 and golden yellow; a flame tuft on the head, a spark at the tail. Baby form: egg-shaped body, head is 60% of the body, stubby limbs or none, curious innocent expression. Small and simple. The character means ""some"". Do not draw any Chinese character or text."
art/些_2.png,些,fire,2,"Cute collectible monster card character for a children's Chinese learning game. Style: clean 2D vector-like illustration, thick dark outline, flat colors with soft cel shading, big glossy eyes, rounded shapes, kawaii, consistent front 3/4 view, soft top-left lighting. Full body, centered, nothing cropped. Plain pure white background, no text, no letters, no watermark, no frame. Palette orange-red #FF6B35 and golden yellow; a flame tuft on the head, a spark at the tail. Teen form: proper arms and legs, standing confidently, holds ONE small prop related to its meaning, cheerful expression. Medium detail. The character means ""some"". Do not draw any Chinese character or text."
art/些_3.png,些,fire,3,"Cute collectible monster card character for a children's Chinese learning game. Style: clean 2D vector-like illustration, thick dark outline, flat colors with soft cel shading, big glossy eyes, rounded shapes, kawaii, consistent front 3/4 view, soft top-left lighting. Full body, centered, nothing cropped. Plain pure white background, no text, no letters, no watermark, no frame. Palette orange-red #FF6B35 and golden yellow; a flame tuft on the head, a spark at the tail. King form: taller heroic proportions, royal cape and a small crown, a glowing aura of its element behind it, proud smile. Most detailed. The character means ""some"". Do not draw any Chinese character or text."
art/实_1.png,实,water,1,"Cute collectible monster card character for a children's Chinese learning game. Style: clean 2D vector-like illustration, thick dark outline, flat colors with soft cel shading, big glossy eyes, rounded shapes, kawaii, consistent front 3/4 view, soft top-left lighting. Full body, centered, nothing cropped. Plain pure white background, no text, no letters, no watermark, no frame. Palette aqua blue #3FA9F5 and translucent white; water-ripple marks and a bubble. Baby form: egg-shaped body, head is 60% of the body, stubby limbs or none, curious innocent expression. Small and simple. The character means ""real"". Do not draw any Chinese character or text."
art/实_2.png,实,water,2,"Cute collectible monster card character for a children's Chinese learning game. Style: clean 2D vector-like illustration, thick dark outline, flat colors with soft cel shading, big glossy eyes, rounded shapes, kawaii, consistent front 3/4 view, soft top-left lighting. Full body, centered, nothing cropped. Plain pure white background, no text, no letters, no watermark, no frame. Palette aqua blue #3FA9F5 and translucent white; water-ripple marks and a bubble. Teen form: proper arms and legs, standing confidently, holds ONE small prop related to its meaning, cheerful expression. Medium detail. The character means ""real"". Do not draw any Chinese character or text."
art/实_3.png,实,water,3,"Cute collectible monster card character for a children's Chinese learning game. Style: clean 2D vector-like illustration, thick dark outline, flat colors with soft cel shading, big glossy eyes, rounded shapes, kawaii, consistent front 3/4 view, soft top-left lighting. Full body, centered, nothing cropped. Plain pure white background, no text, no letters, no watermark, no frame. Palette aqua blue #3FA9F5 and translucent white; water-ripple marks and a bubble. King form: taller heroic proportions, royal cape and a small crown, a glowing aura of its element behind it, proud smile. Most detailed. The character means ""real"". Do not draw any Chinese character or text."
art/者_1.png,者,wood,1,"Cute collectible monster card character for a children's Chinese learning game. Style: clean 2D vector-like illustration, thick dark outline, flat colors with soft cel shading, big glossy eyes, rounded shapes, kawaii, consistent front 3/4 view, soft top-left lighting. Full body, centered, nothing cropped. Plain pure white background, no text, no letters, no watermark, no frame. Palette grass green #4CC35A and warm brown; leaf-shaped ears, twig-like arms. Baby form: egg-shaped body, head is 60% of the body, stubby limbs or none, curious innocent expression. Small and simple. The character means ""one who ..."". Do not draw any Chinese character or text."
art/者_2.png,者,wood,2,"Cute collectible monster card character for a children's Chinese learning game. Style: clean 2D vector-like illustration, thick dark outline, flat colors with soft cel shading, big glossy eyes, rounded shapes, kawaii, consistent front 3/4 view, soft top-left lighting. Full body, centered, nothing cropped. Plain pure white background, no text, no letters, no watermark, no frame. Palette grass green #4CC35A and warm brown; leaf-shaped ears, twig-like arms. Teen form: proper arms and legs, standing confidently, holds ONE small prop related to its meaning, cheerful expression. Medium detail. The character means ""one who ..."". Do not draw any Chinese character or text."
art/者_3.png,者,wood,3,"Cute collectible monster card character for a children's Chinese learning game. Style: clean 2D vector-like illustration, thick dark outline, flat colors with soft cel shading, big glossy eyes, rounded shapes, kawaii, consistent front 3/4 view, soft top-left lighting. Full body, centered, nothing cropped. Plain pure white background, no text, no letters, no watermark, no frame. Palette grass green #4CC35A and warm brown; leaf-shaped ears, twig-like arms. King form: taller heroic proportions, royal cape and a small crown, a glowing aura of its element behind it, proud smile. Most detailed. The character means ""one who ..."". Do not draw any Chinese character or text."
art/使_1.png,使,heart,1,"Cute collectible monster card character for a children's Chinese learning game. Style: clean 2D vector-like illustration, thick dark outline, flat colors with soft cel shading, big glossy eyes, rounded shapes, kawaii, consistent front 3/4 view, soft top-left lighting. Full body, centered, nothing cropped. Plain pure white background, no text, no letters, no watermark, no frame. Palette pink #FF7FA8 and lilac; fluffy fur, heart-shaped tail, blush cheeks. Baby form: egg-shaped body, head is 60% of the body, stubby limbs or none, curious innocent expression. Small and simple. The character means ""make; use"". Do not draw any Chinese character or text."
art/使_2.png,使,heart,2,"Cute collectible monster card character for a children's Chinese learning game. Style: clean 2D vector-like illustration, thick dark outline, flat colors with soft cel shading, big glossy eyes, rounded shapes, kawaii, consistent front 3/4 view, soft top-left lighting. Full body, centered, nothing cropped. Plain pure white background, no text, no letters, no watermark, no frame. Palette pink #FF7FA8 and lilac; fluffy fur, heart-shaped tail, blush cheeks. Teen form: proper arms and legs, standing confidently, holds ONE small prop related to its meaning, cheerful expression. Medium detail. The character means ""make; use"". Do not draw any Chinese character or text."
art/使_3.png,使,heart,3,"Cute collectible monster card character for a children's Chinese learning game. Style: clean 2D vector-like illustration, thick dark outline, flat colors with soft cel shading, big glossy eyes, rounded shapes, kawaii, consistent front 3/4 view, soft top-left lighting. Full body, centered, nothing cropped. Plain pure white background, no text, no letters, no watermark, no frame. Palette pink #FF7FA8 and lilac; fluffy fur, heart-shaped tail, blush cheeks. King form: taller heroic proportions, royal cape and a small crown, a glowing aura of its element behind it, proud smile. Most detailed. The character means ""make; use"". Do not draw any Chinese character or text."
art/明_1.png,明,fire,1,"Cute collectible monster card character for a children's Chinese learning game. Style: clean 2D vector-like illustration, thick dark outline, flat colors with soft cel shading, big glossy eyes, rounded shapes, kawaii, consistent front 3/4 view, soft top-left lighting. Full body, centered, nothing cropped. Plain pure white background, no text, no letters, no watermark, no frame. Palette orange-red #FF6B35 and golden yellow; a flame tuft on the head, a spark at the tail. Baby form: egg-shaped body, head is 60% of the body, stubby limbs or none, curious innocent expression. Small and simple. The character means ""bright; clear"". Do not draw any Chinese character or text."
art/明_2.png,明,fire,2,"Cute collectible monster card character for a children's Chinese learning game. Style: clean 2D vector-like illustration, thick dark outline, flat colors with soft cel shading, big glossy eyes, rounded shapes, kawaii, consistent front 3/4 view, soft top-left lighting. Full body, centered, nothing cropped. Plain pure white background, no text, no letters, no watermark, no frame. Palette orange-red #FF6B35 and golden yellow; a flame tuft on the head, a spark at the tail. Teen form: proper arms and legs, standing confidently, holds ONE small prop related to its meaning, cheerful expression. Medium detail. The character means ""bright; clear"". Do not draw any Chinese character or text."
art/明_3.png,明,fire,3,"Cute collectible monster card character for a children's Chinese learning game. Style: clean 2D vector-like illustration, thick dark outline, flat colors with soft cel shading, big glossy eyes, rounded shapes, kawaii, consistent front 3/4 view, soft top-left lighting. Full body, centered, nothing cropped. Plain pure white background, no text, no letters, no watermark, no frame. Palette orange-red #FF6B35 and golden yellow; a flame tuft on the head, a spark at the tail. King form: taller heroic proportions, royal cape and a small crown, a glowing aura of its element behind it, proud smile. Most detailed. The character means ""bright; clear"". Do not draw any Chinese character or text."
art/性_1.png,性,heart,1,"Cute collectible monster card character for a children's Chinese learning game. Style: clean 2D vector-like illustration, thick dark outline, flat colors with soft cel shading, big glossy eyes, rounded shapes, kawaii, consistent front 3/4 view, soft top-left lighting. Full body, centered, nothing cropped. Plain pure white background, no text, no letters, no watermark, no frame. Palette pink #FF7FA8 and lilac; fluffy fur, heart-shaped tail, blush cheeks. Baby form: egg-shaped body, head is 60% of the body, stubby limbs or none, curious innocent expression. Small and simple. The character means ""nature; sex"". Do not draw any Chinese character or text."
art/性_2.png,性,heart,2,"Cute collectible monster card character for a children's Chinese learning game. Style: clean 2D vector-like illustration, thick dark outline, flat colors with soft cel shading, big glossy eyes, rounded shapes, kawaii, consistent front 3/4 view, soft top-left lighting. Full body, centered, nothing cropped. Plain pure white background, no text, no letters, no watermark, no frame. Palette pink #FF7FA8 and lilac; fluffy fur, heart-shaped tail, blush cheeks. Teen form: proper arms and legs, standing confidently, holds ONE small prop related to its meaning, cheerful expression. Medium detail. The character means ""nature; sex"". Do not draw any Chinese character or text."
art/性_3.png,性,heart,3,"Cute collectible monster card character for a children's Chinese learning game. Style: clean 2D vector-like illustration, thick dark outline, flat colors with soft cel shading, big glossy eyes, rounded shapes, kawaii, consistent front 3/4 view, soft top-left lighting. Full body, centered, nothing cropped. Plain pure white background, no text, no letters, no watermark, no frame. Palette pink #FF7FA8 and lilac; fluffy fur, heart-shaped tail, blush cheeks. King form: taller heroic proportions, royal cape and a small crown, a glowing aura of its element behind it, proud smile. Most detailed. The character means ""nature; sex"". Do not draw any Chinese character or text."
art/知_1.png,知,sky,1,"Cute collectible monster card character for a children's Chinese learning game. Style: clean 2D vector-like illustration, thick dark outline, flat colors with soft cel shading, big glossy eyes, rounded shapes, kawaii, consistent front 3/4 view, soft top-left lighting. Full body, centered, nothing cropped. Plain pure white background, no text, no letters, no watermark, no frame. Palette sky blue #5AB6FF and cream white; tiny wings and cloud-like feet. Baby form: egg-shaped body, head is 60% of the body, stubby limbs or none, curious innocent expression. Small and simple. The character means ""know"". Do not draw any Chinese character or text."
art/知_2.png,知,sky,2,"Cute collectible monster card character for a children's Chinese learning game. Style: clean 2D vector-like illustration, thick dark outline, flat colors with soft cel shading, big glossy eyes, rounded shapes, kawaii, consistent front 3/4 view, soft top-left lighting. Full body, centered, nothing cropped. Plain pure white background, no text, no letters, no watermark, no frame. Palette sky blue #5AB6FF and cream white; tiny wings and cloud-like feet. Teen form: proper arms and legs, standing confidently, holds ONE small prop related to its meaning, cheerful expression. Medium detail. The character means ""know"". Do not draw any Chinese character or text."
art/知_3.png,知,sky,3,"Cute collectible monster card character for a children's Chinese learning game. Style: clean 2D vector-like illustration, thick dark outline, flat colors with soft cel shading, big glossy eyes, rounded shapes, kawaii, consistent front 3/4 view, soft top-left lighting. Full body, centered, nothing cropped. Plain pure white background, no text, no letters, no watermark, no frame. Palette sky blue #5AB6FF and cream white; tiny wings and cloud-like feet. King form: taller heroic proportions, royal cape and a small crown, a glowing aura of its element behind it, proud smile. Most detailed. The character means ""know"". Do not draw any Chinese character or text."
art/物_1.png,物,sky,1,"Cute collectible monster card character for a children's Chinese learning game. Style: clean 2D vector-like illustration, thick dark outline, flat colors with soft cel shading, big glossy eyes, rounded shapes, kawaii, consistent front 3/4 view, soft top-left lighting. Full body, centered, nothing cropped. Plain pure white background, no text, no letters, no watermark, no frame. Palette sky blue #5AB6FF and cream white; tiny wings and cloud-like feet. Baby form: egg-shaped body, head is 60% of the body, stubby limbs or none, curious innocent expression. Small and simple. The character means ""thing"". Do not draw any Chinese character or text."
art/物_2.png,物,sky,2,"Cute collectible monster card character for a children's Chinese learning game. Style: clean 2D vector-like illustration, thick dark outline, flat colors with soft cel shading, big glossy eyes, rounded shapes, kawaii, consistent front 3/4 view, soft top-left lighting. Full body, centered, nothing cropped. Plain pure white background, no text, no letters, no watermark, no frame. Palette sky blue #5AB6FF and cream white; tiny wings and cloud-like feet. Teen form: proper arms and legs, standing confidently, holds ONE small prop related to its meaning, cheerful expression. Medium detail. The character means ""thing"". Do not draw any Chinese character or text."
art/物_3.png,物,sky,3,"Cute collectible monster card character for a children's Chinese learning game. Style: clean 2D vector-like illustration, thick dark outline, flat colors with soft cel shading, big glossy eyes, rounded shapes, kawaii, consistent front 3/4 view, soft top-left lighting. Full body, centered, nothing cropped. Plain pure white background, no text, no letters, no watermark, no frame. Palette sky blue #5AB6FF and cream white; tiny wings and cloud-like feet. King form: taller heroic proportions, royal cape and a small crown, a glowing aura of its element behind it, proud smile. Most detailed. The character means ""thing"". Do not draw any Chinese character or text."
art/或_1.png,或,water,1,"Cute collectible monster card character for a children's Chinese learning game. Style: clean 2D vector-like illustration, thick dark outline, flat colors with soft cel shading, big glossy eyes, rounded shapes, kawaii, consistent front 3/4 view, soft top-left lighting. Full body, centered, nothing cropped. Plain pure white background, no text, no letters, no watermark, no frame. Palette aqua blue #3FA9F5 and translucent white; water-ripple marks and a bubble. Baby form: egg-shaped body, head is 60% of the body, stubby limbs or none, curious innocent expression. Small and simple. The character means ""or"". Do not draw any Chinese character or text."
art/或_2.png,或,water,2,"Cute collectible monster card character for a children's Chinese learning game. Style: clean 2D vector-like illustration, thick dark outline, flat colors with soft cel shading, big glossy eyes, rounded shapes, kawaii, consistent front 3/4 view, soft top-left lighting. Full body, centered, nothing cropped. Plain pure white background, no text, no letters, no watermark, no frame. Palette aqua blue #3FA9F5 and translucent white; water-ripple marks and a bubble. Teen form: proper arms and legs, standing confidently, holds ONE small prop related to its meaning, cheerful expression. Medium detail. The character means ""or"". Do not draw any Chinese character or text."
art/或_3.png,或,water,3,"Cute collectible monster card character for a children's Chinese learning game. Style: clean 2D vector-like illustration, thick dark outline, flat colors with soft cel shading, big glossy eyes, rounded shapes, kawaii, consistent front 3/4 view, soft top-left lighting. Full body, centered, nothing cropped. Plain pure white background, no text, no letters, no watermark, no frame. Palette aqua blue #3FA9F5 and translucent white; water-ripple marks and a bubble. King form: taller heroic proportions, royal cape and a small crown, a glowing aura of its element behind it, proud smile. Most detailed. The character means ""or"". Do not draw any Chinese character or text."
art/制_1.png,制,heart,1,"Cute collectible monster card character for a children's Chinese learning game. Style: clean 2D vector-like illustration, thick dark outline, flat colors with soft cel shading, big glossy eyes, rounded shapes, kawaii, consistent front 3/4 view, soft top-left lighting. Full body, centered, nothing cropped. Plain pure white background, no text, no letters, no watermark, no frame. Palette pink #FF7FA8 and lilac; fluffy fur, heart-shaped tail, blush cheeks. Baby form: egg-shaped body, head is 60% of the body, stubby limbs or none, curious innocent expression. Small and simple. The character means ""make; system"". Do not draw any Chinese character or text."
art/制_2.png,制,heart,2,"Cute collectible monster card character for a children's Chinese learning game. Style: clean 2D vector-like illustration, thick dark outline, flat colors with soft cel shading, big glossy eyes, rounded shapes, kawaii, consistent front 3/4 view, soft top-left lighting. Full body, centered, nothing cropped. Plain pure white background, no text, no letters, no watermark, no frame. Palette pink #FF7FA8 and lilac; fluffy fur, heart-shaped tail, blush cheeks. Teen form: proper arms and legs, standing confidently, holds ONE small prop related to its meaning, cheerful expression. Medium detail. The character means ""make; system"". Do not draw any Chinese character or text."
art/制_3.png,制,heart,3,"Cute collectible monster card character for a children's Chinese learning game. Style: clean 2D vector-like illustration, thick dark outline, flat colors with soft cel shading, big glossy eyes, rounded shapes, kawaii, consistent front 3/4 view, soft top-left lighting. Full body, centered, nothing cropped. Plain pure white background, no text, no letters, no watermark, no frame. Palette pink #FF7FA8 and lilac; fluffy fur, heart-shaped tail, blush cheeks. King form: taller heroic proportions, royal cape and a small crown, a glowing aura of its element behind it, proud smile. Most detailed. The character means ""make; system"". Do not draw any Chinese character or text."
art/果_1.png,果,wood,1,"Cute collectible monster card character for a children's Chinese learning game. Style: clean 2D vector-like illustration, thick dark outline, flat colors with soft cel shading, big glossy eyes, rounded shapes, kawaii, consistent front 3/4 view, soft top-left lighting. Full body, centered, nothing cropped. Plain pure white background, no text, no letters, no watermark, no frame. Palette grass green #4CC35A and warm brown; leaf-shaped ears, twig-like arms. Baby form: egg-shaped body, head is 60% of the body, stubby limbs or none, curious innocent expression. Small and simple. The character means ""fruit; result"". Do not draw any Chinese character or text."
art/果_2.png,果,wood,2,"Cute collectible monster card character for a children's Chinese learning game. Style: clean 2D vector-like illustration, thick dark outline, flat colors with soft cel shading, big glossy eyes, rounded shapes, kawaii, consistent front 3/4 view, soft top-left lighting. Full body, centered, nothing cropped. Plain pure white background, no text, no letters, no watermark, no frame. Palette grass green #4CC35A and warm brown; leaf-shaped ears, twig-like arms. Teen form: proper arms and legs, standing confidently, holds ONE small prop related to its meaning, cheerful expression. Medium detail. The character means ""fruit; result"". Do not draw any Chinese character or text."
art/果_3.png,果,wood,3,"Cute collectible monster card character for a children's Chinese learning game. Style: clean 2D vector-like illustration, thick dark outline, flat colors with soft cel shading, big glossy eyes, rounded shapes, kawaii, consistent front 3/4 view, soft top-left lighting. Full body, centered, nothing cropped. Plain pure white background, no text, no letters, no watermark, no frame. Palette grass green #4CC35A and warm brown; leaf-shaped ears, twig-like arms. King form: taller heroic proportions, royal cape and a small crown, a glowing aura of its element behind it, proud smile. Most detailed. The character means ""fruit; result"". Do not draw any Chinese character or text."
art/话_1.png,话,heart,1,"Cute collectible monster card character for a children's Chinese learning game. Style: clean 2D vector-like illustration, thick dark outline, flat colors with soft cel shading, big glossy eyes, rounded shapes, kawaii, consistent front 3/4 view, soft top-left lighting. Full body, centered, nothing cropped. Plain pure white background, no text, no letters, no watermark, no frame. Palette pink #FF7FA8 and lilac; fluffy fur, heart-shaped tail, blush cheeks. Baby form: egg-shaped body, head is 60% of the body, stubby limbs or none, curious innocent expression. Small and simple. The character means ""speech; words"". Do not draw any Chinese character or text."
art/话_2.png,话,heart,2,"Cute collectible monster card character for a children's Chinese learning game. Style: clean 2D vector-like illustration, thick dark outline, flat colors with soft cel shading, big glossy eyes, rounded shapes, kawaii, consistent front 3/4 view, soft top-left lighting. Full body, centered, nothing cropped. Plain pure white background, no text, no letters, no watermark, no frame. Palette pink #FF7FA8 and lilac; fluffy fur, heart-shaped tail, blush cheeks. Teen form: proper arms and legs, standing confidently, holds ONE small prop related to its meaning, cheerful expression. Medium detail. The character means ""speech; words"". Do not draw any Chinese character or text."
art/话_3.png,话,heart,3,"Cute collectible monster card character for a children's Chinese learning game. Style: clean 2D vector-like illustration, thick dark outline, flat colors with soft cel shading, big glossy eyes, rounded shapes, kawaii, consistent front 3/4 view, soft top-left lighting. Full body, centered, nothing cropped. Plain pure white background, no text, no letters, no watermark, no frame. Palette pink #FF7FA8 and lilac; fluffy fur, heart-shaped tail, blush cheeks. King form: taller heroic proportions, royal cape and a small crown, a glowing aura of its element behind it, proud smile. Most detailed. The character means ""speech; words"". Do not draw any Chinese character or text."
art/表_1.png,表,water,1,"Cute collectible monster card character for a children's Chinese learning game. Style: clean 2D vector-like illustration, thick dark outline, flat colors with soft cel shading, big glossy eyes, rounded shapes, kawaii, consistent front 3/4 view, soft top-left lighting. Full body, centered, nothing cropped. Plain pure white background, no text, no letters, no watermark, no frame. Palette aqua blue #3FA9F5 and translucent white; water-ripple marks and a bubble. Baby form: egg-shaped body, head is 60% of the body, stubby limbs or none, curious innocent expression. Small and simple. The character means ""table; show"". Do not draw any Chinese character or text."
art/表_2.png,表,water,2,"Cute collectible monster card character for a children's Chinese learning game. Style: clean 2D vector-like illustration, thick dark outline, flat colors with soft cel shading, big glossy eyes, rounded shapes, kawaii, consistent front 3/4 view, soft top-left lighting. Full body, centered, nothing cropped. Plain pure white background, no text, no letters, no watermark, no frame. Palette aqua blue #3FA9F5 and translucent white; water-ripple marks and a bubble. Teen form: proper arms and legs, standing confidently, holds ONE small prop related to its meaning, cheerful expression. Medium detail. The character means ""table; show"". Do not draw any Chinese character or text."
art/表_3.png,表,water,3,"Cute collectible monster card character for a children's Chinese learning game. Style: clean 2D vector-like illustration, thick dark outline, flat colors with soft cel shading, big glossy eyes, rounded shapes, kawaii, consistent front 3/4 view, soft top-left lighting. Full body, centered, nothing cropped. Plain pure white background, no text, no letters, no watermark, no frame. Palette aqua blue #3FA9F5 and translucent white; water-ripple marks and a bubble. King form: taller heroic proportions, royal cape and a small crown, a glowing aura of its element behind it, proud smile. Most detailed. The character means ""table; show"". Do not draw any Chinese character or text."
art/变_1.png,变,earth,1,"Cute collectible monster card character for a children's Chinese learning game. Style: clean 2D vector-like illustration, thick dark outline, flat colors with soft cel shading, big glossy eyes, rounded shapes, kawaii, consistent front 3/4 view, soft top-left lighting. Full body, centered, nothing cropped. Plain pure white background, no text, no letters, no watermark, no frame. Palette sandy ochre #C89B5E and stone grey; a rocky back shell. Baby form: egg-shaped body, head is 60% of the body, stubby limbs or none, curious innocent expression. Small and simple. The character means ""change"". Do not draw any Chinese character or text."
art/变_2.png,变,earth,2,"Cute collectible monster card character for a children's Chinese learning game. Style: clean 2D vector-like illustration, thick dark outline, flat colors with soft cel shading, big glossy eyes, rounded shapes, kawaii, consistent front 3/4 view, soft top-left lighting. Full body, centered, nothing cropped. Plain pure white background, no text, no letters, no watermark, no frame. Palette sandy ochre #C89B5E and stone grey; a rocky back shell. Teen form: proper arms and legs, standing confidently, holds ONE small prop related to its meaning, cheerful expression. Medium detail. The character means ""change"". Do not draw any Chinese character or text."
art/变_3.png,变,earth,3,"Cute collectible monster card character for a children's Chinese learning game. Style: clean 2D vector-like illustration, thick dark outline, flat colors with soft cel shading, big glossy eyes, rounded shapes, kawaii, consistent front 3/4 view, soft top-left lighting. Full body, centered, nothing cropped. Plain pure white background, no text, no letters, no watermark, no frame. Palette sandy ochre #C89B5E and stone grey; a rocky back shell. King form: taller heroic proportions, royal cape and a small crown, a glowing aura of its element behind it, proud smile. Most detailed. The character means ""change"". Do not draw any Chinese character or text."
art/受_1.png,受,wood,1,"Cute collectible monster card character for a children's Chinese learning game. Style: clean 2D vector-like illustration, thick dark outline, flat colors with soft cel shading, big glossy eyes, rounded shapes, kawaii, consistent front 3/4 view, soft top-left lighting. Full body, centered, nothing cropped. Plain pure white background, no text, no letters, no watermark, no frame. Palette grass green #4CC35A and warm brown; leaf-shaped ears, twig-like arms. Baby form: egg-shaped body, head is 60% of the body, stubby limbs or none, curious innocent expression. Small and simple. The character means ""receive"". Do not draw any Chinese character or text."
art/受_2.png,受,wood,2,"Cute collectible monster card character for a children's Chinese learning game. Style: clean 2D vector-like illustration, thick dark outline, flat colors with soft cel shading, big glossy eyes, rounded shapes, kawaii, consistent front 3/4 view, soft top-left lighting. Full body, centered, nothing cropped. Plain pure white background, no text, no letters, no watermark, no frame. Palette grass green #4CC35A and warm brown; leaf-shaped ears, twig-like arms. Teen form: proper arms and legs, standing confidently, holds ONE small prop related to its meaning, cheerful expression. Medium detail. The character means ""receive"". Do not draw any Chinese character or text."
art/受_3.png,受,wood,3,"Cute collectible monster card character for a children's Chinese learning game. Style: clean 2D vector-like illustration, thick dark outline, flat colors with soft cel shading, big glossy eyes, rounded shapes, kawaii, consistent front 3/4 view, soft top-left lighting. Full body, centered, nothing cropped. Plain pure white background, no text, no letters, no watermark, no frame. Palette grass green #4CC35A and warm brown; leaf-shaped ears, twig-like arms. King form: taller heroic proportions, royal cape and a small crown, a glowing aura of its element behind it, proud smile. Most detailed. The character means ""receive"". Do not draw any Chinese character or text."
art/建_1.png,建,earth,1,"Cute collectible monster card character for a children's Chinese learning game. Style: clean 2D vector-like illustration, thick dark outline, flat colors with soft cel shading, big glossy eyes, rounded shapes, kawaii, consistent front 3/4 view, soft top-left lighting. Full body, centered, nothing cropped. Plain pure white background, no text, no letters, no watermark, no frame. Palette sandy ochre #C89B5E and stone grey; a rocky back shell. Baby form: egg-shaped body, head is 60% of the body, stubby limbs or none, curious innocent expression. Small and simple. The character means ""build"". Do not draw any Chinese character or text."
art/建_2.png,建,earth,2,"Cute collectible monster card character for a children's Chinese learning game. Style: clean 2D vector-like illustration, thick dark outline, flat colors with soft cel shading, big glossy eyes, rounded shapes, kawaii, consistent front 3/4 view, soft top-left lighting. Full body, centered, nothing cropped. Plain pure white background, no text, no letters, no watermark, no frame. Palette sandy ochre #C89B5E and stone grey; a rocky back shell. Teen form: proper arms and legs, standing confidently, holds ONE small prop related to its meaning, cheerful expression. Medium detail. The character means ""build"". Do not draw any Chinese character or text."
art/建_3.png,建,earth,3,"Cute collectible monster card character for a children's Chinese learning game. Style: clean 2D vector-like illustration, thick dark outline, flat colors with soft cel shading, big glossy eyes, rounded shapes, kawaii, consistent front 3/4 view, soft top-left lighting. Full body, centered, nothing cropped. Plain pure white background, no text, no letters, no watermark, no frame. Palette sandy ochre #C89B5E and stone grey; a rocky back shell. King form: taller heroic proportions, royal cape and a small crown, a glowing aura of its element behind it, proud smile. Most detailed. The character means ""build"". Do not draw any Chinese character or text."
art/直_1.png,直,heart,1,"Cute collectible monster card character for a children's Chinese learning game. Style: clean 2D vector-like illustration, thick dark outline, flat colors with soft cel shading, big glossy eyes, rounded shapes, kawaii, consistent front 3/4 view, soft top-left lighting. Full body, centered, nothing cropped. Plain pure white background, no text, no letters, no watermark, no frame. Palette pink #FF7FA8 and lilac; fluffy fur, heart-shaped tail, blush cheeks. Baby form: egg-shaped body, head is 60% of the body, stubby limbs or none, curious innocent expression. Small and simple. The character means ""straight"". Do not draw any Chinese character or text."
art/直_2.png,直,heart,2,"Cute collectible monster card character for a children's Chinese learning game. Style: clean 2D vector-like illustration, thick dark outline, flat colors with soft cel shading, big glossy eyes, rounded shapes, kawaii, consistent front 3/4 view, soft top-left lighting. Full body, centered, nothing cropped. Plain pure white background, no text, no letters, no watermark, no frame. Palette pink #FF7FA8 and lilac; fluffy fur, heart-shaped tail, blush cheeks. Teen form: proper arms and legs, standing confidently, holds ONE small prop related to its meaning, cheerful expression. Medium detail. The character means ""straight"". Do not draw any Chinese character or text."
art/直_3.png,直,heart,3,"Cute collectible monster card character for a children's Chinese learning game. Style: clean 2D vector-like illustration, thick dark outline, flat colors with soft cel shading, big glossy eyes, rounded shapes, kawaii, consistent front 3/4 view, soft top-left lighting. Full body, centered, nothing cropped. Plain pure white background, no text, no letters, no watermark, no frame. Palette pink #FF7FA8 and lilac; fluffy fur, heart-shaped tail, blush cheeks. King form: taller heroic proportions, royal cape and a small crown, a glowing aura of its element behind it, proud smile. Most detailed. The character means ""straight"". Do not draw any Chinese character or text."
art/命_1.png,命,heart,1,"Cute collectible monster card character for a children's Chinese learning game. Style: clean 2D vector-like illustration, thick dark outline, flat colors with soft cel shading, big glossy eyes, rounded shapes, kawaii, consistent front 3/4 view, soft top-left lighting. Full body, centered, nothing cropped. Plain pure white background, no text, no letters, no watermark, no frame. Palette pink #FF7FA8 and lilac; fluffy fur, heart-shaped tail, blush cheeks. Baby form: egg-shaped body, head is 60% of the body, stubby limbs or none, curious innocent expression. Small and simple. The character means ""life; order"". Do not draw any Chinese character or text."
art/命_2.png,命,heart,2,"Cute collectible monster card character for a children's Chinese learning game. Style: clean 2D vector-like illustration, thick dark outline, flat colors with soft cel shading, big glossy eyes, rounded shapes, kawaii, consistent front 3/4 view, soft top-left lighting. Full body, centered, nothing cropped. Plain pure white background, no text, no letters, no watermark, no frame. Palette pink #FF7FA8 and lilac; fluffy fur, heart-shaped tail, blush cheeks. Teen form: proper arms and legs, standing confidently, holds ONE small prop related to its meaning, cheerful expression. Medium detail. The character means ""life; order"". Do not draw any Chinese character or text."
art/命_3.png,命,heart,3,"Cute collectible monster card character for a children's Chinese learning game. Style: clean 2D vector-like illustration, thick dark outline, flat colors with soft cel shading, big glossy eyes, rounded shapes, kawaii, consistent front 3/4 view, soft top-left lighting. Full body, centered, nothing cropped. Plain pure white background, no text, no letters, no watermark, no frame. Palette pink #FF7FA8 and lilac; fluffy fur, heart-shaped tail, blush cheeks. King form: taller heroic proportions, royal cape and a small crown, a glowing aura of its element behind it, proud smile. Most detailed. The character means ""life; order"". Do not draw any Chinese character or text."
art/金_1.png,金,earth,1,"Cute collectible monster card character for a children's Chinese learning game. Style: clean 2D vector-like illustration, thick dark outline, flat colors with soft cel shading, big glossy eyes, rounded shapes, kawaii, consistent front 3/4 view, soft top-left lighting. Full body, centered, nothing cropped. Plain pure white background, no text, no letters, no watermark, no frame. Palette sandy ochre #C89B5E and stone grey; a rocky back shell. Baby form: egg-shaped body, head is 60% of the body, stubby limbs or none, curious innocent expression. Small and simple. The character means ""gold; metal"". Do not draw any Chinese character or text."
art/金_2.png,金,earth,2,"Cute collectible monster card character for a children's Chinese learning game. Style: clean 2D vector-like illustration, thick dark outline, flat colors with soft cel shading, big glossy eyes, rounded shapes, kawaii, consistent front 3/4 view, soft top-left lighting. Full body, centered, nothing cropped. Plain pure white background, no text, no letters, no watermark, no frame. Palette sandy ochre #C89B5E and stone grey; a rocky back shell. Teen form: proper arms and legs, standing confidently, holds ONE small prop related to its meaning, cheerful expression. Medium detail. The character means ""gold; metal"". Do not draw any Chinese character or text."
art/金_3.png,金,earth,3,"Cute collectible monster card character for a children's Chinese learning game. Style: clean 2D vector-like illustration, thick dark outline, flat colors with soft cel shading, big glossy eyes, rounded shapes, kawaii, consistent front 3/4 view, soft top-left lighting. Full body, centered, nothing cropped. Plain pure white background, no text, no letters, no watermark, no frame. Palette sandy ochre #C89B5E and stone grey; a rocky back shell. King form: taller heroic proportions, royal cape and a small crown, a glowing aura of its element behind it, proud smile. Most detailed. The character means ""gold; metal"". Do not draw any Chinese character or text."
art/空_1.png,空,heart,1,"Cute collectible monster card character for a children's Chinese learning game. Style: clean 2D vector-like illustration, thick dark outline, flat colors with soft cel shading, big glossy eyes, rounded shapes, kawaii, consistent front 3/4 view, soft top-left lighting. Full body, centered, nothing cropped. Plain pure white background, no text, no letters, no watermark, no frame. Palette pink #FF7FA8 and lilac; fluffy fur, heart-shaped tail, blush cheeks. Baby form: egg-shaped body, head is 60% of the body, stubby limbs or none, curious innocent expression. Small and simple. The character means ""empty; sky"". Do not draw any Chinese character or text."
art/空_2.png,空,heart,2,"Cute collectible monster card character for a children's Chinese learning game. Style: clean 2D vector-like illustration, thick dark outline, flat colors with soft cel shading, big glossy eyes, rounded shapes, kawaii, consistent front 3/4 view, soft top-left lighting. Full body, centered, nothing cropped. Plain pure white background, no text, no letters, no watermark, no frame. Palette pink #FF7FA8 and lilac; fluffy fur, heart-shaped tail, blush cheeks. Teen form: proper arms and legs, standing confidently, holds ONE small prop related to its meaning, cheerful expression. Medium detail. The character means ""empty; sky"". Do not draw any Chinese character or text."
art/空_3.png,空,heart,3,"Cute collectible monster card character for a children's Chinese learning game. Style: clean 2D vector-like illustration, thick dark outline, flat colors with soft cel shading, big glossy eyes, rounded shapes, kawaii, consistent front 3/4 view, soft top-left lighting. Full body, centered, nothing cropped. Plain pure white background, no text, no letters, no watermark, no frame. Palette pink #FF7FA8 and lilac; fluffy fur, heart-shaped tail, blush cheeks. King form: taller heroic proportions, royal cape and a small crown, a glowing aura of its element behind it, proud smile. Most detailed. The character means ""empty; sky"". Do not draw any Chinese character or text."
art/治_1.png,治,water,1,"Cute collectible monster card character for a children's Chinese learning game. Style: clean 2D vector-like illustration, thick dark outline, flat colors with soft cel shading, big glossy eyes, rounded shapes, kawaii, consistent front 3/4 view, soft top-left lighting. Full body, centered, nothing cropped. Plain pure white background, no text, no letters, no watermark, no frame. Palette aqua blue #3FA9F5 and translucent white; water-ripple marks and a bubble. Baby form: egg-shaped body, head is 60% of the body, stubby limbs or none, curious innocent expression. Small and simple. The character means ""govern; cure"". Do not draw any Chinese character or text."
art/治_2.png,治,water,2,"Cute collectible monster card character for a children's Chinese learning game. Style: clean 2D vector-like illustration, thick dark outline, flat colors with soft cel shading, big glossy eyes, rounded shapes, kawaii, consistent front 3/4 view, soft top-left lighting. Full body, centered, nothing cropped. Plain pure white background, no text, no letters, no watermark, no frame. Palette aqua blue #3FA9F5 and translucent white; water-ripple marks and a bubble. Teen form: proper arms and legs, standing confidently, holds ONE small prop related to its meaning, cheerful expression. Medium detail. The character means ""govern; cure"". Do not draw any Chinese character or text."
art/治_3.png,治,water,3,"Cute collectible monster card character for a children's Chinese learning game. Style: clean 2D vector-like illustration, thick dark outline, flat colors with soft cel shading, big glossy eyes, rounded shapes, kawaii, consistent front 3/4 view, soft top-left lighting. Full body, centered, nothing cropped. Plain pure white background, no text, no letters, no watermark, no frame. Palette aqua blue #3FA9F5 and translucent white; water-ripple marks and a bubble. King form: taller heroic proportions, royal cape and a small crown, a glowing aura of its element behind it, proud smile. Most detailed. The character means ""govern; cure"". Do not draw any Chinese character or text."
art/非_1.png,非,earth,1,"Cute collectible monster card character for a children's Chinese learning game. Style: clean 2D vector-like illustration, thick dark outline, flat colors with soft cel shading, big glossy eyes, rounded shapes, kawaii, consistent front 3/4 view, soft top-left lighting. Full body, centered, nothing cropped. Plain pure white background, no text, no letters, no watermark, no frame. Palette sandy ochre #C89B5E and stone grey; a rocky back shell. Baby form: egg-shaped body, head is 60% of the body, stubby limbs or none, curious innocent expression. Small and simple. The character means ""not; wrong"". Do not draw any Chinese character or text."
art/非_2.png,非,earth,2,"Cute collectible monster card character for a children's Chinese learning game. Style: clean 2D vector-like illustration, thick dark outline, flat colors with soft cel shading, big glossy eyes, rounded shapes, kawaii, consistent front 3/4 view, soft top-left lighting. Full body, centered, nothing cropped. Plain pure white background, no text, no letters, no watermark, no frame. Palette sandy ochre #C89B5E and stone grey; a rocky back shell. Teen form: proper arms and legs, standing confidently, holds ONE small prop related to its meaning, cheerful expression. Medium detail. The character means ""not; wrong"". Do not draw any Chinese character or text."
art/非_3.png,非,earth,3,"Cute collectible monster card character for a children's Chinese learning game. Style: clean 2D vector-like illustration, thick dark outline, flat colors with soft cel shading, big glossy eyes, rounded shapes, kawaii, consistent front 3/4 view, soft top-left lighting. Full body, centered, nothing cropped. Plain pure white background, no text, no letters, no watermark, no frame. Palette sandy ochre #C89B5E and stone grey; a rocky back shell. King form: taller heroic proportions, royal cape and a small crown, a glowing aura of its element behind it, proud smile. Most detailed. The character means ""not; wrong"". Do not draw any Chinese character or text."
art/放_1.png,放,heart,1,"Cute collectible monster card character for a children's Chinese learning game. Style: clean 2D vector-like illustration, thick dark outline, flat colors with soft cel shading, big glossy eyes, rounded shapes, kawaii, consistent front 3/4 view, soft top-left lighting. Full body, centered, nothing cropped. Plain pure white background, no text, no letters, no watermark, no frame. Palette pink #FF7FA8 and lilac; fluffy fur, heart-shaped tail, blush cheeks. Baby form: egg-shaped body, head is 60% of the body, stubby limbs or none, curious innocent expression. Small and simple. The character means ""put; release"". Do not draw any Chinese character or text."
art/放_2.png,放,heart,2,"Cute collectible monster card character for a children's Chinese learning game. Style: clean 2D vector-like illustration, thick dark outline, flat colors with soft cel shading, big glossy eyes, rounded shapes, kawaii, consistent front 3/4 view, soft top-left lighting. Full body, centered, nothing cropped. Plain pure white background, no text, no letters, no watermark, no frame. Palette pink #FF7FA8 and lilac; fluffy fur, heart-shaped tail, blush cheeks. Teen form: proper arms and legs, standing confidently, holds ONE small prop related to its meaning, cheerful expression. Medium detail. The character means ""put; release"". Do not draw any Chinese character or text."
art/放_3.png,放,heart,3,"Cute collectible monster card character for a children's Chinese learning game. Style: clean 2D vector-like illustration, thick dark outline, flat colors with soft cel shading, big glossy eyes, rounded shapes, kawaii, consistent front 3/4 view, soft top-left lighting. Full body, centered, nothing cropped. Plain pure white background, no text, no letters, no watermark, no frame. Palette pink #FF7FA8 and lilac; fluffy fur, heart-shaped tail, blush cheeks. King form: taller heroic proportions, royal cape and a small crown, a glowing aura of its element behind it, proud smile. Most detailed. The character means ""put; release"". Do not draw any Chinese character or text."
art/是_1.png,是,fire,1,"Cute collectible monster card character for a children's Chinese learning game. Style: clean 2D vector-like illustration, thick dark outline, flat colors with soft cel shading, big glossy eyes, rounded shapes, kawaii, consistent front 3/4 view, soft top-left lighting. Full body, centered, nothing cropped. Plain pure white background, no text, no letters, no watermark, no frame. Palette orange-red #FF6B35 and golden yellow; a flame tuft on the head, a spark at the tail. Baby form: egg-shaped body, head is 60% of the body, stubby limbs or none, curious innocent expression. Small and simple. The character means ""be; yes"". Do not draw any Chinese character or text."
art/是_2.png,是,fire,2,"Cute collectible monster card character for a children's Chinese learning game. Style: clean 2D vector-like illustration, thick dark outline, flat colors with soft cel shading, big glossy eyes, rounded shapes, kawaii, consistent front 3/4 view, soft top-left lighting. Full body, centered, nothing cropped. Plain pure white background, no text, no letters, no watermark, no frame. Palette orange-red #FF6B35 and golden yellow; a flame tuft on the head, a spark at the tail. Teen form: proper arms and legs, standing confidently, holds ONE small prop related to its meaning, cheerful expression. Medium detail. The character means ""be; yes"". Do not draw any Chinese character or text."
art/是_3.png,是,fire,3,"Cute collectible monster card character for a children's Chinese learning game. Style: clean 2D vector-like illustration, thick dark outline, flat colors with soft cel shading, big glossy eyes, rounded shapes, kawaii, consistent front 3/4 view, soft top-left lighting. Full body, centered, nothing cropped. Plain pure white background, no text, no letters, no watermark, no frame. Palette orange-red #FF6B35 and golden yellow; a flame tuft on the head, a spark at the tail. King form: taller heroic proportions, royal cape and a small crown, a glowing aura of its element behind it, proud smile. Most detailed. The character means ""be; yes"". Do not draw any Chinese character or text."
art/说_1.png,说,heart,1,"Cute collectible monster card character for a children's Chinese learning game. Style: clean 2D vector-like illustration, thick dark outline, flat colors with soft cel shading, big glossy eyes, rounded shapes, kawaii, consistent front 3/4 view, soft top-left lighting. Full body, centered, nothing cropped. Plain pure white background, no text, no letters, no watermark, no frame. Palette pink #FF7FA8 and lilac; fluffy fur, heart-shaped tail, blush cheeks. Baby form: egg-shaped body, head is 60% of the body, stubby limbs or none, curious innocent expression. Small and simple. The character means ""say; speak"". Do not draw any Chinese character or text."
art/说_2.png,说,heart,2,"Cute collectible monster card character for a children's Chinese learning game. Style: clean 2D vector-like illustration, thick dark outline, flat colors with soft cel shading, big glossy eyes, rounded shapes, kawaii, consistent front 3/4 view, soft top-left lighting. Full body, centered, nothing cropped. Plain pure white background, no text, no letters, no watermark, no frame. Palette pink #FF7FA8 and lilac; fluffy fur, heart-shaped tail, blush cheeks. Teen form: proper arms and legs, standing confidently, holds ONE small prop related to its meaning, cheerful expression. Medium detail. The character means ""say; speak"". Do not draw any Chinese character or text."
art/说_3.png,说,heart,3,"Cute collectible monster card character for a children's Chinese learning game. Style: clean 2D vector-like illustration, thick dark outline, flat colors with soft cel shading, big glossy eyes, rounded shapes, kawaii, consistent front 3/4 view, soft top-left lighting. Full body, centered, nothing cropped. Plain pure white background, no text, no letters, no watermark, no frame. Palette pink #FF7FA8 and lilac; fluffy fur, heart-shaped tail, blush cheeks. King form: taller heroic proportions, royal cape and a small crown, a glowing aura of its element behind it, proud smile. Most detailed. The character means ""say; speak"". Do not draw any Chinese character or text."
art/要_1.png,要,fire,1,"Cute collectible monster card character for a children's Chinese learning game. Style: clean 2D vector-like illustration, thick dark outline, flat colors with soft cel shading, big glossy eyes, rounded shapes, kawaii, consistent front 3/4 view, soft top-left lighting. Full body, centered, nothing cropped. Plain pure white background, no text, no letters, no watermark, no frame. Palette orange-red #FF6B35 and golden yellow; a flame tuft on the head, a spark at the tail. Baby form: egg-shaped body, head is 60% of the body, stubby limbs or none, curious innocent expression. Small and simple. The character means ""want; need"". Do not draw any Chinese character or text."
art/要_2.png,要,fire,2,"Cute collectible monster card character for a children's Chinese learning game. Style: clean 2D vector-like illustration, thick dark outline, flat colors with soft cel shading, big glossy eyes, rounded shapes, kawaii, consistent front 3/4 view, soft top-left lighting. Full body, centered, nothing cropped. Plain pure white background, no text, no letters, no watermark, no frame. Palette orange-red #FF6B35 and golden yellow; a flame tuft on the head, a spark at the tail. Teen form: proper arms and legs, standing confidently, holds ONE small prop related to its meaning, cheerful expression. Medium detail. The character means ""want; need"". Do not draw any Chinese character or text."
art/要_3.png,要,fire,3,"Cute collectible monster card character for a children's Chinese learning game. Style: clean 2D vector-like illustration, thick dark outline, flat colors with soft cel shading, big glossy eyes, rounded shapes, kawaii, consistent front 3/4 view, soft top-left lighting. Full body, centered, nothing cropped. Plain pure white background, no text, no letters, no watermark, no frame. Palette orange-red #FF6B35 and golden yellow; a flame tuft on the head, a spark at the tail. King form: taller heroic proportions, royal cape and a small crown, a glowing aura of its element behind it, proud smile. Most detailed. The character means ""want; need"". Do not draw any Chinese character or text."
art/种_1.png,种,wood,1,"Cute collectible monster card character for a children's Chinese learning game. Style: clean 2D vector-like illustration, thick dark outline, flat colors with soft cel shading, big glossy eyes, rounded shapes, kawaii, consistent front 3/4 view, soft top-left lighting. Full body, centered, nothing cropped. Plain pure white background, no text, no letters, no watermark, no frame. Palette grass green #4CC35A and warm brown; leaf-shaped ears, twig-like arms. Baby form: egg-shaped body, head is 60% of the body, stubby limbs or none, curious innocent expression. Small and simple. The character means ""seed; kind"". Do not draw any Chinese character or text."
art/种_2.png,种,wood,2,"Cute collectible monster card character for a children's Chinese learning game. Style: clean 2D vector-like illustration, thick dark outline, flat colors with soft cel shading, big glossy eyes, rounded shapes, kawaii, consistent front 3/4 view, soft top-left lighting. Full body, centered, nothing cropped. Plain pure white background, no text, no letters, no watermark, no frame. Palette grass green #4CC35A and warm brown; leaf-shaped ears, twig-like arms. Teen form: proper arms and legs, standing confidently, holds ONE small prop related to its meaning, cheerful expression. Medium detail. The character means ""seed; kind"". Do not draw any Chinese character or text."
art/种_3.png,种,wood,3,"Cute collectible monster card character for a children's Chinese learning game. Style: clean 2D vector-like illustration, thick dark outline, flat colors with soft cel shading, big glossy eyes, rounded shapes, kawaii, consistent front 3/4 view, soft top-left lighting. Full body, centered, nothing cropped. Plain pure white background, no text, no letters, no watermark, no frame. Palette grass green #4CC35A and warm brown; leaf-shaped ears, twig-like arms. King form: taller heroic proportions, royal cape and a small crown, a glowing aura of its element behind it, proud smile. Most detailed. The character means ""seed; kind"". Do not draw any Chinese character or text."
art/面_1.png,面,water,1,"Cute collectible monster card character for a children's Chinese learning game. Style: clean 2D vector-like illustration, thick dark outline, flat colors with soft cel shading, big glossy eyes, rounded shapes, kawaii, consistent front 3/4 view, soft top-left lighting. Full body, centered, nothing cropped. Plain pure white background, no text, no letters, no watermark, no frame. Palette aqua blue #3FA9F5 and translucent white; water-ripple marks and a bubble. Baby form: egg-shaped body, head is 60% of the body, stubby limbs or none, curious innocent expression. Small and simple. The character means ""face; side"". Do not draw any Chinese character or text."
art/面_2.png,面,water,2,"Cute collectible monster card character for a children's Chinese learning game. Style: clean 2D vector-like illustration, thick dark outline, flat colors with soft cel shading, big glossy eyes, rounded shapes, kawaii, consistent front 3/4 view, soft top-left lighting. Full body, centered, nothing cropped. Plain pure white background, no text, no letters, no watermark, no frame. Palette aqua blue #3FA9F5 and translucent white; water-ripple marks and a bubble. Teen form: proper arms and legs, standing confidently, holds ONE small prop related to its meaning, cheerful expression. Medium detail. The character means ""face; side"". Do not draw any Chinese character or text."
art/面_3.png,面,water,3,"Cute collectible monster card character for a children's Chinese learning game. Style: clean 2D vector-like illustration, thick dark outline, flat colors with soft cel shading, big glossy eyes, rounded shapes, kawaii, consistent front 3/4 view, soft top-left lighting. Full body, centered, nothing cropped. Plain pure white background, no text, no letters, no watermark, no frame. Palette aqua blue #3FA9F5 and translucent white; water-ripple marks and a bubble. King form: taller heroic proportions, royal cape and a small crown, a glowing aura of its element behind it, proud smile. Most detailed. The character means ""face; side"". Do not draw any Chinese character or text."
art/看_1.png,看,heart,1,"Cute collectible monster card character for a children's Chinese learning game. Style: clean 2D vector-like illustration, thick dark outline, flat colors with soft cel shading, big glossy eyes, rounded shapes, kawaii, consistent front 3/4 view, soft top-left lighting. Full body, centered, nothing cropped. Plain pure white background, no text, no letters, no watermark, no frame. Palette pink #FF7FA8 and lilac; fluffy fur, heart-shaped tail, blush cheeks. Baby form: egg-shaped body, head is 60% of the body, stubby limbs or none, curious innocent expression. Small and simple. The character means ""look; see"". Do not draw any Chinese character or text."
art/看_2.png,看,heart,2,"Cute collectible monster card character for a children's Chinese learning game. Style: clean 2D vector-like illustration, thick dark outline, flat colors with soft cel shading, big glossy eyes, rounded shapes, kawaii, consistent front 3/4 view, soft top-left lighting. Full body, centered, nothing cropped. Plain pure white background, no text, no letters, no watermark, no frame. Palette pink #FF7FA8 and lilac; fluffy fur, heart-shaped tail, blush cheeks. Teen form: proper arms and legs, standing confidently, holds ONE small prop related to its meaning, cheerful expression. Medium detail. The character means ""look; see"". Do not draw any Chinese character or text."
art/看_3.png,看,heart,3,"Cute collectible monster card character for a children's Chinese learning game. Style: clean 2D vector-like illustration, thick dark outline, flat colors with soft cel shading, big glossy eyes, rounded shapes, kawaii, consistent front 3/4 view, soft top-left lighting. Full body, centered, nothing cropped. Plain pure white background, no text, no letters, no watermark, no frame. Palette pink #FF7FA8 and lilac; fluffy fur, heart-shaped tail, blush cheeks. King form: taller heroic proportions, royal cape and a small crown, a glowing aura of its element behind it, proud smile. Most detailed. The character means ""look; see"". Do not draw any Chinese character or text."
art/前_1.png,前,sky,1,"Cute collectible monster card character for a children's Chinese learning game. Style: clean 2D vector-like illustration, thick dark outline, flat colors with soft cel shading, big glossy eyes, rounded shapes, kawaii, consistent front 3/4 view, soft top-left lighting. Full body, centered, nothing cropped. Plain pure white background, no text, no letters, no watermark, no frame. Palette sky blue #5AB6FF and cream white; tiny wings and cloud-like feet. Baby form: egg-shaped body, head is 60% of the body, stubby limbs or none, curious innocent expression. Small and simple. The character means ""front; before"". Do not draw any Chinese character or text."
art/前_2.png,前,sky,2,"Cute collectible monster card character for a children's Chinese learning game. Style: clean 2D vector-like illustration, thick dark outline, flat colors with soft cel shading, big glossy eyes, rounded shapes, kawaii, consistent front 3/4 view, soft top-left lighting. Full body, centered, nothing cropped. Plain pure white background, no text, no letters, no watermark, no frame. Palette sky blue #5AB6FF and cream white; tiny wings and cloud-like feet. Teen form: proper arms and legs, standing confidently, holds ONE small prop related to its meaning, cheerful expression. Medium detail. The character means ""front; before"". Do not draw any Chinese character or text."
art/前_3.png,前,sky,3,"Cute collectible monster card character for a children's Chinese learning game. Style: clean 2D vector-like illustration, thick dark outline, flat colors with soft cel shading, big glossy eyes, rounded shapes, kawaii, consistent front 3/4 view, soft top-left lighting. Full body, centered, nothing cropped. Plain pure white background, no text, no letters, no watermark, no frame. Palette sky blue #5AB6FF and cream white; tiny wings and cloud-like feet. King form: taller heroic proportions, royal cape and a small crown, a glowing aura of its element behind it, proud smile. Most detailed. The character means ""front; before"". Do not draw any Chinese character or text."
art/点_1.png,点,fire,1,"Cute collectible monster card character for a children's Chinese learning game. Style: clean 2D vector-like illustration, thick dark outline, flat colors with soft cel shading, big glossy eyes, rounded shapes, kawaii, consistent front 3/4 view, soft top-left lighting. Full body, centered, nothing cropped. Plain pure white background, no text, no letters, no watermark, no frame. Palette orange-red #FF6B35 and golden yellow; a flame tuft on the head, a spark at the tail. Baby form: egg-shaped body, head is 60% of the body, stubby limbs or none, curious innocent expression. Small and simple. The character means ""dot; o'clock"". Do not draw any Chinese character or text."
art/点_2.png,点,fire,2,"Cute collectible monster card character for a children's Chinese learning game. Style: clean 2D vector-like illustration, thick dark outline, flat colors with soft cel shading, big glossy eyes, rounded shapes, kawaii, consistent front 3/4 view, soft top-left lighting. Full body, centered, nothing cropped. Plain pure white background, no text, no letters, no watermark, no frame. Palette orange-red #FF6B35 and golden yellow; a flame tuft on the head, a spark at the tail. Teen form: proper arms and legs, standing confidently, holds ONE small prop related to its meaning, cheerful expression. Medium detail. The character means ""dot; o'clock"". Do not draw any Chinese character or text."
art/点_3.png,点,fire,3,"Cute collectible monster card character for a children's Chinese learning game. Style: clean 2D vector-like illustration, thick dark outline, flat colors with soft cel shading, big glossy eyes, rounded shapes, kawaii, consistent front 3/4 view, soft top-left lighting. Full body, centered, nothing cropped. Plain pure white background, no text, no letters, no watermark, no frame. Palette orange-red #FF6B35 and golden yellow; a flame tuft on the head, a spark at the tail. King form: taller heroic proportions, royal cape and a small crown, a glowing aura of its element behind it, proud smile. Most detailed. The character means ""dot; o'clock"". Do not draw any Chinese character or text."
art/将_1.png,将,earth,1,"Cute collectible monster card character for a children's Chinese learning game. Style: clean 2D vector-like illustration, thick dark outline, flat colors with soft cel shading, big glossy eyes, rounded shapes, kawaii, consistent front 3/4 view, soft top-left lighting. Full body, centered, nothing cropped. Plain pure white background, no text, no letters, no watermark, no frame. Palette sandy ochre #C89B5E and stone grey; a rocky back shell. Baby form: egg-shaped body, head is 60% of the body, stubby limbs or none, curious innocent expression. Small and simple. The character means ""will; general"". Do not draw any Chinese character or text."
art/将_2.png,将,earth,2,"Cute collectible monster card character for a children's Chinese learning game. Style: clean 2D vector-like illustration, thick dark outline, flat colors with soft cel shading, big glossy eyes, rounded shapes, kawaii, consistent front 3/4 view, soft top-left lighting. Full body, centered, nothing cropped. Plain pure white background, no text, no letters, no watermark, no frame. Palette sandy ochre #C89B5E and stone grey; a rocky back shell. Teen form: proper arms and legs, standing confidently, holds ONE small prop related to its meaning, cheerful expression. Medium detail. The character means ""will; general"". Do not draw any Chinese character or text."
art/将_3.png,将,earth,3,"Cute collectible monster card character for a children's Chinese learning game. Style: clean 2D vector-like illustration, thick dark outline, flat colors with soft cel shading, big glossy eyes, rounded shapes, kawaii, consistent front 3/4 view, soft top-left lighting. Full body, centered, nothing cropped. Plain pure white background, no text, no letters, no watermark, no frame. Palette sandy ochre #C89B5E and stone grey; a rocky back shell. King form: taller heroic proportions, royal cape and a small crown, a glowing aura of its element behind it, proud smile. Most detailed. The character means ""will; general"". Do not draw any Chinese character or text."
art/很_1.png,很,water,1,"Cute collectible monster card character for a children's Chinese learning game. Style: clean 2D vector-like illustration, thick dark outline, flat colors with soft cel shading, big glossy eyes, rounded shapes, kawaii, consistent front 3/4 view, soft top-left lighting. Full body, centered, nothing cropped. Plain pure white background, no text, no letters, no watermark, no frame. Palette aqua blue #3FA9F5 and translucent white; water-ripple marks and a bubble. Baby form: egg-shaped body, head is 60% of the body, stubby limbs or none, curious innocent expression. Small and simple. The character means ""very"". Do not draw any Chinese character or text."
art/很_2.png,很,water,2,"Cute collectible monster card character for a children's Chinese learning game. Style: clean 2D vector-like illustration, thick dark outline, flat colors with soft cel shading, big glossy eyes, rounded shapes, kawaii, consistent front 3/4 view, soft top-left lighting. Full body, centered, nothing cropped. Plain pure white background, no text, no letters, no watermark, no frame. Palette aqua blue #3FA9F5 and translucent white; water-ripple marks and a bubble. Teen form: proper arms and legs, standing confidently, holds ONE small prop related to its meaning, cheerful expression. Medium detail. The character means ""very"". Do not draw any Chinese character or text."
art/很_3.png,很,water,3,"Cute collectible monster card character for a children's Chinese learning game. Style: clean 2D vector-like illustration, thick dark outline, flat colors with soft cel shading, big glossy eyes, rounded shapes, kawaii, consistent front 3/4 view, soft top-left lighting. Full body, centered, nothing cropped. Plain pure white background, no text, no letters, no watermark, no frame. Palette aqua blue #3FA9F5 and translucent white; water-ripple marks and a bubble. King form: taller heroic proportions, royal cape and a small crown, a glowing aura of its element behind it, proud smile. Most detailed. The character means ""very"". Do not draw any Chinese character or text."
art/重_1.png,重,fire,1,"Cute collectible monster card character for a children's Chinese learning game. Style: clean 2D vector-like illustration, thick dark outline, flat colors with soft cel shading, big glossy eyes, rounded shapes, kawaii, consistent front 3/4 view, soft top-left lighting. Full body, centered, nothing cropped. Plain pure white background, no text, no letters, no watermark, no frame. Palette orange-red #FF6B35 and golden yellow; a flame tuft on the head, a spark at the tail. Baby form: egg-shaped body, head is 60% of the body, stubby limbs or none, curious innocent expression. Small and simple. The character means ""heavy; again"". Do not draw any Chinese character or text."
art/重_2.png,重,fire,2,"Cute collectible monster card character for a children's Chinese learning game. Style: clean 2D vector-like illustration, thick dark outline, flat colors with soft cel shading, big glossy eyes, rounded shapes, kawaii, consistent front 3/4 view, soft top-left lighting. Full body, centered, nothing cropped. Plain pure white background, no text, no letters, no watermark, no frame. Palette orange-red #FF6B35 and golden yellow; a flame tuft on the head, a spark at the tail. Teen form: proper arms and legs, standing confidently, holds ONE small prop related to its meaning, cheerful expression. Medium detail. The character means ""heavy; again"". Do not draw any Chinese character or text."
art/重_3.png,重,fire,3,"Cute collectible monster card character for a children's Chinese learning game. Style: clean 2D vector-like illustration, thick dark outline, flat colors with soft cel shading, big glossy eyes, rounded shapes, kawaii, consistent front 3/4 view, soft top-left lighting. Full body, centered, nothing cropped. Plain pure white background, no text, no letters, no watermark, no frame. Palette orange-red #FF6B35 and golden yellow; a flame tuft on the head, a spark at the tail. King form: taller heroic proportions, royal cape and a small crown, a glowing aura of its element behind it, proud smile. Most detailed. The character means ""heavy; again"". Do not draw any Chinese character or text."
art/战_1.png,战,earth,1,"Cute collectible monster card character for a children's Chinese learning game. Style: clean 2D vector-like illustration, thick dark outline, flat colors with soft cel shading, big glossy eyes, rounded shapes, kawaii, consistent front 3/4 view, soft top-left lighting. Full body, centered, nothing cropped. Plain pure white background, no text, no letters, no watermark, no frame. Palette sandy ochre #C89B5E and stone grey; a rocky back shell. Baby form: egg-shaped body, head is 60% of the body, stubby limbs or none, curious innocent expression. Small and simple. The character means ""war"". Do not draw any Chinese character or text."
art/战_2.png,战,earth,2,"Cute collectible monster card character for a children's Chinese learning game. Style: clean 2D vector-like illustration, thick dark outline, flat colors with soft cel shading, big glossy eyes, rounded shapes, kawaii, consistent front 3/4 view, soft top-left lighting. Full body, centered, nothing cropped. Plain pure white background, no text, no letters, no watermark, no frame. Palette sandy ochre #C89B5E and stone grey; a rocky back shell. Teen form: proper arms and legs, standing confidently, holds ONE small prop related to its meaning, cheerful expression. Medium detail. The character means ""war"". Do not draw any Chinese character or text."
art/战_3.png,战,earth,3,"Cute collectible monster card character for a children's Chinese learning game. Style: clean 2D vector-like illustration, thick dark outline, flat colors with soft cel shading, big glossy eyes, rounded shapes, kawaii, consistent front 3/4 view, soft top-left lighting. Full body, centered, nothing cropped. Plain pure white background, no text, no letters, no watermark, no frame. Palette sandy ochre #C89B5E and stone grey; a rocky back shell. King form: taller heroic proportions, royal cape and a small crown, a glowing aura of its element behind it, proud smile. Most detailed. The character means ""war"". Do not draw any Chinese character or text."
art/政_1.png,政,fire,1,"Cute collectible monster card character for a children's Chinese learning game. Style: clean 2D vector-like illustration, thick dark outline, flat colors with soft cel shading, big glossy eyes, rounded shapes, kawaii, consistent front 3/4 view, soft top-left lighting. Full body, centered, nothing cropped. Plain pure white background, no text, no letters, no watermark, no frame. Palette orange-red #FF6B35 and golden yellow; a flame tuft on the head, a spark at the tail. Baby form: egg-shaped body, head is 60% of the body, stubby limbs or none, curious innocent expression. Small and simple. The character means ""politics"". Do not draw any Chinese character or text."
art/政_2.png,政,fire,2,"Cute collectible monster card character for a children's Chinese learning game. Style: clean 2D vector-like illustration, thick dark outline, flat colors with soft cel shading, big glossy eyes, rounded shapes, kawaii, consistent front 3/4 view, soft top-left lighting. Full body, centered, nothing cropped. Plain pure white background, no text, no letters, no watermark, no frame. Palette orange-red #FF6B35 and golden yellow; a flame tuft on the head, a spark at the tail. Teen form: proper arms and legs, standing confidently, holds ONE small prop related to its meaning, cheerful expression. Medium detail. The character means ""politics"". Do not draw any Chinese character or text."
art/政_3.png,政,fire,3,"Cute collectible monster card character for a children's Chinese learning game. Style: clean 2D vector-like illustration, thick dark outline, flat colors with soft cel shading, big glossy eyes, rounded shapes, kawaii, consistent front 3/4 view, soft top-left lighting. Full body, centered, nothing cropped. Plain pure white background, no text, no letters, no watermark, no frame. Palette orange-red #FF6B35 and golden yellow; a flame tuft on the head, a spark at the tail. King form: taller heroic proportions, royal cape and a small crown, a glowing aura of its element behind it, proud smile. Most detailed. The character means ""politics"". Do not draw any Chinese character or text."
art/美_1.png,美,earth,1,"Cute collectible monster card character for a children's Chinese learning game. Style: clean 2D vector-like illustration, thick dark outline, flat colors with soft cel shading, big glossy eyes, rounded shapes, kawaii, consistent front 3/4 view, soft top-left lighting. Full body, centered, nothing cropped. Plain pure white background, no text, no letters, no watermark, no frame. Palette sandy ochre #C89B5E and stone grey; a rocky back shell. Baby form: egg-shaped body, head is 60% of the body, stubby limbs or none, curious innocent expression. Small and simple. The character means ""beautiful"". Do not draw any Chinese character or text."
art/美_2.png,美,earth,2,"Cute collectible monster card character for a children's Chinese learning game. Style: clean 2D vector-like illustration, thick dark outline, flat colors with soft cel shading, big glossy eyes, rounded shapes, kawaii, consistent front 3/4 view, soft top-left lighting. Full body, centered, nothing cropped. Plain pure white background, no text, no letters, no watermark, no frame. Palette sandy ochre #C89B5E and stone grey; a rocky back shell. Teen form: proper arms and legs, standing confidently, holds ONE small prop related to its meaning, cheerful expression. Medium detail. The character means ""beautiful"". Do not draw any Chinese character or text."
art/美_3.png,美,earth,3,"Cute collectible monster card character for a children's Chinese learning game. Style: clean 2D vector-like illustration, thick dark outline, flat colors with soft cel shading, big glossy eyes, rounded shapes, kawaii, consistent front 3/4 view, soft top-left lighting. Full body, centered, nothing cropped. Plain pure white background, no text, no letters, no watermark, no frame. Palette sandy ochre #C89B5E and stone grey; a rocky back shell. King form: taller heroic proportions, royal cape and a small crown, a glowing aura of its element behind it, proud smile. Most detailed. The character means ""beautiful"". Do not draw any Chinese character or text."
art/相_1.png,相,heart,1,"Cute collectible monster card character for a children's Chinese learning game. Style: clean 2D vector-like illustration, thick dark outline, flat colors with soft cel shading, big glossy eyes, rounded shapes, kawaii, consistent front 3/4 view, soft top-left lighting. Full body, centered, nothing cropped. Plain pure white background, no text, no letters, no watermark, no frame. Palette pink #FF7FA8 and lilac; fluffy fur, heart-shaped tail, blush cheeks. Baby form: egg-shaped body, head is 60% of the body, stubby limbs or none, curious innocent expression. Small and simple. The character means ""each other; look"". Do not draw any Chinese character or text."
art/相_2.png,相,heart,2,"Cute collectible monster card character for a children's Chinese learning game. Style: clean 2D vector-like illustration, thick dark outline, flat colors with soft cel shading, big glossy eyes, rounded shapes, kawaii, consistent front 3/4 view, soft top-left lighting. Full body, centered, nothing cropped. Plain pure white background, no text, no letters, no watermark, no frame. Palette pink #FF7FA8 and lilac; fluffy fur, heart-shaped tail, blush cheeks. Teen form: proper arms and legs, standing confidently, holds ONE small prop related to its meaning, cheerful expression. Medium detail. The character means ""each other; look"". Do not draw any Chinese character or text."
art/相_3.png,相,heart,3,"Cute collectible monster card character for a children's Chinese learning game. Style: clean 2D vector-like illustration, thick dark outline, flat colors with soft cel shading, big glossy eyes, rounded shapes, kawaii, consistent front 3/4 view, soft top-left lighting. Full body, centered, nothing cropped. Plain pure white background, no text, no letters, no watermark, no frame. Palette pink #FF7FA8 and lilac; fluffy fur, heart-shaped tail, blush cheeks. King form: taller heroic proportions, royal cape and a small crown, a glowing aura of its element behind it, proud smile. Most detailed. The character means ""each other; look"". Do not draw any Chinese character or text."
art/信_1.png,信,heart,1,"Cute collectible monster card character for a children's Chinese learning game. Style: clean 2D vector-like illustration, thick dark outline, flat colors with soft cel shading, big glossy eyes, rounded shapes, kawaii, consistent front 3/4 view, soft top-left lighting. Full body, centered, nothing cropped. Plain pure white background, no text, no letters, no watermark, no frame. Palette pink #FF7FA8 and lilac; fluffy fur, heart-shaped tail, blush cheeks. Baby form: egg-shaped body, head is 60% of the body, stubby limbs or none, curious innocent expression. Small and simple. The character means ""believe; letter"". Do not draw any Chinese character or text."
art/信_2.png,信,heart,2,"Cute collectible monster card character for a children's Chinese learning game. Style: clean 2D vector-like illustration, thick dark outline, flat colors with soft cel shading, big glossy eyes, rounded shapes, kawaii, consistent front 3/4 view, soft top-left lighting. Full body, centered, nothing cropped. Plain pure white background, no text, no letters, no watermark, no frame. Palette pink #FF7FA8 and lilac; fluffy fur, heart-shaped tail, blush cheeks. Teen form: proper arms and legs, standing confidently, holds ONE small prop related to its meaning, cheerful expression. Medium detail. The character means ""believe; letter"". Do not draw any Chinese character or text."
art/信_3.png,信,heart,3,"Cute collectible monster card character for a children's Chinese learning game. Style: clean 2D vector-like illustration, thick dark outline, flat colors with soft cel shading, big glossy eyes, rounded shapes, kawaii, consistent front 3/4 view, soft top-left lighting. Full body, centered, nothing cropped. Plain pure white background, no text, no letters, no watermark, no frame. Palette pink #FF7FA8 and lilac; fluffy fur, heart-shaped tail, blush cheeks. King form: taller heroic proportions, royal cape and a small crown, a glowing aura of its element behind it, proud smile. Most detailed. The character means ""believe; letter"". Do not draw any Chinese character or text."
art/给_1.png,给,wood,1,"Cute collectible monster card character for a children's Chinese learning game. Style: clean 2D vector-like illustration, thick dark outline, flat colors with soft cel shading, big glossy eyes, rounded shapes, kawaii, consistent front 3/4 view, soft top-left lighting. Full body, centered, nothing cropped. Plain pure white background, no text, no letters, no watermark, no frame. Palette grass green #4CC35A and warm brown; leaf-shaped ears, twig-like arms. Baby form: egg-shaped body, head is 60% of the body, stubby limbs or none, curious innocent expression. Small and simple. The character means ""give"". Do not draw any Chinese character or text."
art/给_2.png,给,wood,2,"Cute collectible monster card character for a children's Chinese learning game. Style: clean 2D vector-like illustration, thick dark outline, flat colors with soft cel shading, big glossy eyes, rounded shapes, kawaii, consistent front 3/4 view, soft top-left lighting. Full body, centered, nothing cropped. Plain pure white background, no text, no letters, no watermark, no frame. Palette grass green #4CC35A and warm brown; leaf-shaped ears, twig-like arms. Teen form: proper arms and legs, standing confidently, holds ONE small prop related to its meaning, cheerful expression. Medium detail. The character means ""give"". Do not draw any Chinese character or text."
art/给_3.png,给,wood,3,"Cute collectible monster card character for a children's Chinese learning game. Style: clean 2D vector-like illustration, thick dark outline, flat colors with soft cel shading, big glossy eyes, rounded shapes, kawaii, consistent front 3/4 view, soft top-left lighting. Full body, centered, nothing cropped. Plain pure white background, no text, no letters, no watermark, no frame. Palette grass green #4CC35A and warm brown; leaf-shaped ears, twig-like arms. King form: taller heroic proportions, royal cape and a small crown, a glowing aura of its element behind it, proud smile. Most detailed. The character means ""give"". Do not draw any Chinese character or text."
art/度_1.png,度,earth,1,"Cute collectible monster card character for a children's Chinese learning game. Style: clean 2D vector-like illustration, thick dark outline, flat colors with soft cel shading, big glossy eyes, rounded shapes, kawaii, consistent front 3/4 view, soft top-left lighting. Full body, centered, nothing cropped. Plain pure white background, no text, no letters, no watermark, no frame. Palette sandy ochre #C89B5E and stone grey; a rocky back shell. Baby form: egg-shaped body, head is 60% of the body, stubby limbs or none, curious innocent expression. Small and simple. The character means ""degree"". Do not draw any Chinese character or text."
art/度_2.png,度,earth,2,"Cute collectible monster card character for a children's Chinese learning game. Style: clean 2D vector-like illustration, thick dark outline, flat colors with soft cel shading, big glossy eyes, rounded shapes, kawaii, consistent front 3/4 view, soft top-left lighting. Full body, centered, nothing cropped. Plain pure white background, no text, no letters, no watermark, no frame. Palette sandy ochre #C89B5E and stone grey; a rocky back shell. Teen form: proper arms and legs, standing confidently, holds ONE small prop related to its meaning, cheerful expression. Medium detail. The character means ""degree"". Do not draw any Chinese character or text."
art/度_3.png,度,earth,3,"Cute collectible monster card character for a children's Chinese learning game. Style: clean 2D vector-like illustration, thick dark outline, flat colors with soft cel shading, big glossy eyes, rounded shapes, kawaii, consistent front 3/4 view, soft top-left lighting. Full body, centered, nothing cropped. Plain pure white background, no text, no letters, no watermark, no frame. Palette sandy ochre #C89B5E and stone grey; a rocky back shell. King form: taller heroic proportions, royal cape and a small crown, a glowing aura of its element behind it, proud smile. Most detailed. The character means ""degree"". Do not draw any Chinese character or text."
art/活_1.png,活,water,1,"Cute collectible monster card character for a children's Chinese learning game. Style: clean 2D vector-like illustration, thick dark outline, flat colors with soft cel shading, big glossy eyes, rounded shapes, kawaii, consistent front 3/4 view, soft top-left lighting. Full body, centered, nothing cropped. Plain pure white background, no text, no letters, no watermark, no frame. Palette aqua blue #3FA9F5 and translucent white; water-ripple marks and a bubble. Baby form: egg-shaped body, head is 60% of the body, stubby limbs or none, curious innocent expression. Small and simple. The character means ""live; alive"". Do not draw any Chinese character or text."
art/活_2.png,活,water,2,"Cute collectible monster card character for a children's Chinese learning game. Style: clean 2D vector-like illustration, thick dark outline, flat colors with soft cel shading, big glossy eyes, rounded shapes, kawaii, consistent front 3/4 view, soft top-left lighting. Full body, centered, nothing cropped. Plain pure white background, no text, no letters, no watermark, no frame. Palette aqua blue #3FA9F5 and translucent white; water-ripple marks and a bubble. Teen form: proper arms and legs, standing confidently, holds ONE small prop related to its meaning, cheerful expression. Medium detail. The character means ""live; alive"". Do not draw any Chinese character or text."
art/活_3.png,活,water,3,"Cute collectible monster card character for a children's Chinese learning game. Style: clean 2D vector-like illustration, thick dark outline, flat colors with soft cel shading, big glossy eyes, rounded shapes, kawaii, consistent front 3/4 view, soft top-left lighting. Full body, centered, nothing cropped. Plain pure white background, no text, no letters, no watermark, no frame. Palette aqua blue #3FA9F5 and translucent white; water-ripple marks and a bubble. King form: taller heroic proportions, royal cape and a small crown, a glowing aura of its element behind it, proud smile. Most detailed. The character means ""live; alive"". Do not draw any Chinese character or text."
art/神_1.png,神,earth,1,"Cute collectible monster card character for a children's Chinese learning game. Style: clean 2D vector-like illustration, thick dark outline, flat colors with soft cel shading, big glossy eyes, rounded shapes, kawaii, consistent front 3/4 view, soft top-left lighting. Full body, centered, nothing cropped. Plain pure white background, no text, no letters, no watermark, no frame. Palette sandy ochre #C89B5E and stone grey; a rocky back shell. Baby form: egg-shaped body, head is 60% of the body, stubby limbs or none, curious innocent expression. Small and simple. The character means ""spirit; god"". Do not draw any Chinese character or text."
art/神_2.png,神,earth,2,"Cute collectible monster card character for a children's Chinese learning game. Style: clean 2D vector-like illustration, thick dark outline, flat colors with soft cel shading, big glossy eyes, rounded shapes, kawaii, consistent front 3/4 view, soft top-left lighting. Full body, centered, nothing cropped. Plain pure white background, no text, no letters, no watermark, no frame. Palette sandy ochre #C89B5E and stone grey; a rocky back shell. Teen form: proper arms and legs, standing confidently, holds ONE small prop related to its meaning, cheerful expression. Medium detail. The character means ""spirit; god"". Do not draw any Chinese character or text."
art/神_3.png,神,earth,3,"Cute collectible monster card character for a children's Chinese learning game. Style: clean 2D vector-like illustration, thick dark outline, flat colors with soft cel shading, big glossy eyes, rounded shapes, kawaii, consistent front 3/4 view, soft top-left lighting. Full body, centered, nothing cropped. Plain pure white background, no text, no letters, no watermark, no frame. Palette sandy ochre #C89B5E and stone grey; a rocky back shell. King form: taller heroic proportions, royal cape and a small crown, a glowing aura of its element behind it, proud smile. Most detailed. The character means ""spirit; god"". Do not draw any Chinese character or text."
art/总_1.png,总,fire,1,"Cute collectible monster card character for a children's Chinese learning game. Style: clean 2D vector-like illustration, thick dark outline, flat colors with soft cel shading, big glossy eyes, rounded shapes, kawaii, consistent front 3/4 view, soft top-left lighting. Full body, centered, nothing cropped. Plain pure white background, no text, no letters, no watermark, no frame. Palette orange-red #FF6B35 and golden yellow; a flame tuft on the head, a spark at the tail. Baby form: egg-shaped body, head is 60% of the body, stubby limbs or none, curious innocent expression. Small and simple. The character means ""total; always"". Do not draw any Chinese character or text."
art/总_2.png,总,fire,2,"Cute collectible monster card character for a children's Chinese learning game. Style: clean 2D vector-like illustration, thick dark outline, flat colors with soft cel shading, big glossy eyes, rounded shapes, kawaii, consistent front 3/4 view, soft top-left lighting. Full body, centered, nothing cropped. Plain pure white background, no text, no letters, no watermark, no frame. Palette orange-red #FF6B35 and golden yellow; a flame tuft on the head, a spark at the tail. Teen form: proper arms and legs, standing confidently, holds ONE small prop related to its meaning, cheerful expression. Medium detail. The character means ""total; always"". Do not draw any Chinese character or text."
art/总_3.png,总,fire,3,"Cute collectible monster card character for a children's Chinese learning game. Style: clean 2D vector-like illustration, thick dark outline, flat colors with soft cel shading, big glossy eyes, rounded shapes, kawaii, consistent front 3/4 view, soft top-left lighting. Full body, centered, nothing cropped. Plain pure white background, no text, no letters, no watermark, no frame. Palette orange-red #FF6B35 and golden yellow; a flame tuft on the head, a spark at the tail. King form: taller heroic proportions, royal cape and a small crown, a glowing aura of its element behind it, proud smile. Most detailed. The character means ""total; always"". Do not draw any Chinese character or text."
art/结_1.png,结,wood,1,"Cute collectible monster card character for a children's Chinese learning game. Style: clean 2D vector-like illustration, thick dark outline, flat colors with soft cel shading, big glossy eyes, rounded shapes, kawaii, consistent front 3/4 view, soft top-left lighting. Full body, centered, nothing cropped. Plain pure white background, no text, no letters, no watermark, no frame. Palette grass green #4CC35A and warm brown; leaf-shaped ears, twig-like arms. Baby form: egg-shaped body, head is 60% of the body, stubby limbs or none, curious innocent expression. Small and simple. The character means ""tie; knot"". Do not draw any Chinese character or text."
art/结_2.png,结,wood,2,"Cute collectible monster card character for a children's Chinese learning game. Style: clean 2D vector-like illustration, thick dark outline, flat colors with soft cel shading, big glossy eyes, rounded shapes, kawaii, consistent front 3/4 view, soft top-left lighting. Full body, centered, nothing cropped. Plain pure white background, no text, no letters, no watermark, no frame. Palette grass green #4CC35A and warm brown; leaf-shaped ears, twig-like arms. Teen form: proper arms and legs, standing confidently, holds ONE small prop related to its meaning, cheerful expression. Medium detail. The character means ""tie; knot"". Do not draw any Chinese character or text."
art/结_3.png,结,wood,3,"Cute collectible monster card character for a children's Chinese learning game. Style: clean 2D vector-like illustration, thick dark outline, flat colors with soft cel shading, big glossy eyes, rounded shapes, kawaii, consistent front 3/4 view, soft top-left lighting. Full body, centered, nothing cropped. Plain pure white background, no text, no letters, no watermark, no frame. Palette grass green #4CC35A and warm brown; leaf-shaped ears, twig-like arms. King form: taller heroic proportions, royal cape and a small crown, a glowing aura of its element behind it, proud smile. Most detailed. The character means ""tie; knot"". Do not draw any Chinese character or text."
art/指_1.png,指,heart,1,"Cute collectible monster card character for a children's Chinese learning game. Style: clean 2D vector-like illustration, thick dark outline, flat colors with soft cel shading, big glossy eyes, rounded shapes, kawaii, consistent front 3/4 view, soft top-left lighting. Full body, centered, nothing cropped. Plain pure white background, no text, no letters, no watermark, no frame. Palette pink #FF7FA8 and lilac; fluffy fur, heart-shaped tail, blush cheeks. Baby form: egg-shaped body, head is 60% of the body, stubby limbs or none, curious innocent expression. Small and simple. The character means ""finger; point"". Do not draw any Chinese character or text."
art/指_2.png,指,heart,2,"Cute collectible monster card character for a children's Chinese learning game. Style: clean 2D vector-like illustration, thick dark outline, flat colors with soft cel shading, big glossy eyes, rounded shapes, kawaii, consistent front 3/4 view, soft top-left lighting. Full body, centered, nothing cropped. Plain pure white background, no text, no letters, no watermark, no frame. Palette pink #FF7FA8 and lilac; fluffy fur, heart-shaped tail, blush cheeks. Teen form: proper arms and legs, standing confidently, holds ONE small prop related to its meaning, cheerful expression. Medium detail. The character means ""finger; point"". Do not draw any Chinese character or text."
art/指_3.png,指,heart,3,"Cute collectible monster card character for a children's Chinese learning game. Style: clean 2D vector-like illustration, thick dark outline, flat colors with soft cel shading, big glossy eyes, rounded shapes, kawaii, consistent front 3/4 view, soft top-left lighting. Full body, centered, nothing cropped. Plain pure white background, no text, no letters, no watermark, no frame. Palette pink #FF7FA8 and lilac; fluffy fur, heart-shaped tail, blush cheeks. King form: taller heroic proportions, royal cape and a small crown, a glowing aura of its element behind it, proud smile. Most detailed. The character means ""finger; point"". Do not draw any Chinese character or text."
art/统_1.png,统,wood,1,"Cute collectible monster card character for a children's Chinese learning game. Style: clean 2D vector-like illustration, thick dark outline, flat colors with soft cel shading, big glossy eyes, rounded shapes, kawaii, consistent front 3/4 view, soft top-left lighting. Full body, centered, nothing cropped. Plain pure white background, no text, no letters, no watermark, no frame. Palette grass green #4CC35A and warm brown; leaf-shaped ears, twig-like arms. Baby form: egg-shaped body, head is 60% of the body, stubby limbs or none, curious innocent expression. Small and simple. The character means ""unite"". Do not draw any Chinese character or text."
art/统_2.png,统,wood,2,"Cute collectible monster card character for a children's Chinese learning game. Style: clean 2D vector-like illustration, thick dark outline, flat colors with soft cel shading, big glossy eyes, rounded shapes, kawaii, consistent front 3/4 view, soft top-left lighting. Full body, centered, nothing cropped. Plain pure white background, no text, no letters, no watermark, no frame. Palette grass green #4CC35A and warm brown; leaf-shaped ears, twig-like arms. Teen form: proper arms and legs, standing confidently, holds ONE small prop related to its meaning, cheerful expression. Medium detail. The character means ""unite"". Do not draw any Chinese character or text."
art/统_3.png,统,wood,3,"Cute collectible monster card character for a children's Chinese learning game. Style: clean 2D vector-like illustration, thick dark outline, flat colors with soft cel shading, big glossy eyes, rounded shapes, kawaii, consistent front 3/4 view, soft top-left lighting. Full body, centered, nothing cropped. Plain pure white background, no text, no letters, no watermark, no frame. Palette grass green #4CC35A and warm brown; leaf-shaped ears, twig-like arms. King form: taller heroic proportions, royal cape and a small crown, a glowing aura of its element behind it, proud smile. Most detailed. The character means ""unite"". Do not draw any Chinese character or text."
art/保_1.png,保,heart,1,"Cute collectible monster card character for a children's Chinese learning game. Style: clean 2D vector-like illustration, thick dark outline, flat colors with soft cel shading, big glossy eyes, rounded shapes, kawaii, consistent front 3/4 view, soft top-left lighting. Full body, centered, nothing cropped. Plain pure white background, no text, no letters, no watermark, no frame. Palette pink #FF7FA8 and lilac; fluffy fur, heart-shaped tail, blush cheeks. Baby form: egg-shaped body, head is 60% of the body, stubby limbs or none, curious innocent expression. Small and simple. The character means ""protect"". Do not draw any Chinese character or text."
art/保_2.png,保,heart,2,"Cute collectible monster card character for a children's Chinese learning game. Style: clean 2D vector-like illustration, thick dark outline, flat colors with soft cel shading, big glossy eyes, rounded shapes, kawaii, consistent front 3/4 view, soft top-left lighting. Full body, centered, nothing cropped. Plain pure white background, no text, no letters, no watermark, no frame. Palette pink #FF7FA8 and lilac; fluffy fur, heart-shaped tail, blush cheeks. Teen form: proper arms and legs, standing confidently, holds ONE small prop related to its meaning, cheerful expression. Medium detail. The character means ""protect"". Do not draw any Chinese character or text."
art/保_3.png,保,heart,3,"Cute collectible monster card character for a children's Chinese learning game. Style: clean 2D vector-like illustration, thick dark outline, flat colors with soft cel shading, big glossy eyes, rounded shapes, kawaii, consistent front 3/4 view, soft top-left lighting. Full body, centered, nothing cropped. Plain pure white background, no text, no letters, no watermark, no frame. Palette pink #FF7FA8 and lilac; fluffy fur, heart-shaped tail, blush cheeks. King form: taller heroic proportions, royal cape and a small crown, a glowing aura of its element behind it, proud smile. Most detailed. The character means ""protect"". Do not draw any Chinese character or text."
art/便_1.png,便,heart,1,"Cute collectible monster card character for a children's Chinese learning game. Style: clean 2D vector-like illustration, thick dark outline, flat colors with soft cel shading, big glossy eyes, rounded shapes, kawaii, consistent front 3/4 view, soft top-left lighting. Full body, centered, nothing cropped. Plain pure white background, no text, no letters, no watermark, no frame. Palette pink #FF7FA8 and lilac; fluffy fur, heart-shaped tail, blush cheeks. Baby form: egg-shaped body, head is 60% of the body, stubby limbs or none, curious innocent expression. Small and simple. The character means ""convenient"". Do not draw any Chinese character or text."
art/便_2.png,便,heart,2,"Cute collectible monster card character for a children's Chinese learning game. Style: clean 2D vector-like illustration, thick dark outline, flat colors with soft cel shading, big glossy eyes, rounded shapes, kawaii, consistent front 3/4 view, soft top-left lighting. Full body, centered, nothing cropped. Plain pure white background, no text, no letters, no watermark, no frame. Palette pink #FF7FA8 and lilac; fluffy fur, heart-shaped tail, blush cheeks. Teen form: proper arms and legs, standing confidently, holds ONE small prop related to its meaning, cheerful expression. Medium detail. The character means ""convenient"". Do not draw any Chinese character or text."
art/便_3.png,便,heart,3,"Cute collectible monster card character for a children's Chinese learning game. Style: clean 2D vector-like illustration, thick dark outline, flat colors with soft cel shading, big glossy eyes, rounded shapes, kawaii, consistent front 3/4 view, soft top-left lighting. Full body, centered, nothing cropped. Plain pure white background, no text, no letters, no watermark, no frame. Palette pink #FF7FA8 and lilac; fluffy fur, heart-shaped tail, blush cheeks. King form: taller heroic proportions, royal cape and a small crown, a glowing aura of its element behind it, proud smile. Most detailed. The character means ""convenient"". Do not draw any Chinese character or text."
art/科_1.png,科,wood,1,"Cute collectible monster card character for a children's Chinese learning game. Style: clean 2D vector-like illustration, thick dark outline, flat colors with soft cel shading, big glossy eyes, rounded shapes, kawaii, consistent front 3/4 view, soft top-left lighting. Full body, centered, nothing cropped. Plain pure white background, no text, no letters, no watermark, no frame. Palette grass green #4CC35A and warm brown; leaf-shaped ears, twig-like arms. Baby form: egg-shaped body, head is 60% of the body, stubby limbs or none, curious innocent expression. Small and simple. The character means ""science; subject"". Do not draw any Chinese character or text."
art/科_2.png,科,wood,2,"Cute collectible monster card character for a children's Chinese learning game. Style: clean 2D vector-like illustration, thick dark outline, flat colors with soft cel shading, big glossy eyes, rounded shapes, kawaii, consistent front 3/4 view, soft top-left lighting. Full body, centered, nothing cropped. Plain pure white background, no text, no letters, no watermark, no frame. Palette grass green #4CC35A and warm brown; leaf-shaped ears, twig-like arms. Teen form: proper arms and legs, standing confidently, holds ONE small prop related to its meaning, cheerful expression. Medium detail. The character means ""science; subject"". Do not draw any Chinese character or text."
art/科_3.png,科,wood,3,"Cute collectible monster card character for a children's Chinese learning game. Style: clean 2D vector-like illustration, thick dark outline, flat colors with soft cel shading, big glossy eyes, rounded shapes, kawaii, consistent front 3/4 view, soft top-left lighting. Full body, centered, nothing cropped. Plain pure white background, no text, no letters, no watermark, no frame. Palette grass green #4CC35A and warm brown; leaf-shaped ears, twig-like arms. King form: taller heroic proportions, royal cape and a small crown, a glowing aura of its element behind it, proud smile. Most detailed. The character means ""science; subject"". Do not draw any Chinese character or text."
art/界_1.png,界,earth,1,"Cute collectible monster card character for a children's Chinese learning game. Style: clean 2D vector-like illustration, thick dark outline, flat colors with soft cel shading, big glossy eyes, rounded shapes, kawaii, consistent front 3/4 view, soft top-left lighting. Full body, centered, nothing cropped. Plain pure white background, no text, no letters, no watermark, no frame. Palette sandy ochre #C89B5E and stone grey; a rocky back shell. Baby form: egg-shaped body, head is 60% of the body, stubby limbs or none, curious innocent expression. Small and simple. The character means ""boundary; world"". Do not draw any Chinese character or text."
art/界_2.png,界,earth,2,"Cute collectible monster card character for a children's Chinese learning game. Style: clean 2D vector-like illustration, thick dark outline, flat colors with soft cel shading, big glossy eyes, rounded shapes, kawaii, consistent front 3/4 view, soft top-left lighting. Full body, centered, nothing cropped. Plain pure white background, no text, no letters, no watermark, no frame. Palette sandy ochre #C89B5E and stone grey; a rocky back shell. Teen form: proper arms and legs, standing confidently, holds ONE small prop related to its meaning, cheerful expression. Medium detail. The character means ""boundary; world"". Do not draw any Chinese character or text."
art/界_3.png,界,earth,3,"Cute collectible monster card character for a children's Chinese learning game. Style: clean 2D vector-like illustration, thick dark outline, flat colors with soft cel shading, big glossy eyes, rounded shapes, kawaii, consistent front 3/4 view, soft top-left lighting. Full body, centered, nothing cropped. Plain pure white background, no text, no letters, no watermark, no frame. Palette sandy ochre #C89B5E and stone grey; a rocky back shell. King form: taller heroic proportions, royal cape and a small crown, a glowing aura of its element behind it, proud smile. Most detailed. The character means ""boundary; world"". Do not draw any Chinese character or text."
art/思_1.png,思,heart,1,"Cute collectible monster card character for a children's Chinese learning game. Style: clean 2D vector-like illustration, thick dark outline, flat colors with soft cel shading, big glossy eyes, rounded shapes, kawaii, consistent front 3/4 view, soft top-left lighting. Full body, centered, nothing cropped. Plain pure white background, no text, no letters, no watermark, no frame. Palette pink #FF7FA8 and lilac; fluffy fur, heart-shaped tail, blush cheeks. Baby form: egg-shaped body, head is 60% of the body, stubby limbs or none, curious innocent expression. Small and simple. The character means ""think"". Do not draw any Chinese character or text."
art/思_2.png,思,heart,2,"Cute collectible monster card character for a children's Chinese learning game. Style: clean 2D vector-like illustration, thick dark outline, flat colors with soft cel shading, big glossy eyes, rounded shapes, kawaii, consistent front 3/4 view, soft top-left lighting. Full body, centered, nothing cropped. Plain pure white background, no text, no letters, no watermark, no frame. Palette pink #FF7FA8 and lilac; fluffy fur, heart-shaped tail, blush cheeks. Teen form: proper arms and legs, standing confidently, holds ONE small prop related to its meaning, cheerful expression. Medium detail. The character means ""think"". Do not draw any Chinese character or text."
art/思_3.png,思,heart,3,"Cute collectible monster card character for a children's Chinese learning game. Style: clean 2D vector-like illustration, thick dark outline, flat colors with soft cel shading, big glossy eyes, rounded shapes, kawaii, consistent front 3/4 view, soft top-left lighting. Full body, centered, nothing cropped. Plain pure white background, no text, no letters, no watermark, no frame. Palette pink #FF7FA8 and lilac; fluffy fur, heart-shaped tail, blush cheeks. King form: taller heroic proportions, royal cape and a small crown, a glowing aura of its element behind it, proud smile. Most detailed. The character means ""think"". Do not draw any Chinese character or text."
art/南_1.png,南,fire,1,"Cute collectible monster card character for a children's Chinese learning game. Style: clean 2D vector-like illustration, thick dark outline, flat colors with soft cel shading, big glossy eyes, rounded shapes, kawaii, consistent front 3/4 view, soft top-left lighting. Full body, centered, nothing cropped. Plain pure white background, no text, no letters, no watermark, no frame. Palette orange-red #FF6B35 and golden yellow; a flame tuft on the head, a spark at the tail. Baby form: egg-shaped body, head is 60% of the body, stubby limbs or none, curious innocent expression. Small and simple. The character means ""south"". Do not draw any Chinese character or text."
art/南_2.png,南,fire,2,"Cute collectible monster card character for a children's Chinese learning game. Style: clean 2D vector-like illustration, thick dark outline, flat colors with soft cel shading, big glossy eyes, rounded shapes, kawaii, consistent front 3/4 view, soft top-left lighting. Full body, centered, nothing cropped. Plain pure white background, no text, no letters, no watermark, no frame. Palette orange-red #FF6B35 and golden yellow; a flame tuft on the head, a spark at the tail. Teen form: proper arms and legs, standing confidently, holds ONE small prop related to its meaning, cheerful expression. Medium detail. The character means ""south"". Do not draw any Chinese character or text."
art/南_3.png,南,fire,3,"Cute collectible monster card character for a children's Chinese learning game. Style: clean 2D vector-like illustration, thick dark outline, flat colors with soft cel shading, big glossy eyes, rounded shapes, kawaii, consistent front 3/4 view, soft top-left lighting. Full body, centered, nothing cropped. Plain pure white background, no text, no letters, no watermark, no frame. Palette orange-red #FF6B35 and golden yellow; a flame tuft on the head, a spark at the tail. King form: taller heroic proportions, royal cape and a small crown, a glowing aura of its element behind it, proud smile. Most detailed. The character means ""south"". Do not draw any Chinese character or text."
art/品_1.png,品,heart,1,"Cute collectible monster card character for a children's Chinese learning game. Style: clean 2D vector-like illustration, thick dark outline, flat colors with soft cel shading, big glossy eyes, rounded shapes, kawaii, consistent front 3/4 view, soft top-left lighting. Full body, centered, nothing cropped. Plain pure white background, no text, no letters, no watermark, no frame. Palette pink #FF7FA8 and lilac; fluffy fur, heart-shaped tail, blush cheeks. Baby form: egg-shaped body, head is 60% of the body, stubby limbs or none, curious innocent expression. Small and simple. The character means ""goods; quality"". Do not draw any Chinese character or text."
art/品_2.png,品,heart,2,"Cute collectible monster card character for a children's Chinese learning game. Style: clean 2D vector-like illustration, thick dark outline, flat colors with soft cel shading, big glossy eyes, rounded shapes, kawaii, consistent front 3/4 view, soft top-left lighting. Full body, centered, nothing cropped. Plain pure white background, no text, no letters, no watermark, no frame. Palette pink #FF7FA8 and lilac; fluffy fur, heart-shaped tail, blush cheeks. Teen form: proper arms and legs, standing confidently, holds ONE small prop related to its meaning, cheerful expression. Medium detail. The character means ""goods; quality"". Do not draw any Chinese character or text."
art/品_3.png,品,heart,3,"Cute collectible monster card character for a children's Chinese learning game. Style: clean 2D vector-like illustration, thick dark outline, flat colors with soft cel shading, big glossy eyes, rounded shapes, kawaii, consistent front 3/4 view, soft top-left lighting. Full body, centered, nothing cropped. Plain pure white background, no text, no letters, no watermark, no frame. Palette pink #FF7FA8 and lilac; fluffy fur, heart-shaped tail, blush cheeks. King form: taller heroic proportions, royal cape and a small crown, a glowing aura of its element behind it, proud smile. Most detailed. The character means ""goods; quality"". Do not draw any Chinese character or text."
art/类_1.png,类,wood,1,"Cute collectible monster card character for a children's Chinese learning game. Style: clean 2D vector-like illustration, thick dark outline, flat colors with soft cel shading, big glossy eyes, rounded shapes, kawaii, consistent front 3/4 view, soft top-left lighting. Full body, centered, nothing cropped. Plain pure white background, no text, no letters, no watermark, no frame. Palette grass green #4CC35A and warm brown; leaf-shaped ears, twig-like arms. Baby form: egg-shaped body, head is 60% of the body, stubby limbs or none, curious innocent expression. Small and simple. The character means ""kind; type"". Do not draw any Chinese character or text."
art/类_2.png,类,wood,2,"Cute collectible monster card character for a children's Chinese learning game. Style: clean 2D vector-like illustration, thick dark outline, flat colors with soft cel shading, big glossy eyes, rounded shapes, kawaii, consistent front 3/4 view, soft top-left lighting. Full body, centered, nothing cropped. Plain pure white background, no text, no letters, no watermark, no frame. Palette grass green #4CC35A and warm brown; leaf-shaped ears, twig-like arms. Teen form: proper arms and legs, standing confidently, holds ONE small prop related to its meaning, cheerful expression. Medium detail. The character means ""kind; type"". Do not draw any Chinese character or text."
art/类_3.png,类,wood,3,"Cute collectible monster card character for a children's Chinese learning game. Style: clean 2D vector-like illustration, thick dark outline, flat colors with soft cel shading, big glossy eyes, rounded shapes, kawaii, consistent front 3/4 view, soft top-left lighting. Full body, centered, nothing cropped. Plain pure white background, no text, no letters, no watermark, no frame. Palette grass green #4CC35A and warm brown; leaf-shaped ears, twig-like arms. King form: taller heroic proportions, royal cape and a small crown, a glowing aura of its element behind it, proud smile. Most detailed. The character means ""kind; type"". Do not draw any Chinese character or text."
art/能_1.png,能,sky,1,"Cute collectible monster card character for a children's Chinese learning game. Style: clean 2D vector-like illustration, thick dark outline, flat colors with soft cel shading, big glossy eyes, rounded shapes, kawaii, consistent front 3/4 view, soft top-left lighting. Full body, centered, nothing cropped. Plain pure white background, no text, no letters, no watermark, no frame. Palette sky blue #5AB6FF and cream white; tiny wings and cloud-like feet. Baby form: egg-shaped body, head is 60% of the body, stubby limbs or none, curious innocent expression. Small and simple. The character means ""can; able"". Do not draw any Chinese character or text."
art/能_2.png,能,sky,2,"Cute collectible monster card character for a children's Chinese learning game. Style: clean 2D vector-like illustration, thick dark outline, flat colors with soft cel shading, big glossy eyes, rounded shapes, kawaii, consistent front 3/4 view, soft top-left lighting. Full body, centered, nothing cropped. Plain pure white background, no text, no letters, no watermark, no frame. Palette sky blue #5AB6FF and cream white; tiny wings and cloud-like feet. Teen form: proper arms and legs, standing confidently, holds ONE small prop related to its meaning, cheerful expression. Medium detail. The character means ""can; able"". Do not draw any Chinese character or text."
art/能_3.png,能,sky,3,"Cute collectible monster card character for a children's Chinese learning game. Style: clean 2D vector-like illustration, thick dark outline, flat colors with soft cel shading, big glossy eyes, rounded shapes, kawaii, consistent front 3/4 view, soft top-left lighting. Full body, centered, nothing cropped. Plain pure white background, no text, no letters, no watermark, no frame. Palette sky blue #5AB6FF and cream white; tiny wings and cloud-like feet. King form: taller heroic proportions, royal cape and a small crown, a glowing aura of its element behind it, proud smile. Most detailed. The character means ""can; able"". Do not draw any Chinese character or text."
art/家_1.png,家,earth,1,"Cute collectible monster card character for a children's Chinese learning game. Style: clean 2D vector-like illustration, thick dark outline, flat colors with soft cel shading, big glossy eyes, rounded shapes, kawaii, consistent front 3/4 view, soft top-left lighting. Full body, centered, nothing cropped. Plain pure white background, no text, no letters, no watermark, no frame. Palette sandy ochre #C89B5E and stone grey; a rocky back shell. Baby form: egg-shaped body, head is 60% of the body, stubby limbs or none, curious innocent expression. Small and simple. The character means ""home; family"". Do not draw any Chinese character or text."
art/家_2.png,家,earth,2,"Cute collectible monster card character for a children's Chinese learning game. Style: clean 2D vector-like illustration, thick dark outline, flat colors with soft cel shading, big glossy eyes, rounded shapes, kawaii, consistent front 3/4 view, soft top-left lighting. Full body, centered, nothing cropped. Plain pure white background, no text, no letters, no watermark, no frame. Palette sandy ochre #C89B5E and stone grey; a rocky back shell. Teen form: proper arms and legs, standing confidently, holds ONE small prop related to its meaning, cheerful expression. Medium detail. The character means ""home; family"". Do not draw any Chinese character or text."
art/家_3.png,家,earth,3,"Cute collectible monster card character for a children's Chinese learning game. Style: clean 2D vector-like illustration, thick dark outline, flat colors with soft cel shading, big glossy eyes, rounded shapes, kawaii, consistent front 3/4 view, soft top-left lighting. Full body, centered, nothing cropped. Plain pure white background, no text, no letters, no watermark, no frame. Palette sandy ochre #C89B5E and stone grey; a rocky back shell. King form: taller heroic proportions, royal cape and a small crown, a glowing aura of its element behind it, proud smile. Most detailed. The character means ""home; family"". Do not draw any Chinese character or text."
art/都_1.png,都,wood,1,"Cute collectible monster card character for a children's Chinese learning game. Style: clean 2D vector-like illustration, thick dark outline, flat colors with soft cel shading, big glossy eyes, rounded shapes, kawaii, consistent front 3/4 view, soft top-left lighting. Full body, centered, nothing cropped. Plain pure white background, no text, no letters, no watermark, no frame. Palette grass green #4CC35A and warm brown; leaf-shaped ears, twig-like arms. Baby form: egg-shaped body, head is 60% of the body, stubby limbs or none, curious innocent expression. Small and simple. The character means ""all"". Do not draw any Chinese character or text."
art/都_2.png,都,wood,2,"Cute collectible monster card character for a children's Chinese learning game. Style: clean 2D vector-like illustration, thick dark outline, flat colors with soft cel shading, big glossy eyes, rounded shapes, kawaii, consistent front 3/4 view, soft top-left lighting. Full body, centered, nothing cropped. Plain pure white background, no text, no letters, no watermark, no frame. Palette grass green #4CC35A and warm brown; leaf-shaped ears, twig-like arms. Teen form: proper arms and legs, standing confidently, holds ONE small prop related to its meaning, cheerful expression. Medium detail. The character means ""all"". Do not draw any Chinese character or text."
art/都_3.png,都,wood,3,"Cute collectible monster card character for a children's Chinese learning game. Style: clean 2D vector-like illustration, thick dark outline, flat colors with soft cel shading, big glossy eyes, rounded shapes, kawaii, consistent front 3/4 view, soft top-left lighting. Full body, centered, nothing cropped. Plain pure white background, no text, no letters, no watermark, no frame. Palette grass green #4CC35A and warm brown; leaf-shaped ears, twig-like arms. King form: taller heroic proportions, royal cape and a small crown, a glowing aura of its element behind it, proud smile. Most detailed. The character means ""all"". Do not draw any Chinese character or text."
art/起_1.png,起,fire,1,"Cute collectible monster card character for a children's Chinese learning game. Style: clean 2D vector-like illustration, thick dark outline, flat colors with soft cel shading, big glossy eyes, rounded shapes, kawaii, consistent front 3/4 view, soft top-left lighting. Full body, centered, nothing cropped. Plain pure white background, no text, no letters, no watermark, no frame. Palette orange-red #FF6B35 and golden yellow; a flame tuft on the head, a spark at the tail. Baby form: egg-shaped body, head is 60% of the body, stubby limbs or none, curious innocent expression. Small and simple. The character means ""rise; start"". Do not draw any Chinese character or text."
art/起_2.png,起,fire,2,"Cute collectible monster card character for a children's Chinese learning game. Style: clean 2D vector-like illustration, thick dark outline, flat colors with soft cel shading, big glossy eyes, rounded shapes, kawaii, consistent front 3/4 view, soft top-left lighting. Full body, centered, nothing cropped. Plain pure white background, no text, no letters, no watermark, no frame. Palette orange-red #FF6B35 and golden yellow; a flame tuft on the head, a spark at the tail. Teen form: proper arms and legs, standing confidently, holds ONE small prop related to its meaning, cheerful expression. Medium detail. The character means ""rise; start"". Do not draw any Chinese character or text."
art/起_3.png,起,fire,3,"Cute collectible monster card character for a children's Chinese learning game. Style: clean 2D vector-like illustration, thick dark outline, flat colors with soft cel shading, big glossy eyes, rounded shapes, kawaii, consistent front 3/4 view, soft top-left lighting. Full body, centered, nothing cropped. Plain pure white background, no text, no letters, no watermark, no frame. Palette orange-red #FF6B35 and golden yellow; a flame tuft on the head, a spark at the tail. King form: taller heroic proportions, royal cape and a small crown, a glowing aura of its element behind it, proud smile. Most detailed. The character means ""rise; start"". Do not draw any Chinese character or text."
art/部_1.png,部,heart,1,"Cute collectible monster card character for a children's Chinese learning game. Style: clean 2D vector-like illustration, thick dark outline, flat colors with soft cel shading, big glossy eyes, rounded shapes, kawaii, consistent front 3/4 view, soft top-left lighting. Full body, centered, nothing cropped. Plain pure white background, no text, no letters, no watermark, no frame. Palette pink #FF7FA8 and lilac; fluffy fur, heart-shaped tail, blush cheeks. Baby form: egg-shaped body, head is 60% of the body, stubby limbs or none, curious innocent expression. Small and simple. The character means ""part; department"". Do not draw any Chinese character or text."
art/部_2.png,部,heart,2,"Cute collectible monster card character for a children's Chinese learning game. Style: clean 2D vector-like illustration, thick dark outline, flat colors with soft cel shading, big glossy eyes, rounded shapes, kawaii, consistent front 3/4 view, soft top-left lighting. Full body, centered, nothing cropped. Plain pure white background, no text, no letters, no watermark, no frame. Palette pink #FF7FA8 and lilac; fluffy fur, heart-shaped tail, blush cheeks. Teen form: proper arms and legs, standing confidently, holds ONE small prop related to its meaning, cheerful expression. Medium detail. The character means ""part; department"". Do not draw any Chinese character or text."
art/部_3.png,部,heart,3,"Cute collectible monster card character for a children's Chinese learning game. Style: clean 2D vector-like illustration, thick dark outline, flat colors with soft cel shading, big glossy eyes, rounded shapes, kawaii, consistent front 3/4 view, soft top-left lighting. Full body, centered, nothing cropped. Plain pure white background, no text, no letters, no watermark, no frame. Palette pink #FF7FA8 and lilac; fluffy fur, heart-shaped tail, blush cheeks. King form: taller heroic proportions, royal cape and a small crown, a glowing aura of its element behind it, proud smile. Most detailed. The character means ""part; department"". Do not draw any Chinese character or text."
art/样_1.png,样,wood,1,"Cute collectible monster card character for a children's Chinese learning game. Style: clean 2D vector-like illustration, thick dark outline, flat colors with soft cel shading, big glossy eyes, rounded shapes, kawaii, consistent front 3/4 view, soft top-left lighting. Full body, centered, nothing cropped. Plain pure white background, no text, no letters, no watermark, no frame. Palette grass green #4CC35A and warm brown; leaf-shaped ears, twig-like arms. Baby form: egg-shaped body, head is 60% of the body, stubby limbs or none, curious innocent expression. Small and simple. The character means ""appearance; kind"". Do not draw any Chinese character or text."
art/样_2.png,样,wood,2,"Cute collectible monster card character for a children's Chinese learning game. Style: clean 2D vector-like illustration, thick dark outline, flat colors with soft cel shading, big glossy eyes, rounded shapes, kawaii, consistent front 3/4 view, soft top-left lighting. Full body, centered, nothing cropped. Plain pure white background, no text, no letters, no watermark, no frame. Palette grass green #4CC35A and warm brown; leaf-shaped ears, twig-like arms. Teen form: proper arms and legs, standing confidently, holds ONE small prop related to its meaning, cheerful expression. Medium detail. The character means ""appearance; kind"". Do not draw any Chinese character or text."
art/样_3.png,样,wood,3,"Cute collectible monster card character for a children's Chinese learning game. Style: clean 2D vector-like illustration, thick dark outline, flat colors with soft cel shading, big glossy eyes, rounded shapes, kawaii, consistent front 3/4 view, soft top-left lighting. Full body, centered, nothing cropped. Plain pure white background, no text, no letters, no watermark, no frame. Palette grass green #4CC35A and warm brown; leaf-shaped ears, twig-like arms. King form: taller heroic proportions, royal cape and a small crown, a glowing aura of its element behind it, proud smile. Most detailed. The character means ""appearance; kind"". Do not draw any Chinese character or text."
art/高_1.png,高,earth,1,"Cute collectible monster card character for a children's Chinese learning game. Style: clean 2D vector-like illustration, thick dark outline, flat colors with soft cel shading, big glossy eyes, rounded shapes, kawaii, consistent front 3/4 view, soft top-left lighting. Full body, centered, nothing cropped. Plain pure white background, no text, no letters, no watermark, no frame. Palette sandy ochre #C89B5E and stone grey; a rocky back shell. Baby form: egg-shaped body, head is 60% of the body, stubby limbs or none, curious innocent expression. Small and simple. The character means ""tall; high"". Do not draw any Chinese character or text."
art/高_2.png,高,earth,2,"Cute collectible monster card character for a children's Chinese learning game. Style: clean 2D vector-like illustration, thick dark outline, flat colors with soft cel shading, big glossy eyes, rounded shapes, kawaii, consistent front 3/4 view, soft top-left lighting. Full body, centered, nothing cropped. Plain pure white background, no text, no letters, no watermark, no frame. Palette sandy ochre #C89B5E and stone grey; a rocky back shell. Teen form: proper arms and legs, standing confidently, holds ONE small prop related to its meaning, cheerful expression. Medium detail. The character means ""tall; high"". Do not draw any Chinese character or text."
art/高_3.png,高,earth,3,"Cute collectible monster card character for a children's Chinese learning game. Style: clean 2D vector-like illustration, thick dark outline, flat colors with soft cel shading, big glossy eyes, rounded shapes, kawaii, consistent front 3/4 view, soft top-left lighting. Full body, centered, nothing cropped. Plain pure white background, no text, no letters, no watermark, no frame. Palette sandy ochre #C89B5E and stone grey; a rocky back shell. King form: taller heroic proportions, royal cape and a small crown, a glowing aura of its element behind it, proud smile. Most detailed. The character means ""tall; high"". Do not draw any Chinese character or text."
art/被_1.png,被,wood,1,"Cute collectible monster card character for a children's Chinese learning game. Style: clean 2D vector-like illustration, thick dark outline, flat colors with soft cel shading, big glossy eyes, rounded shapes, kawaii, consistent front 3/4 view, soft top-left lighting. Full body, centered, nothing cropped. Plain pure white background, no text, no letters, no watermark, no frame. Palette grass green #4CC35A and warm brown; leaf-shaped ears, twig-like arms. Baby form: egg-shaped body, head is 60% of the body, stubby limbs or none, curious innocent expression. Small and simple. The character means ""by; quilt"". Do not draw any Chinese character or text."
art/被_2.png,被,wood,2,"Cute collectible monster card character for a children's Chinese learning game. Style: clean 2D vector-like illustration, thick dark outline, flat colors with soft cel shading, big glossy eyes, rounded shapes, kawaii, consistent front 3/4 view, soft top-left lighting. Full body, centered, nothing cropped. Plain pure white background, no text, no letters, no watermark, no frame. Palette grass green #4CC35A and warm brown; leaf-shaped ears, twig-like arms. Teen form: proper arms and legs, standing confidently, holds ONE small prop related to its meaning, cheerful expression. Medium detail. The character means ""by; quilt"". Do not draw any Chinese character or text."
art/被_3.png,被,wood,3,"Cute collectible monster card character for a children's Chinese learning game. Style: clean 2D vector-like illustration, thick dark outline, flat colors with soft cel shading, big glossy eyes, rounded shapes, kawaii, consistent front 3/4 view, soft top-left lighting. Full body, centered, nothing cropped. Plain pure white background, no text, no letters, no watermark, no frame. Palette grass green #4CC35A and warm brown; leaf-shaped ears, twig-like arms. King form: taller heroic proportions, royal cape and a small crown, a glowing aura of its element behind it, proud smile. Most detailed. The character means ""by; quilt"". Do not draw any Chinese character or text."
art/特_1.png,特,wood,1,"Cute collectible monster card character for a children's Chinese learning game. Style: clean 2D vector-like illustration, thick dark outline, flat colors with soft cel shading, big glossy eyes, rounded shapes, kawaii, consistent front 3/4 view, soft top-left lighting. Full body, centered, nothing cropped. Plain pure white background, no text, no letters, no watermark, no frame. Palette grass green #4CC35A and warm brown; leaf-shaped ears, twig-like arms. Baby form: egg-shaped body, head is 60% of the body, stubby limbs or none, curious innocent expression. Small and simple. The character means ""special"". Do not draw any Chinese character or text."
art/特_2.png,特,wood,2,"Cute collectible monster card character for a children's Chinese learning game. Style: clean 2D vector-like illustration, thick dark outline, flat colors with soft cel shading, big glossy eyes, rounded shapes, kawaii, consistent front 3/4 view, soft top-left lighting. Full body, centered, nothing cropped. Plain pure white background, no text, no letters, no watermark, no frame. Palette grass green #4CC35A and warm brown; leaf-shaped ears, twig-like arms. Teen form: proper arms and legs, standing confidently, holds ONE small prop related to its meaning, cheerful expression. Medium detail. The character means ""special"". Do not draw any Chinese character or text."
art/特_3.png,特,wood,3,"Cute collectible monster card character for a children's Chinese learning game. Style: clean 2D vector-like illustration, thick dark outline, flat colors with soft cel shading, big glossy eyes, rounded shapes, kawaii, consistent front 3/4 view, soft top-left lighting. Full body, centered, nothing cropped. Plain pure white background, no text, no letters, no watermark, no frame. Palette grass green #4CC35A and warm brown; leaf-shaped ears, twig-like arms. King form: taller heroic proportions, royal cape and a small crown, a glowing aura of its element behind it, proud smile. Most detailed. The character means ""special"". Do not draw any Chinese character or text."
art/海_1.png,海,water,1,"Cute collectible monster card character for a children's Chinese learning game. Style: clean 2D vector-like illustration, thick dark outline, flat colors with soft cel shading, big glossy eyes, rounded shapes, kawaii, consistent front 3/4 view, soft top-left lighting. Full body, centered, nothing cropped. Plain pure white background, no text, no letters, no watermark, no frame. Palette aqua blue #3FA9F5 and translucent white; water-ripple marks and a bubble. Baby form: egg-shaped body, head is 60% of the body, stubby limbs or none, curious innocent expression. Small and simple. The character means ""sea"". Do not draw any Chinese character or text."
art/海_2.png,海,water,2,"Cute collectible monster card character for a children's Chinese learning game. Style: clean 2D vector-like illustration, thick dark outline, flat colors with soft cel shading, big glossy eyes, rounded shapes, kawaii, consistent front 3/4 view, soft top-left lighting. Full body, centered, nothing cropped. Plain pure white background, no text, no letters, no watermark, no frame. Palette aqua blue #3FA9F5 and translucent white; water-ripple marks and a bubble. Teen form: proper arms and legs, standing confidently, holds ONE small prop related to its meaning, cheerful expression. Medium detail. The character means ""sea"". Do not draw any Chinese character or text."
art/海_3.png,海,water,3,"Cute collectible monster card character for a children's Chinese learning game. Style: clean 2D vector-like illustration, thick dark outline, flat colors with soft cel shading, big glossy eyes, rounded shapes, kawaii, consistent front 3/4 view, soft top-left lighting. Full body, centered, nothing cropped. Plain pure white background, no text, no letters, no watermark, no frame. Palette aqua blue #3FA9F5 and translucent white; water-ripple marks and a bubble. King form: taller heroic proportions, royal cape and a small crown, a glowing aura of its element behind it, proud smile. Most detailed. The character means ""sea"". Do not draw any Chinese character or text."
art/通_1.png,通,earth,1,"Cute collectible monster card character for a children's Chinese learning game. Style: clean 2D vector-like illustration, thick dark outline, flat colors with soft cel shading, big glossy eyes, rounded shapes, kawaii, consistent front 3/4 view, soft top-left lighting. Full body, centered, nothing cropped. Plain pure white background, no text, no letters, no watermark, no frame. Palette sandy ochre #C89B5E and stone grey; a rocky back shell. Baby form: egg-shaped body, head is 60% of the body, stubby limbs or none, curious innocent expression. Small and simple. The character means ""through; connect"". Do not draw any Chinese character or text."
art/通_2.png,通,earth,2,"Cute collectible monster card character for a children's Chinese learning game. Style: clean 2D vector-like illustration, thick dark outline, flat colors with soft cel shading, big glossy eyes, rounded shapes, kawaii, consistent front 3/4 view, soft top-left lighting. Full body, centered, nothing cropped. Plain pure white background, no text, no letters, no watermark, no frame. Palette sandy ochre #C89B5E and stone grey; a rocky back shell. Teen form: proper arms and legs, standing confidently, holds ONE small prop related to its meaning, cheerful expression. Medium detail. The character means ""through; connect"". Do not draw any Chinese character or text."
art/通_3.png,通,earth,3,"Cute collectible monster card character for a children's Chinese learning game. Style: clean 2D vector-like illustration, thick dark outline, flat colors with soft cel shading, big glossy eyes, rounded shapes, kawaii, consistent front 3/4 view, soft top-left lighting. Full body, centered, nothing cropped. Plain pure white background, no text, no letters, no watermark, no frame. Palette sandy ochre #C89B5E and stone grey; a rocky back shell. King form: taller heroic proportions, royal cape and a small crown, a glowing aura of its element behind it, proud smile. Most detailed. The character means ""through; connect"". Do not draw any Chinese character or text."
art/原_1.png,原,fire,1,"Cute collectible monster card character for a children's Chinese learning game. Style: clean 2D vector-like illustration, thick dark outline, flat colors with soft cel shading, big glossy eyes, rounded shapes, kawaii, consistent front 3/4 view, soft top-left lighting. Full body, centered, nothing cropped. Plain pure white background, no text, no letters, no watermark, no frame. Palette orange-red #FF6B35 and golden yellow; a flame tuft on the head, a spark at the tail. Baby form: egg-shaped body, head is 60% of the body, stubby limbs or none, curious innocent expression. Small and simple. The character means ""original; plain"". Do not draw any Chinese character or text."
art/原_2.png,原,fire,2,"Cute collectible monster card character for a children's Chinese learning game. Style: clean 2D vector-like illustration, thick dark outline, flat colors with soft cel shading, big glossy eyes, rounded shapes, kawaii, consistent front 3/4 view, soft top-left lighting. Full body, centered, nothing cropped. Plain pure white background, no text, no letters, no watermark, no frame. Palette orange-red #FF6B35 and golden yellow; a flame tuft on the head, a spark at the tail. Teen form: proper arms and legs, standing confidently, holds ONE small prop related to its meaning, cheerful expression. Medium detail. The character means ""original; plain"". Do not draw any Chinese character or text."
art/原_3.png,原,fire,3,"Cute collectible monster card character for a children's Chinese learning game. Style: clean 2D vector-like illustration, thick dark outline, flat colors with soft cel shading, big glossy eyes, rounded shapes, kawaii, consistent front 3/4 view, soft top-left lighting. Full body, centered, nothing cropped. Plain pure white background, no text, no letters, no watermark, no frame. Palette orange-red #FF6B35 and golden yellow; a flame tuft on the head, a spark at the tail. King form: taller heroic proportions, royal cape and a small crown, a glowing aura of its element behind it, proud smile. Most detailed. The character means ""original; plain"". Do not draw any Chinese character or text."
art/真_1.png,真,heart,1,"Cute collectible monster card character for a children's Chinese learning game. Style: clean 2D vector-like illustration, thick dark outline, flat colors with soft cel shading, big glossy eyes, rounded shapes, kawaii, consistent front 3/4 view, soft top-left lighting. Full body, centered, nothing cropped. Plain pure white background, no text, no letters, no watermark, no frame. Palette pink #FF7FA8 and lilac; fluffy fur, heart-shaped tail, blush cheeks. Baby form: egg-shaped body, head is 60% of the body, stubby limbs or none, curious innocent expression. Small and simple. The character means ""real; true"". Do not draw any Chinese character or text."
art/真_2.png,真,heart,2,"Cute collectible monster card character for a children's Chinese learning game. Style: clean 2D vector-like illustration, thick dark outline, flat colors with soft cel shading, big glossy eyes, rounded shapes, kawaii, consistent front 3/4 view, soft top-left lighting. Full body, centered, nothing cropped. Plain pure white background, no text, no letters, no watermark, no frame. Palette pink #FF7FA8 and lilac; fluffy fur, heart-shaped tail, blush cheeks. Teen form: proper arms and legs, standing confidently, holds ONE small prop related to its meaning, cheerful expression. Medium detail. The character means ""real; true"". Do not draw any Chinese character or text."
art/真_3.png,真,heart,3,"Cute collectible monster card character for a children's Chinese learning game. Style: clean 2D vector-like illustration, thick dark outline, flat colors with soft cel shading, big glossy eyes, rounded shapes, kawaii, consistent front 3/4 view, soft top-left lighting. Full body, centered, nothing cropped. Plain pure white background, no text, no letters, no watermark, no frame. Palette pink #FF7FA8 and lilac; fluffy fur, heart-shaped tail, blush cheeks. King form: taller heroic proportions, royal cape and a small crown, a glowing aura of its element behind it, proud smile. Most detailed. The character means ""real; true"". Do not draw any Chinese character or text."
art/资_1.png,资,earth,1,"Cute collectible monster card character for a children's Chinese learning game. Style: clean 2D vector-like illustration, thick dark outline, flat colors with soft cel shading, big glossy eyes, rounded shapes, kawaii, consistent front 3/4 view, soft top-left lighting. Full body, centered, nothing cropped. Plain pure white background, no text, no letters, no watermark, no frame. Palette sandy ochre #C89B5E and stone grey; a rocky back shell. Baby form: egg-shaped body, head is 60% of the body, stubby limbs or none, curious innocent expression. Small and simple. The character means ""resources"". Do not draw any Chinese character or text."
art/资_2.png,资,earth,2,"Cute collectible monster card character for a children's Chinese learning game. Style: clean 2D vector-like illustration, thick dark outline, flat colors with soft cel shading, big glossy eyes, rounded shapes, kawaii, consistent front 3/4 view, soft top-left lighting. Full body, centered, nothing cropped. Plain pure white background, no text, no letters, no watermark, no frame. Palette sandy ochre #C89B5E and stone grey; a rocky back shell. Teen form: proper arms and legs, standing confidently, holds ONE small prop related to its meaning, cheerful expression. Medium detail. The character means ""resources"". Do not draw any Chinese character or text."
art/资_3.png,资,earth,3,"Cute collectible monster card character for a children's Chinese learning game. Style: clean 2D vector-like illustration, thick dark outline, flat colors with soft cel shading, big glossy eyes, rounded shapes, kawaii, consistent front 3/4 view, soft top-left lighting. Full body, centered, nothing cropped. Plain pure white background, no text, no letters, no watermark, no frame. Palette sandy ochre #C89B5E and stone grey; a rocky back shell. King form: taller heroic proportions, royal cape and a small crown, a glowing aura of its element behind it, proud smile. Most detailed. The character means ""resources"". Do not draw any Chinese character or text."
art/展_1.png,展,sky,1,"Cute collectible monster card character for a children's Chinese learning game. Style: clean 2D vector-like illustration, thick dark outline, flat colors with soft cel shading, big glossy eyes, rounded shapes, kawaii, consistent front 3/4 view, soft top-left lighting. Full body, centered, nothing cropped. Plain pure white background, no text, no letters, no watermark, no frame. Palette sky blue #5AB6FF and cream white; tiny wings and cloud-like feet. Baby form: egg-shaped body, head is 60% of the body, stubby limbs or none, curious innocent expression. Small and simple. The character means ""spread; exhibit"". Do not draw any Chinese character or text."
art/展_2.png,展,sky,2,"Cute collectible monster card character for a children's Chinese learning game. Style: clean 2D vector-like illustration, thick dark outline, flat colors with soft cel shading, big glossy eyes, rounded shapes, kawaii, consistent front 3/4 view, soft top-left lighting. Full body, centered, nothing cropped. Plain pure white background, no text, no letters, no watermark, no frame. Palette sky blue #5AB6FF and cream white; tiny wings and cloud-like feet. Teen form: proper arms and legs, standing confidently, holds ONE small prop related to its meaning, cheerful expression. Medium detail. The character means ""spread; exhibit"". Do not draw any Chinese character or text."
art/展_3.png,展,sky,3,"Cute collectible monster card character for a children's Chinese learning game. Style: clean 2D vector-like illustration, thick dark outline, flat colors with soft cel shading, big glossy eyes, rounded shapes, kawaii, consistent front 3/4 view, soft top-left lighting. Full body, centered, nothing cropped. Plain pure white background, no text, no letters, no watermark, no frame. Palette sky blue #5AB6FF and cream white; tiny wings and cloud-like feet. King form: taller heroic proportions, royal cape and a small crown, a glowing aura of its element behind it, proud smile. Most detailed. The character means ""spread; exhibit"". Do not draw any Chinese character or text."
art/难_1.png,难,heart,1,"Cute collectible monster card character for a children's Chinese learning game. Style: clean 2D vector-like illustration, thick dark outline, flat colors with soft cel shading, big glossy eyes, rounded shapes, kawaii, consistent front 3/4 view, soft top-left lighting. Full body, centered, nothing cropped. Plain pure white background, no text, no letters, no watermark, no frame. Palette pink #FF7FA8 and lilac; fluffy fur, heart-shaped tail, blush cheeks. Baby form: egg-shaped body, head is 60% of the body, stubby limbs or none, curious innocent expression. Small and simple. The character means ""difficult"". Do not draw any Chinese character or text."
art/难_2.png,难,heart,2,"Cute collectible monster card character for a children's Chinese learning game. Style: clean 2D vector-like illustration, thick dark outline, flat colors with soft cel shading, big glossy eyes, rounded shapes, kawaii, consistent front 3/4 view, soft top-left lighting. Full body, centered, nothing cropped. Plain pure white background, no text, no letters, no watermark, no frame. Palette pink #FF7FA8 and lilac; fluffy fur, heart-shaped tail, blush cheeks. Teen form: proper arms and legs, standing confidently, holds ONE small prop related to its meaning, cheerful expression. Medium detail. The character means ""difficult"". Do not draw any Chinese character or text."
art/难_3.png,难,heart,3,"Cute collectible monster card character for a children's Chinese learning game. Style: clean 2D vector-like illustration, thick dark outline, flat colors with soft cel shading, big glossy eyes, rounded shapes, kawaii, consistent front 3/4 view, soft top-left lighting. Full body, centered, nothing cropped. Plain pure white background, no text, no letters, no watermark, no frame. Palette pink #FF7FA8 and lilac; fluffy fur, heart-shaped tail, blush cheeks. King form: taller heroic proportions, royal cape and a small crown, a glowing aura of its element behind it, proud smile. Most detailed. The character means ""difficult"". Do not draw any Chinese character or text."
art/得_1.png,得,sky,1,"Cute collectible monster card character for a children's Chinese learning game. Style: clean 2D vector-like illustration, thick dark outline, flat colors with soft cel shading, big glossy eyes, rounded shapes, kawaii, consistent front 3/4 view, soft top-left lighting. Full body, centered, nothing cropped. Plain pure white background, no text, no letters, no watermark, no frame. Palette sky blue #5AB6FF and cream white; tiny wings and cloud-like feet. Baby form: egg-shaped body, head is 60% of the body, stubby limbs or none, curious innocent expression. Small and simple. The character means ""get"". Do not draw any Chinese character or text."
art/得_2.png,得,sky,2,"Cute collectible monster card character for a children's Chinese learning game. Style: clean 2D vector-like illustration, thick dark outline, flat colors with soft cel shading, big glossy eyes, rounded shapes, kawaii, consistent front 3/4 view, soft top-left lighting. Full body, centered, nothing cropped. Plain pure white background, no text, no letters, no watermark, no frame. Palette sky blue #5AB6FF and cream white; tiny wings and cloud-like feet. Teen form: proper arms and legs, standing confidently, holds ONE small prop related to its meaning, cheerful expression. Medium detail. The character means ""get"". Do not draw any Chinese character or text."
art/得_3.png,得,sky,3,"Cute collectible monster card character for a children's Chinese learning game. Style: clean 2D vector-like illustration, thick dark outline, flat colors with soft cel shading, big glossy eyes, rounded shapes, kawaii, consistent front 3/4 view, soft top-left lighting. Full body, centered, nothing cropped. Plain pure white background, no text, no letters, no watermark, no frame. Palette sky blue #5AB6FF and cream white; tiny wings and cloud-like feet. King form: taller heroic proportions, royal cape and a small crown, a glowing aura of its element behind it, proud smile. Most detailed. The character means ""get"". Do not draw any Chinese character or text."
art/着_1.png,着,heart,1,"Cute collectible monster card character for a children's Chinese learning game. Style: clean 2D vector-like illustration, thick dark outline, flat colors with soft cel shading, big glossy eyes, rounded shapes, kawaii, consistent front 3/4 view, soft top-left lighting. Full body, centered, nothing cropped. Plain pure white background, no text, no letters, no watermark, no frame. Palette pink #FF7FA8 and lilac; fluffy fur, heart-shaped tail, blush cheeks. Baby form: egg-shaped body, head is 60% of the body, stubby limbs or none, curious innocent expression. Small and simple. The character means ""(-ing)"". Do not draw any Chinese character or text."
art/着_2.png,着,heart,2,"Cute collectible monster card character for a children's Chinese learning game. Style: clean 2D vector-like illustration, thick dark outline, flat colors with soft cel shading, big glossy eyes, rounded shapes, kawaii, consistent front 3/4 view, soft top-left lighting. Full body, centered, nothing cropped. Plain pure white background, no text, no letters, no watermark, no frame. Palette pink #FF7FA8 and lilac; fluffy fur, heart-shaped tail, blush cheeks. Teen form: proper arms and legs, standing confidently, holds ONE small prop related to its meaning, cheerful expression. Medium detail. The character means ""(-ing)"". Do not draw any Chinese character or text."
art/着_3.png,着,heart,3,"Cute collectible monster card character for a children's Chinese learning game. Style: clean 2D vector-like illustration, thick dark outline, flat colors with soft cel shading, big glossy eyes, rounded shapes, kawaii, consistent front 3/4 view, soft top-left lighting. Full body, centered, nothing cropped. Plain pure white background, no text, no letters, no watermark, no frame. Palette pink #FF7FA8 and lilac; fluffy fur, heart-shaped tail, blush cheeks. King form: taller heroic proportions, royal cape and a small crown, a glowing aura of its element behind it, proud smile. Most detailed. The character means ""(-ing)"". Do not draw any Chinese character or text."
art/理_1.png,理,earth,1,"Cute collectible monster card character for a children's Chinese learning game. Style: clean 2D vector-like illustration, thick dark outline, flat colors with soft cel shading, big glossy eyes, rounded shapes, kawaii, consistent front 3/4 view, soft top-left lighting. Full body, centered, nothing cropped. Plain pure white background, no text, no letters, no watermark, no frame. Palette sandy ochre #C89B5E and stone grey; a rocky back shell. Baby form: egg-shaped body, head is 60% of the body, stubby limbs or none, curious innocent expression. Small and simple. The character means ""reason; manage"". Do not draw any Chinese character or text."
art/理_2.png,理,earth,2,"Cute collectible monster card character for a children's Chinese learning game. Style: clean 2D vector-like illustration, thick dark outline, flat colors with soft cel shading, big glossy eyes, rounded shapes, kawaii, consistent front 3/4 view, soft top-left lighting. Full body, centered, nothing cropped. Plain pure white background, no text, no letters, no watermark, no frame. Palette sandy ochre #C89B5E and stone grey; a rocky back shell. Teen form: proper arms and legs, standing confidently, holds ONE small prop related to its meaning, cheerful expression. Medium detail. The character means ""reason; manage"". Do not draw any Chinese character or text."
art/理_3.png,理,earth,3,"Cute collectible monster card character for a children's Chinese learning game. Style: clean 2D vector-like illustration, thick dark outline, flat colors with soft cel shading, big glossy eyes, rounded shapes, kawaii, consistent front 3/4 view, soft top-left lighting. Full body, centered, nothing cropped. Plain pure white background, no text, no letters, no watermark, no frame. Palette sandy ochre #C89B5E and stone grey; a rocky back shell. King form: taller heroic proportions, royal cape and a small crown, a glowing aura of its element behind it, proud smile. Most detailed. The character means ""reason; manage"". Do not draw any Chinese character or text."
art/第_1.png,第,wood,1,"Cute collectible monster card character for a children's Chinese learning game. Style: clean 2D vector-like illustration, thick dark outline, flat colors with soft cel shading, big glossy eyes, rounded shapes, kawaii, consistent front 3/4 view, soft top-left lighting. Full body, centered, nothing cropped. Plain pure white background, no text, no letters, no watermark, no frame. Palette grass green #4CC35A and warm brown; leaf-shaped ears, twig-like arms. Baby form: egg-shaped body, head is 60% of the body, stubby limbs or none, curious innocent expression. Small and simple. The character means ""(ordinal)"". Do not draw any Chinese character or text."
art/第_2.png,第,wood,2,"Cute collectible monster card character for a children's Chinese learning game. Style: clean 2D vector-like illustration, thick dark outline, flat colors with soft cel shading, big glossy eyes, rounded shapes, kawaii, consistent front 3/4 view, soft top-left lighting. Full body, centered, nothing cropped. Plain pure white background, no text, no letters, no watermark, no frame. Palette grass green #4CC35A and warm brown; leaf-shaped ears, twig-like arms. Teen form: proper arms and legs, standing confidently, holds ONE small prop related to its meaning, cheerful expression. Medium detail. The character means ""(ordinal)"". Do not draw any Chinese character or text."
art/第_3.png,第,wood,3,"Cute collectible monster card character for a children's Chinese learning game. Style: clean 2D vector-like illustration, thick dark outline, flat colors with soft cel shading, big glossy eyes, rounded shapes, kawaii, consistent front 3/4 view, soft top-left lighting. Full body, centered, nothing cropped. Plain pure white background, no text, no letters, no watermark, no frame. Palette grass green #4CC35A and warm brown; leaf-shaped ears, twig-like arms. King form: taller heroic proportions, royal cape and a small crown, a glowing aura of its element behind it, proud smile. Most detailed. The character means ""(ordinal)"". Do not draw any Chinese character or text."
art/情_1.png,情,heart,1,"Cute collectible monster card character for a children's Chinese learning game. Style: clean 2D vector-like illustration, thick dark outline, flat colors with soft cel shading, big glossy eyes, rounded shapes, kawaii, consistent front 3/4 view, soft top-left lighting. Full body, centered, nothing cropped. Plain pure white background, no text, no letters, no watermark, no frame. Palette pink #FF7FA8 and lilac; fluffy fur, heart-shaped tail, blush cheeks. Baby form: egg-shaped body, head is 60% of the body, stubby limbs or none, curious innocent expression. Small and simple. The character means ""feeling"". Do not draw any Chinese character or text."
art/情_2.png,情,heart,2,"Cute collectible monster card character for a children's Chinese learning game. Style: clean 2D vector-like illustration, thick dark outline, flat colors with soft cel shading, big glossy eyes, rounded shapes, kawaii, consistent front 3/4 view, soft top-left lighting. Full body, centered, nothing cropped. Plain pure white background, no text, no letters, no watermark, no frame. Palette pink #FF7FA8 and lilac; fluffy fur, heart-shaped tail, blush cheeks. Teen form: proper arms and legs, standing confidently, holds ONE small prop related to its meaning, cheerful expression. Medium detail. The character means ""feeling"". Do not draw any Chinese character or text."
art/情_3.png,情,heart,3,"Cute collectible monster card character for a children's Chinese learning game. Style: clean 2D vector-like illustration, thick dark outline, flat colors with soft cel shading, big glossy eyes, rounded shapes, kawaii, consistent front 3/4 view, soft top-left lighting. Full body, centered, nothing cropped. Plain pure white background, no text, no letters, no watermark, no frame. Palette pink #FF7FA8 and lilac; fluffy fur, heart-shaped tail, blush cheeks. King form: taller heroic proportions, royal cape and a small crown, a glowing aura of its element behind it, proud smile. Most detailed. The character means ""feeling"". Do not draw any Chinese character or text."
art/常_1.png,常,water,1,"Cute collectible monster card character for a children's Chinese learning game. Style: clean 2D vector-like illustration, thick dark outline, flat colors with soft cel shading, big glossy eyes, rounded shapes, kawaii, consistent front 3/4 view, soft top-left lighting. Full body, centered, nothing cropped. Plain pure white background, no text, no letters, no watermark, no frame. Palette aqua blue #3FA9F5 and translucent white; water-ripple marks and a bubble. Baby form: egg-shaped body, head is 60% of the body, stubby limbs or none, curious innocent expression. Small and simple. The character means ""often; usual"". Do not draw any Chinese character or text."
art/常_2.png,常,water,2,"Cute collectible monster card character for a children's Chinese learning game. Style: clean 2D vector-like illustration, thick dark outline, flat colors with soft cel shading, big glossy eyes, rounded shapes, kawaii, consistent front 3/4 view, soft top-left lighting. Full body, centered, nothing cropped. Plain pure white background, no text, no letters, no watermark, no frame. Palette aqua blue #3FA9F5 and translucent white; water-ripple marks and a bubble. Teen form: proper arms and legs, standing confidently, holds ONE small prop related to its meaning, cheerful expression. Medium detail. The character means ""often; usual"". Do not draw any Chinese character or text."
art/常_3.png,常,water,3,"Cute collectible monster card character for a children's Chinese learning game. Style: clean 2D vector-like illustration, thick dark outline, flat colors with soft cel shading, big glossy eyes, rounded shapes, kawaii, consistent front 3/4 view, soft top-left lighting. Full body, centered, nothing cropped. Plain pure white background, no text, no letters, no watermark, no frame. Palette aqua blue #3FA9F5 and translucent white; water-ripple marks and a bubble. King form: taller heroic proportions, royal cape and a small crown, a glowing aura of its element behind it, proud smile. Most detailed. The character means ""often; usual"". Do not draw any Chinese character or text."
art/教_1.png,教,wood,1,"Cute collectible monster card character for a children's Chinese learning game. Style: clean 2D vector-like illustration, thick dark outline, flat colors with soft cel shading, big glossy eyes, rounded shapes, kawaii, consistent front 3/4 view, soft top-left lighting. Full body, centered, nothing cropped. Plain pure white background, no text, no letters, no watermark, no frame. Palette grass green #4CC35A and warm brown; leaf-shaped ears, twig-like arms. Baby form: egg-shaped body, head is 60% of the body, stubby limbs or none, curious innocent expression. Small and simple. The character means ""teach"". Do not draw any Chinese character or text."
art/教_2.png,教,wood,2,"Cute collectible monster card character for a children's Chinese learning game. Style: clean 2D vector-like illustration, thick dark outline, flat colors with soft cel shading, big glossy eyes, rounded shapes, kawaii, consistent front 3/4 view, soft top-left lighting. Full body, centered, nothing cropped. Plain pure white background, no text, no letters, no watermark, no frame. Palette grass green #4CC35A and warm brown; leaf-shaped ears, twig-like arms. Teen form: proper arms and legs, standing confidently, holds ONE small prop related to its meaning, cheerful expression. Medium detail. The character means ""teach"". Do not draw any Chinese character or text."
art/教_3.png,教,wood,3,"Cute collectible monster card character for a children's Chinese learning game. Style: clean 2D vector-like illustration, thick dark outline, flat colors with soft cel shading, big glossy eyes, rounded shapes, kawaii, consistent front 3/4 view, soft top-left lighting. Full body, centered, nothing cropped. Plain pure white background, no text, no letters, no watermark, no frame. Palette grass green #4CC35A and warm brown; leaf-shaped ears, twig-like arms. King form: taller heroic proportions, royal cape and a small crown, a glowing aura of its element behind it, proud smile. Most detailed. The character means ""teach"". Do not draw any Chinese character or text."
art/做_1.png,做,heart,1,"Cute collectible monster card character for a children's Chinese learning game. Style: clean 2D vector-like illustration, thick dark outline, flat colors with soft cel shading, big glossy eyes, rounded shapes, kawaii, consistent front 3/4 view, soft top-left lighting. Full body, centered, nothing cropped. Plain pure white background, no text, no letters, no watermark, no frame. Palette pink #FF7FA8 and lilac; fluffy fur, heart-shaped tail, blush cheeks. Baby form: egg-shaped body, head is 60% of the body, stubby limbs or none, curious innocent expression. Small and simple. The character means ""do; make"". Do not draw any Chinese character or text."
art/做_2.png,做,heart,2,"Cute collectible monster card character for a children's Chinese learning game. Style: clean 2D vector-like illustration, thick dark outline, flat colors with soft cel shading, big glossy eyes, rounded shapes, kawaii, consistent front 3/4 view, soft top-left lighting. Full body, centered, nothing cropped. Plain pure white background, no text, no letters, no watermark, no frame. Palette pink #FF7FA8 and lilac; fluffy fur, heart-shaped tail, blush cheeks. Teen form: proper arms and legs, standing confidently, holds ONE small prop related to its meaning, cheerful expression. Medium detail. The character means ""do; make"". Do not draw any Chinese character or text."
art/做_3.png,做,heart,3,"Cute collectible monster card character for a children's Chinese learning game. Style: clean 2D vector-like illustration, thick dark outline, flat colors with soft cel shading, big glossy eyes, rounded shapes, kawaii, consistent front 3/4 view, soft top-left lighting. Full body, centered, nothing cropped. Plain pure white background, no text, no letters, no watermark, no frame. Palette pink #FF7FA8 and lilac; fluffy fur, heart-shaped tail, blush cheeks. King form: taller heroic proportions, royal cape and a small crown, a glowing aura of its element behind it, proud smile. Most detailed. The character means ""do; make"". Do not draw any Chinese character or text."
art/接_1.png,接,heart,1,"Cute collectible monster card character for a children's Chinese learning game. Style: clean 2D vector-like illustration, thick dark outline, flat colors with soft cel shading, big glossy eyes, rounded shapes, kawaii, consistent front 3/4 view, soft top-left lighting. Full body, centered, nothing cropped. Plain pure white background, no text, no letters, no watermark, no frame. Palette pink #FF7FA8 and lilac; fluffy fur, heart-shaped tail, blush cheeks. Baby form: egg-shaped body, head is 60% of the body, stubby limbs or none, curious innocent expression. Small and simple. The character means ""receive; connect"". Do not draw any Chinese character or text."
art/接_2.png,接,heart,2,"Cute collectible monster card character for a children's Chinese learning game. Style: clean 2D vector-like illustration, thick dark outline, flat colors with soft cel shading, big glossy eyes, rounded shapes, kawaii, consistent front 3/4 view, soft top-left lighting. Full body, centered, nothing cropped. Plain pure white background, no text, no letters, no watermark, no frame. Palette pink #FF7FA8 and lilac; fluffy fur, heart-shaped tail, blush cheeks. Teen form: proper arms and legs, standing confidently, holds ONE small prop related to its meaning, cheerful expression. Medium detail. The character means ""receive; connect"". Do not draw any Chinese character or text."
art/接_3.png,接,heart,3,"Cute collectible monster card character for a children's Chinese learning game. Style: clean 2D vector-like illustration, thick dark outline, flat colors with soft cel shading, big glossy eyes, rounded shapes, kawaii, consistent front 3/4 view, soft top-left lighting. Full body, centered, nothing cropped. Plain pure white background, no text, no letters, no watermark, no frame. Palette pink #FF7FA8 and lilac; fluffy fur, heart-shaped tail, blush cheeks. King form: taller heroic proportions, royal cape and a small crown, a glowing aura of its element behind it, proud smile. Most detailed. The character means ""receive; connect"". Do not draw any Chinese character or text."
art/基_1.png,基,earth,1,"Cute collectible monster card character for a children's Chinese learning game. Style: clean 2D vector-like illustration, thick dark outline, flat colors with soft cel shading, big glossy eyes, rounded shapes, kawaii, consistent front 3/4 view, soft top-left lighting. Full body, centered, nothing cropped. Plain pure white background, no text, no letters, no watermark, no frame. Palette sandy ochre #C89B5E and stone grey; a rocky back shell. Baby form: egg-shaped body, head is 60% of the body, stubby limbs or none, curious innocent expression. Small and simple. The character means ""base"". Do not draw any Chinese character or text."
art/基_2.png,基,earth,2,"Cute collectible monster card character for a children's Chinese learning game. Style: clean 2D vector-like illustration, thick dark outline, flat colors with soft cel shading, big glossy eyes, rounded shapes, kawaii, consistent front 3/4 view, soft top-left lighting. Full body, centered, nothing cropped. Plain pure white background, no text, no letters, no watermark, no frame. Palette sandy ochre #C89B5E and stone grey; a rocky back shell. Teen form: proper arms and legs, standing confidently, holds ONE small prop related to its meaning, cheerful expression. Medium detail. The character means ""base"". Do not draw any Chinese character or text."
art/基_3.png,基,earth,3,"Cute collectible monster card character for a children's Chinese learning game. Style: clean 2D vector-like illustration, thick dark outline, flat colors with soft cel shading, big glossy eyes, rounded shapes, kawaii, consistent front 3/4 view, soft top-left lighting. Full body, centered, nothing cropped. Plain pure white background, no text, no letters, no watermark, no frame. Palette sandy ochre #C89B5E and stone grey; a rocky back shell. King form: taller heroic proportions, royal cape and a small crown, a glowing aura of its element behind it, proud smile. Most detailed. The character means ""base"". Do not draw any Chinese character or text."
art/眼_1.png,眼,heart,1,"Cute collectible monster card character for a children's Chinese learning game. Style: clean 2D vector-like illustration, thick dark outline, flat colors with soft cel shading, big glossy eyes, rounded shapes, kawaii, consistent front 3/4 view, soft top-left lighting. Full body, centered, nothing cropped. Plain pure white background, no text, no letters, no watermark, no frame. Palette pink #FF7FA8 and lilac; fluffy fur, heart-shaped tail, blush cheeks. Baby form: egg-shaped body, head is 60% of the body, stubby limbs or none, curious innocent expression. Small and simple. The character means ""eye"". Do not draw any Chinese character or text."
art/眼_2.png,眼,heart,2,"Cute collectible monster card character for a children's Chinese learning game. Style: clean 2D vector-like illustration, thick dark outline, flat colors with soft cel shading, big glossy eyes, rounded shapes, kawaii, consistent front 3/4 view, soft top-left lighting. Full body, centered, nothing cropped. Plain pure white background, no text, no letters, no watermark, no frame. Palette pink #FF7FA8 and lilac; fluffy fur, heart-shaped tail, blush cheeks. Teen form: proper arms and legs, standing confidently, holds ONE small prop related to its meaning, cheerful expression. Medium detail. The character means ""eye"". Do not draw any Chinese character or text."
art/眼_3.png,眼,heart,3,"Cute collectible monster card character for a children's Chinese learning game. Style: clean 2D vector-like illustration, thick dark outline, flat colors with soft cel shading, big glossy eyes, rounded shapes, kawaii, consistent front 3/4 view, soft top-left lighting. Full body, centered, nothing cropped. Plain pure white background, no text, no letters, no watermark, no frame. Palette pink #FF7FA8 and lilac; fluffy fur, heart-shaped tail, blush cheeks. King form: taller heroic proportions, royal cape and a small crown, a glowing aura of its element behind it, proud smile. Most detailed. The character means ""eye"". Do not draw any Chinese character or text."
art/象_1.png,象,sky,1,"Cute collectible monster card character for a children's Chinese learning game. Style: clean 2D vector-like illustration, thick dark outline, flat colors with soft cel shading, big glossy eyes, rounded shapes, kawaii, consistent front 3/4 view, soft top-left lighting. Full body, centered, nothing cropped. Plain pure white background, no text, no letters, no watermark, no frame. Palette sky blue #5AB6FF and cream white; tiny wings and cloud-like feet. Baby form: egg-shaped body, head is 60% of the body, stubby limbs or none, curious innocent expression. Small and simple. The character means ""elephant; image"". Do not draw any Chinese character or text."
art/象_2.png,象,sky,2,"Cute collectible monster card character for a children's Chinese learning game. Style: clean 2D vector-like illustration, thick dark outline, flat colors with soft cel shading, big glossy eyes, rounded shapes, kawaii, consistent front 3/4 view, soft top-left lighting. Full body, centered, nothing cropped. Plain pure white background, no text, no letters, no watermark, no frame. Palette sky blue #5AB6FF and cream white; tiny wings and cloud-like feet. Teen form: proper arms and legs, standing confidently, holds ONE small prop related to its meaning, cheerful expression. Medium detail. The character means ""elephant; image"". Do not draw any Chinese character or text."
art/象_3.png,象,sky,3,"Cute collectible monster card character for a children's Chinese learning game. Style: clean 2D vector-like illustration, thick dark outline, flat colors with soft cel shading, big glossy eyes, rounded shapes, kawaii, consistent front 3/4 view, soft top-left lighting. Full body, centered, nothing cropped. Plain pure white background, no text, no letters, no watermark, no frame. Palette sky blue #5AB6FF and cream white; tiny wings and cloud-like feet. King form: taller heroic proportions, royal cape and a small crown, a glowing aura of its element behind it, proud smile. Most detailed. The character means ""elephant; image"". Do not draw any Chinese character or text."
art/据_1.png,据,heart,1,"Cute collectible monster card character for a children's Chinese learning game. Style: clean 2D vector-like illustration, thick dark outline, flat colors with soft cel shading, big glossy eyes, rounded shapes, kawaii, consistent front 3/4 view, soft top-left lighting. Full body, centered, nothing cropped. Plain pure white background, no text, no letters, no watermark, no frame. Palette pink #FF7FA8 and lilac; fluffy fur, heart-shaped tail, blush cheeks. Baby form: egg-shaped body, head is 60% of the body, stubby limbs or none, curious innocent expression. Small and simple. The character means ""according to"". Do not draw any Chinese character or text."
art/据_2.png,据,heart,2,"Cute collectible monster card character for a children's Chinese learning game. Style: clean 2D vector-like illustration, thick dark outline, flat colors with soft cel shading, big glossy eyes, rounded shapes, kawaii, consistent front 3/4 view, soft top-left lighting. Full body, centered, nothing cropped. Plain pure white background, no text, no letters, no watermark, no frame. Palette pink #FF7FA8 and lilac; fluffy fur, heart-shaped tail, blush cheeks. Teen form: proper arms and legs, standing confidently, holds ONE small prop related to its meaning, cheerful expression. Medium detail. The character means ""according to"". Do not draw any Chinese character or text."
art/据_3.png,据,heart,3,"Cute collectible monster card character for a children's Chinese learning game. Style: clean 2D vector-like illustration, thick dark outline, flat colors with soft cel shading, big glossy eyes, rounded shapes, kawaii, consistent front 3/4 view, soft top-left lighting. Full body, centered, nothing cropped. Plain pure white background, no text, no letters, no watermark, no frame. Palette pink #FF7FA8 and lilac; fluffy fur, heart-shaped tail, blush cheeks. King form: taller heroic proportions, royal cape and a small crown, a glowing aura of its element behind it, proud smile. Most detailed. The character means ""according to"". Do not draw any Chinese character or text."
art/就_1.png,就,sky,1,"Cute collectible monster card character for a children's Chinese learning game. Style: clean 2D vector-like illustration, thick dark outline, flat colors with soft cel shading, big glossy eyes, rounded shapes, kawaii, consistent front 3/4 view, soft top-left lighting. Full body, centered, nothing cropped. Plain pure white background, no text, no letters, no watermark, no frame. Palette sky blue #5AB6FF and cream white; tiny wings and cloud-like feet. Baby form: egg-shaped body, head is 60% of the body, stubby limbs or none, curious innocent expression. Small and simple. The character means ""then; at once"". Do not draw any Chinese character or text."
art/就_2.png,就,sky,2,"Cute collectible monster card character for a children's Chinese learning game. Style: clean 2D vector-like illustration, thick dark outline, flat colors with soft cel shading, big glossy eyes, rounded shapes, kawaii, consistent front 3/4 view, soft top-left lighting. Full body, centered, nothing cropped. Plain pure white background, no text, no letters, no watermark, no frame. Palette sky blue #5AB6FF and cream white; tiny wings and cloud-like feet. Teen form: proper arms and legs, standing confidently, holds ONE small prop related to its meaning, cheerful expression. Medium detail. The character means ""then; at once"". Do not draw any Chinese character or text."
art/就_3.png,就,sky,3,"Cute collectible monster card character for a children's Chinese learning game. Style: clean 2D vector-like illustration, thick dark outline, flat colors with soft cel shading, big glossy eyes, rounded shapes, kawaii, consistent front 3/4 view, soft top-left lighting. Full body, centered, nothing cropped. Plain pure white background, no text, no letters, no watermark, no frame. Palette sky blue #5AB6FF and cream white; tiny wings and cloud-like feet. King form: taller heroic proportions, royal cape and a small crown, a glowing aura of its element behind it, proud smile. Most detailed. The character means ""then; at once"". Do not draw any Chinese character or text."
art/道_1.png,道,fire,1,"Cute collectible monster card character for a children's Chinese learning game. Style: clean 2D vector-like illustration, thick dark outline, flat colors with soft cel shading, big glossy eyes, rounded shapes, kawaii, consistent front 3/4 view, soft top-left lighting. Full body, centered, nothing cropped. Plain pure white background, no text, no letters, no watermark, no frame. Palette orange-red #FF6B35 and golden yellow; a flame tuft on the head, a spark at the tail. Baby form: egg-shaped body, head is 60% of the body, stubby limbs or none, curious innocent expression. Small and simple. The character means ""road; way"". Do not draw any Chinese character or text."
art/道_2.png,道,fire,2,"Cute collectible monster card character for a children's Chinese learning game. Style: clean 2D vector-like illustration, thick dark outline, flat colors with soft cel shading, big glossy eyes, rounded shapes, kawaii, consistent front 3/4 view, soft top-left lighting. Full body, centered, nothing cropped. Plain pure white background, no text, no letters, no watermark, no frame. Palette orange-red #FF6B35 and golden yellow; a flame tuft on the head, a spark at the tail. Teen form: proper arms and legs, standing confidently, holds ONE small prop related to its meaning, cheerful expression. Medium detail. The character means ""road; way"". Do not draw any Chinese character or text."
art/道_3.png,道,fire,3,"Cute collectible monster card character for a children's Chinese learning game. Style: clean 2D vector-like illustration, thick dark outline, flat colors with soft cel shading, big glossy eyes, rounded shapes, kawaii, consistent front 3/4 view, soft top-left lighting. Full body, centered, nothing cropped. Plain pure white background, no text, no letters, no watermark, no frame. Palette orange-red #FF6B35 and golden yellow; a flame tuft on the head, a spark at the tail. King form: taller heroic proportions, royal cape and a small crown, a glowing aura of its element behind it, proud smile. Most detailed. The character means ""road; way"". Do not draw any Chinese character or text."
art/然_1.png,然,fire,1,"Cute collectible monster card character for a children's Chinese learning game. Style: clean 2D vector-like illustration, thick dark outline, flat colors with soft cel shading, big glossy eyes, rounded shapes, kawaii, consistent front 3/4 view, soft top-left lighting. Full body, centered, nothing cropped. Plain pure white background, no text, no letters, no watermark, no frame. Palette orange-red #FF6B35 and golden yellow; a flame tuft on the head, a spark at the tail. Baby form: egg-shaped body, head is 60% of the body, stubby limbs or none, curious innocent expression. Small and simple. The character means ""so; like that"". Do not draw any Chinese character or text."
art/然_2.png,然,fire,2,"Cute collectible monster card character for a children's Chinese learning game. Style: clean 2D vector-like illustration, thick dark outline, flat colors with soft cel shading, big glossy eyes, rounded shapes, kawaii, consistent front 3/4 view, soft top-left lighting. Full body, centered, nothing cropped. Plain pure white background, no text, no letters, no watermark, no frame. Palette orange-red #FF6B35 and golden yellow; a flame tuft on the head, a spark at the tail. Teen form: proper arms and legs, standing confidently, holds ONE small prop related to its meaning, cheerful expression. Medium detail. The character means ""so; like that"". Do not draw any Chinese character or text."
art/然_3.png,然,fire,3,"Cute collectible monster card character for a children's Chinese learning game. Style: clean 2D vector-like illustration, thick dark outline, flat colors with soft cel shading, big glossy eyes, rounded shapes, kawaii, consistent front 3/4 view, soft top-left lighting. Full body, centered, nothing cropped. Plain pure white background, no text, no letters, no watermark, no frame. Palette orange-red #FF6B35 and golden yellow; a flame tuft on the head, a spark at the tail. King form: taller heroic proportions, royal cape and a small crown, a glowing aura of its element behind it, proud smile. Most detailed. The character means ""so; like that"". Do not draw any Chinese character or text."
art/最_1.png,最,heart,1,"Cute collectible monster card character for a children's Chinese learning game. Style: clean 2D vector-like illustration, thick dark outline, flat colors with soft cel shading, big glossy eyes, rounded shapes, kawaii, consistent front 3/4 view, soft top-left lighting. Full body, centered, nothing cropped. Plain pure white background, no text, no letters, no watermark, no frame. Palette pink #FF7FA8 and lilac; fluffy fur, heart-shaped tail, blush cheeks. Baby form: egg-shaped body, head is 60% of the body, stubby limbs or none, curious innocent expression. Small and simple. The character means ""most"". Do not draw any Chinese character or text."
art/最_2.png,最,heart,2,"Cute collectible monster card character for a children's Chinese learning game. Style: clean 2D vector-like illustration, thick dark outline, flat colors with soft cel shading, big glossy eyes, rounded shapes, kawaii, consistent front 3/4 view, soft top-left lighting. Full body, centered, nothing cropped. Plain pure white background, no text, no letters, no watermark, no frame. Palette pink #FF7FA8 and lilac; fluffy fur, heart-shaped tail, blush cheeks. Teen form: proper arms and legs, standing confidently, holds ONE small prop related to its meaning, cheerful expression. Medium detail. The character means ""most"". Do not draw any Chinese character or text."
art/最_3.png,最,heart,3,"Cute collectible monster card character for a children's Chinese learning game. Style: clean 2D vector-like illustration, thick dark outline, flat colors with soft cel shading, big glossy eyes, rounded shapes, kawaii, consistent front 3/4 view, soft top-left lighting. Full body, centered, nothing cropped. Plain pure white background, no text, no letters, no watermark, no frame. Palette pink #FF7FA8 and lilac; fluffy fur, heart-shaped tail, blush cheeks. King form: taller heroic proportions, royal cape and a small crown, a glowing aura of its element behind it, proud smile. Most detailed. The character means ""most"". Do not draw any Chinese character or text."
art/等_1.png,等,wood,1,"Cute collectible monster card character for a children's Chinese learning game. Style: clean 2D vector-like illustration, thick dark outline, flat colors with soft cel shading, big glossy eyes, rounded shapes, kawaii, consistent front 3/4 view, soft top-left lighting. Full body, centered, nothing cropped. Plain pure white background, no text, no letters, no watermark, no frame. Palette grass green #4CC35A and warm brown; leaf-shaped ears, twig-like arms. Baby form: egg-shaped body, head is 60% of the body, stubby limbs or none, curious innocent expression. Small and simple. The character means ""wait; class"". Do not draw any Chinese character or text."
art/等_2.png,等,wood,2,"Cute collectible monster card character for a children's Chinese learning game. Style: clean 2D vector-like illustration, thick dark outline, flat colors with soft cel shading, big glossy eyes, rounded shapes, kawaii, consistent front 3/4 view, soft top-left lighting. Full body, centered, nothing cropped. Plain pure white background, no text, no letters, no watermark, no frame. Palette grass green #4CC35A and warm brown; leaf-shaped ears, twig-like arms. Teen form: proper arms and legs, standing confidently, holds ONE small prop related to its meaning, cheerful expression. Medium detail. The character means ""wait; class"". Do not draw any Chinese character or text."
art/等_3.png,等,wood,3,"Cute collectible monster card character for a children's Chinese learning game. Style: clean 2D vector-like illustration, thick dark outline, flat colors with soft cel shading, big glossy eyes, rounded shapes, kawaii, consistent front 3/4 view, soft top-left lighting. Full body, centered, nothing cropped. Plain pure white background, no text, no letters, no watermark, no frame. Palette grass green #4CC35A and warm brown; leaf-shaped ears, twig-like arms. King form: taller heroic proportions, royal cape and a small crown, a glowing aura of its element behind it, proud smile. Most detailed. The character means ""wait; class"". Do not draw any Chinese character or text."
art/斯_1.png,斯,sky,1,"Cute collectible monster card character for a children's Chinese learning game. Style: clean 2D vector-like illustration, thick dark outline, flat colors with soft cel shading, big glossy eyes, rounded shapes, kawaii, consistent front 3/4 view, soft top-left lighting. Full body, centered, nothing cropped. Plain pure white background, no text, no letters, no watermark, no frame. Palette sky blue #5AB6FF and cream white; tiny wings and cloud-like feet. Baby form: egg-shaped body, head is 60% of the body, stubby limbs or none, curious innocent expression. Small and simple. The character means ""this"". Do not draw any Chinese character or text."
art/斯_2.png,斯,sky,2,"Cute collectible monster card character for a children's Chinese learning game. Style: clean 2D vector-like illustration, thick dark outline, flat colors with soft cel shading, big glossy eyes, rounded shapes, kawaii, consistent front 3/4 view, soft top-left lighting. Full body, centered, nothing cropped. Plain pure white background, no text, no letters, no watermark, no frame. Palette sky blue #5AB6FF and cream white; tiny wings and cloud-like feet. Teen form: proper arms and legs, standing confidently, holds ONE small prop related to its meaning, cheerful expression. Medium detail. The character means ""this"". Do not draw any Chinese character or text."
art/斯_3.png,斯,sky,3,"Cute collectible monster card character for a children's Chinese learning game. Style: clean 2D vector-like illustration, thick dark outline, flat colors with soft cel shading, big glossy eyes, rounded shapes, kawaii, consistent front 3/4 view, soft top-left lighting. Full body, centered, nothing cropped. Plain pure white background, no text, no letters, no watermark, no frame. Palette sky blue #5AB6FF and cream white; tiny wings and cloud-like feet. King form: taller heroic proportions, royal cape and a small crown, a glowing aura of its element behind it, proud smile. Most detailed. The character means ""this"". Do not draw any Chinese character or text."
art/提_1.png,提,heart,1,"Cute collectible monster card character for a children's Chinese learning game. Style: clean 2D vector-like illustration, thick dark outline, flat colors with soft cel shading, big glossy eyes, rounded shapes, kawaii, consistent front 3/4 view, soft top-left lighting. Full body, centered, nothing cropped. Plain pure white background, no text, no letters, no watermark, no frame. Palette pink #FF7FA8 and lilac; fluffy fur, heart-shaped tail, blush cheeks. Baby form: egg-shaped body, head is 60% of the body, stubby limbs or none, curious innocent expression. Small and simple. The character means ""carry; lift"". Do not draw any Chinese character or text."
art/提_2.png,提,heart,2,"Cute collectible monster card character for a children's Chinese learning game. Style: clean 2D vector-like illustration, thick dark outline, flat colors with soft cel shading, big glossy eyes, rounded shapes, kawaii, consistent front 3/4 view, soft top-left lighting. Full body, centered, nothing cropped. Plain pure white background, no text, no letters, no watermark, no frame. Palette pink #FF7FA8 and lilac; fluffy fur, heart-shaped tail, blush cheeks. Teen form: proper arms and legs, standing confidently, holds ONE small prop related to its meaning, cheerful expression. Medium detail. The character means ""carry; lift"". Do not draw any Chinese character or text."
art/提_3.png,提,heart,3,"Cute collectible monster card character for a children's Chinese learning game. Style: clean 2D vector-like illustration, thick dark outline, flat colors with soft cel shading, big glossy eyes, rounded shapes, kawaii, consistent front 3/4 view, soft top-left lighting. Full body, centered, nothing cropped. Plain pure white background, no text, no letters, no watermark, no frame. Palette pink #FF7FA8 and lilac; fluffy fur, heart-shaped tail, blush cheeks. King form: taller heroic proportions, royal cape and a small crown, a glowing aura of its element behind it, proud smile. Most detailed. The character means ""carry; lift"". Do not draw any Chinese character or text."
art/量_1.png,量,wood,1,"Cute collectible monster card character for a children's Chinese learning game. Style: clean 2D vector-like illustration, thick dark outline, flat colors with soft cel shading, big glossy eyes, rounded shapes, kawaii, consistent front 3/4 view, soft top-left lighting. Full body, centered, nothing cropped. Plain pure white background, no text, no letters, no watermark, no frame. Palette grass green #4CC35A and warm brown; leaf-shaped ears, twig-like arms. Baby form: egg-shaped body, head is 60% of the body, stubby limbs or none, curious innocent expression. Small and simple. The character means ""measure"". Do not draw any Chinese character or text."
art/量_2.png,量,wood,2,"Cute collectible monster card character for a children's Chinese learning game. Style: clean 2D vector-like illustration, thick dark outline, flat colors with soft cel shading, big glossy eyes, rounded shapes, kawaii, consistent front 3/4 view, soft top-left lighting. Full body, centered, nothing cropped. Plain pure white background, no text, no letters, no watermark, no frame. Palette grass green #4CC35A and warm brown; leaf-shaped ears, twig-like arms. Teen form: proper arms and legs, standing confidently, holds ONE small prop related to its meaning, cheerful expression. Medium detail. The character means ""measure"". Do not draw any Chinese character or text."
art/量_3.png,量,wood,3,"Cute collectible monster card character for a children's Chinese learning game. Style: clean 2D vector-like illustration, thick dark outline, flat colors with soft cel shading, big glossy eyes, rounded shapes, kawaii, consistent front 3/4 view, soft top-left lighting. Full body, centered, nothing cropped. Plain pure white background, no text, no letters, no watermark, no frame. Palette grass green #4CC35A and warm brown; leaf-shaped ears, twig-like arms. King form: taller heroic proportions, royal cape and a small crown, a glowing aura of its element behind it, proud smile. Most detailed. The character means ""measure"". Do not draw any Chinese character or text."
art/期_1.png,期,fire,1,"Cute collectible monster card character for a children's Chinese learning game. Style: clean 2D vector-like illustration, thick dark outline, flat colors with soft cel shading, big glossy eyes, rounded shapes, kawaii, consistent front 3/4 view, soft top-left lighting. Full body, centered, nothing cropped. Plain pure white background, no text, no letters, no watermark, no frame. Palette orange-red #FF6B35 and golden yellow; a flame tuft on the head, a spark at the tail. Baby form: egg-shaped body, head is 60% of the body, stubby limbs or none, curious innocent expression. Small and simple. The character means ""period; term"". Do not draw any Chinese character or text."
art/期_2.png,期,fire,2,"Cute collectible monster card character for a children's Chinese learning game. Style: clean 2D vector-like illustration, thick dark outline, flat colors with soft cel shading, big glossy eyes, rounded shapes, kawaii, consistent front 3/4 view, soft top-left lighting. Full body, centered, nothing cropped. Plain pure white background, no text, no letters, no watermark, no frame. Palette orange-red #FF6B35 and golden yellow; a flame tuft on the head, a spark at the tail. Teen form: proper arms and legs, standing confidently, holds ONE small prop related to its meaning, cheerful expression. Medium detail. The character means ""period; term"". Do not draw any Chinese character or text."
art/期_3.png,期,fire,3,"Cute collectible monster card character for a children's Chinese learning game. Style: clean 2D vector-like illustration, thick dark outline, flat colors with soft cel shading, big glossy eyes, rounded shapes, kawaii, consistent front 3/4 view, soft top-left lighting. Full body, centered, nothing cropped. Plain pure white background, no text, no letters, no watermark, no frame. Palette orange-red #FF6B35 and golden yellow; a flame tuft on the head, a spark at the tail. King form: taller heroic proportions, royal cape and a small crown, a glowing aura of its element behind it, proud smile. Most detailed. The character means ""period; term"". Do not draw any Chinese character or text."
art/强_1.png,强,water,1,"Cute collectible monster card character for a children's Chinese learning game. Style: clean 2D vector-like illustration, thick dark outline, flat colors with soft cel shading, big glossy eyes, rounded shapes, kawaii, consistent front 3/4 view, soft top-left lighting. Full body, centered, nothing cropped. Plain pure white background, no text, no letters, no watermark, no frame. Palette aqua blue #3FA9F5 and translucent white; water-ripple marks and a bubble. Baby form: egg-shaped body, head is 60% of the body, stubby limbs or none, curious innocent expression. Small and simple. The character means ""strong"". Do not draw any Chinese character or text."
art/强_2.png,强,water,2,"Cute collectible monster card character for a children's Chinese learning game. Style: clean 2D vector-like illustration, thick dark outline, flat colors with soft cel shading, big glossy eyes, rounded shapes, kawaii, consistent front 3/4 view, soft top-left lighting. Full body, centered, nothing cropped. Plain pure white background, no text, no letters, no watermark, no frame. Palette aqua blue #3FA9F5 and translucent white; water-ripple marks and a bubble. Teen form: proper arms and legs, standing confidently, holds ONE small prop related to its meaning, cheerful expression. Medium detail. The character means ""strong"". Do not draw any Chinese character or text."
art/强_3.png,强,water,3,"Cute collectible monster card character for a children's Chinese learning game. Style: clean 2D vector-like illustration, thick dark outline, flat colors with soft cel shading, big glossy eyes, rounded shapes, kawaii, consistent front 3/4 view, soft top-left lighting. Full body, centered, nothing cropped. Plain pure white background, no text, no letters, no watermark, no frame. Palette aqua blue #3FA9F5 and translucent white; water-ripple marks and a bubble. King form: taller heroic proportions, royal cape and a small crown, a glowing aura of its element behind it, proud smile. Most detailed. The character means ""strong"". Do not draw any Chinese character or text."
art/程_1.png,程,wood,1,"Cute collectible monster card character for a children's Chinese learning game. Style: clean 2D vector-like illustration, thick dark outline, flat colors with soft cel shading, big glossy eyes, rounded shapes, kawaii, consistent front 3/4 view, soft top-left lighting. Full body, centered, nothing cropped. Plain pure white background, no text, no letters, no watermark, no frame. Palette grass green #4CC35A and warm brown; leaf-shaped ears, twig-like arms. Baby form: egg-shaped body, head is 60% of the body, stubby limbs or none, curious innocent expression. Small and simple. The character means ""course; distance"". Do not draw any Chinese character or text."
art/程_2.png,程,wood,2,"Cute collectible monster card character for a children's Chinese learning game. Style: clean 2D vector-like illustration, thick dark outline, flat colors with soft cel shading, big glossy eyes, rounded shapes, kawaii, consistent front 3/4 view, soft top-left lighting. Full body, centered, nothing cropped. Plain pure white background, no text, no letters, no watermark, no frame. Palette grass green #4CC35A and warm brown; leaf-shaped ears, twig-like arms. Teen form: proper arms and legs, standing confidently, holds ONE small prop related to its meaning, cheerful expression. Medium detail. The character means ""course; distance"". Do not draw any Chinese character or text."
art/程_3.png,程,wood,3,"Cute collectible monster card character for a children's Chinese learning game. Style: clean 2D vector-like illustration, thick dark outline, flat colors with soft cel shading, big glossy eyes, rounded shapes, kawaii, consistent front 3/4 view, soft top-left lighting. Full body, centered, nothing cropped. Plain pure white background, no text, no letters, no watermark, no frame. Palette grass green #4CC35A and warm brown; leaf-shaped ears, twig-like arms. King form: taller heroic proportions, royal cape and a small crown, a glowing aura of its element behind it, proud smile. Most detailed. The character means ""course; distance"". Do not draw any Chinese character or text."
art/想_1.png,想,heart,1,"Cute collectible monster card character for a children's Chinese learning game. Style: clean 2D vector-like illustration, thick dark outline, flat colors with soft cel shading, big glossy eyes, rounded shapes, kawaii, consistent front 3/4 view, soft top-left lighting. Full body, centered, nothing cropped. Plain pure white background, no text, no letters, no watermark, no frame. Palette pink #FF7FA8 and lilac; fluffy fur, heart-shaped tail, blush cheeks. Baby form: egg-shaped body, head is 60% of the body, stubby limbs or none, curious innocent expression. Small and simple. The character means ""think; want"". Do not draw any Chinese character or text."
art/想_2.png,想,heart,2,"Cute collectible monster card character for a children's Chinese learning game. Style: clean 2D vector-like illustration, thick dark outline, flat colors with soft cel shading, big glossy eyes, rounded shapes, kawaii, consistent front 3/4 view, soft top-left lighting. Full body, centered, nothing cropped. Plain pure white background, no text, no letters, no watermark, no frame. Palette pink #FF7FA8 and lilac; fluffy fur, heart-shaped tail, blush cheeks. Teen form: proper arms and legs, standing confidently, holds ONE small prop related to its meaning, cheerful expression. Medium detail. The character means ""think; want"". Do not draw any Chinese character or text."
art/想_3.png,想,heart,3,"Cute collectible monster card character for a children's Chinese learning game. Style: clean 2D vector-like illustration, thick dark outline, flat colors with soft cel shading, big glossy eyes, rounded shapes, kawaii, consistent front 3/4 view, soft top-left lighting. Full body, centered, nothing cropped. Plain pure white background, no text, no letters, no watermark, no frame. Palette pink #FF7FA8 and lilac; fluffy fur, heart-shaped tail, blush cheeks. King form: taller heroic proportions, royal cape and a small crown, a glowing aura of its element behind it, proud smile. Most detailed. The character means ""think; want"". Do not draw any Chinese character or text."
art/意_1.png,意,heart,1,"Cute collectible monster card character for a children's Chinese learning game. Style: clean 2D vector-like illustration, thick dark outline, flat colors with soft cel shading, big glossy eyes, rounded shapes, kawaii, consistent front 3/4 view, soft top-left lighting. Full body, centered, nothing cropped. Plain pure white background, no text, no letters, no watermark, no frame. Palette pink #FF7FA8 and lilac; fluffy fur, heart-shaped tail, blush cheeks. Baby form: egg-shaped body, head is 60% of the body, stubby limbs or none, curious innocent expression. Small and simple. The character means ""meaning; idea"". Do not draw any Chinese character or text."
art/意_2.png,意,heart,2,"Cute collectible monster card character for a children's Chinese learning game. Style: clean 2D vector-like illustration, thick dark outline, flat colors with soft cel shading, big glossy eyes, rounded shapes, kawaii, consistent front 3/4 view, soft top-left lighting. Full body, centered, nothing cropped. Plain pure white background, no text, no letters, no watermark, no frame. Palette pink #FF7FA8 and lilac; fluffy fur, heart-shaped tail, blush cheeks. Teen form: proper arms and legs, standing confidently, holds ONE small prop related to its meaning, cheerful expression. Medium detail. The character means ""meaning; idea"". Do not draw any Chinese character or text."
art/意_3.png,意,heart,3,"Cute collectible monster card character for a children's Chinese learning game. Style: clean 2D vector-like illustration, thick dark outline, flat colors with soft cel shading, big glossy eyes, rounded shapes, kawaii, consistent front 3/4 view, soft top-left lighting. Full body, centered, nothing cropped. Plain pure white background, no text, no letters, no watermark, no frame. Palette pink #FF7FA8 and lilac; fluffy fur, heart-shaped tail, blush cheeks. King form: taller heroic proportions, royal cape and a small crown, a glowing aura of its element behind it, proud smile. Most detailed. The character means ""meaning; idea"". Do not draw any Chinese character or text."
art/新_1.png,新,heart,1,"Cute collectible monster card character for a children's Chinese learning game. Style: clean 2D vector-like illustration, thick dark outline, flat colors with soft cel shading, big glossy eyes, rounded shapes, kawaii, consistent front 3/4 view, soft top-left lighting. Full body, centered, nothing cropped. Plain pure white background, no text, no letters, no watermark, no frame. Palette pink #FF7FA8 and lilac; fluffy fur, heart-shaped tail, blush cheeks. Baby form: egg-shaped body, head is 60% of the body, stubby limbs or none, curious innocent expression. Small and simple. The character means ""new"". Do not draw any Chinese character or text."
art/新_2.png,新,heart,2,"Cute collectible monster card character for a children's Chinese learning game. Style: clean 2D vector-like illustration, thick dark outline, flat colors with soft cel shading, big glossy eyes, rounded shapes, kawaii, consistent front 3/4 view, soft top-left lighting. Full body, centered, nothing cropped. Plain pure white background, no text, no letters, no watermark, no frame. Palette pink #FF7FA8 and lilac; fluffy fur, heart-shaped tail, blush cheeks. Teen form: proper arms and legs, standing confidently, holds ONE small prop related to its meaning, cheerful expression. Medium detail. The character means ""new"". Do not draw any Chinese character or text."
art/新_3.png,新,heart,3,"Cute collectible monster card character for a children's Chinese learning game. Style: clean 2D vector-like illustration, thick dark outline, flat colors with soft cel shading, big glossy eyes, rounded shapes, kawaii, consistent front 3/4 view, soft top-left lighting. Full body, centered, nothing cropped. Plain pure white background, no text, no letters, no watermark, no frame. Palette pink #FF7FA8 and lilac; fluffy fur, heart-shaped tail, blush cheeks. King form: taller heroic proportions, royal cape and a small crown, a glowing aura of its element behind it, proud smile. Most detailed. The character means ""new"". Do not draw any Chinese character or text."
art/解_1.png,解,wood,1,"Cute collectible monster card character for a children's Chinese learning game. Style: clean 2D vector-like illustration, thick dark outline, flat colors with soft cel shading, big glossy eyes, rounded shapes, kawaii, consistent front 3/4 view, soft top-left lighting. Full body, centered, nothing cropped. Plain pure white background, no text, no letters, no watermark, no frame. Palette grass green #4CC35A and warm brown; leaf-shaped ears, twig-like arms. Baby form: egg-shaped body, head is 60% of the body, stubby limbs or none, curious innocent expression. Small and simple. The character means ""untie; explain"". Do not draw any Chinese character or text."
art/解_2.png,解,wood,2,"Cute collectible monster card character for a children's Chinese learning game. Style: clean 2D vector-like illustration, thick dark outline, flat colors with soft cel shading, big glossy eyes, rounded shapes, kawaii, consistent front 3/4 view, soft top-left lighting. Full body, centered, nothing cropped. Plain pure white background, no text, no letters, no watermark, no frame. Palette grass green #4CC35A and warm brown; leaf-shaped ears, twig-like arms. Teen form: proper arms and legs, standing confidently, holds ONE small prop related to its meaning, cheerful expression. Medium detail. The character means ""untie; explain"". Do not draw any Chinese character or text."
art/解_3.png,解,wood,3,"Cute collectible monster card character for a children's Chinese learning game. Style: clean 2D vector-like illustration, thick dark outline, flat colors with soft cel shading, big glossy eyes, rounded shapes, kawaii, consistent front 3/4 view, soft top-left lighting. Full body, centered, nothing cropped. Plain pure white background, no text, no letters, no watermark, no frame. Palette grass green #4CC35A and warm brown; leaf-shaped ears, twig-like arms. King form: taller heroic proportions, royal cape and a small crown, a glowing aura of its element behind it, proud smile. Most detailed. The character means ""untie; explain"". Do not draw any Chinese character or text."
art/数_1.png,数,water,1,"Cute collectible monster card character for a children's Chinese learning game. Style: clean 2D vector-like illustration, thick dark outline, flat colors with soft cel shading, big glossy eyes, rounded shapes, kawaii, consistent front 3/4 view, soft top-left lighting. Full body, centered, nothing cropped. Plain pure white background, no text, no letters, no watermark, no frame. Palette aqua blue #3FA9F5 and translucent white; water-ripple marks and a bubble. Baby form: egg-shaped body, head is 60% of the body, stubby limbs or none, curious innocent expression. Small and simple. The character means ""number; count"". Do not draw any Chinese character or text."
art/数_2.png,数,water,2,"Cute collectible monster card character for a children's Chinese learning game. Style: clean 2D vector-like illustration, thick dark outline, flat colors with soft cel shading, big glossy eyes, rounded shapes, kawaii, consistent front 3/4 view, soft top-left lighting. Full body, centered, nothing cropped. Plain pure white background, no text, no letters, no watermark, no frame. Palette aqua blue #3FA9F5 and translucent white; water-ripple marks and a bubble. Teen form: proper arms and legs, standing confidently, holds ONE small prop related to its meaning, cheerful expression. Medium detail. The character means ""number; count"". Do not draw any Chinese character or text."
art/数_3.png,数,water,3,"Cute collectible monster card character for a children's Chinese learning game. Style: clean 2D vector-like illustration, thick dark outline, flat colors with soft cel shading, big glossy eyes, rounded shapes, kawaii, consistent front 3/4 view, soft top-left lighting. Full body, centered, nothing cropped. Plain pure white background, no text, no letters, no watermark, no frame. Palette aqua blue #3FA9F5 and translucent white; water-ripple marks and a bubble. King form: taller heroic proportions, royal cape and a small crown, a glowing aura of its element behind it, proud smile. Most detailed. The character means ""number; count"". Do not draw any Chinese character or text."
art/感_1.png,感,heart,1,"Cute collectible monster card character for a children's Chinese learning game. Style: clean 2D vector-like illustration, thick dark outline, flat colors with soft cel shading, big glossy eyes, rounded shapes, kawaii, consistent front 3/4 view, soft top-left lighting. Full body, centered, nothing cropped. Plain pure white background, no text, no letters, no watermark, no frame. Palette pink #FF7FA8 and lilac; fluffy fur, heart-shaped tail, blush cheeks. Baby form: egg-shaped body, head is 60% of the body, stubby limbs or none, curious innocent expression. Small and simple. The character means ""feel"". Do not draw any Chinese character or text."
art/感_2.png,感,heart,2,"Cute collectible monster card character for a children's Chinese learning game. Style: clean 2D vector-like illustration, thick dark outline, flat colors with soft cel shading, big glossy eyes, rounded shapes, kawaii, consistent front 3/4 view, soft top-left lighting. Full body, centered, nothing cropped. Plain pure white background, no text, no letters, no watermark, no frame. Palette pink #FF7FA8 and lilac; fluffy fur, heart-shaped tail, blush cheeks. Teen form: proper arms and legs, standing confidently, holds ONE small prop related to its meaning, cheerful expression. Medium detail. The character means ""feel"". Do not draw any Chinese character or text."
art/感_3.png,感,heart,3,"Cute collectible monster card character for a children's Chinese learning game. Style: clean 2D vector-like illustration, thick dark outline, flat colors with soft cel shading, big glossy eyes, rounded shapes, kawaii, consistent front 3/4 view, soft top-left lighting. Full body, centered, nothing cropped. Plain pure white background, no text, no letters, no watermark, no frame. Palette pink #FF7FA8 and lilac; fluffy fur, heart-shaped tail, blush cheeks. King form: taller heroic proportions, royal cape and a small crown, a glowing aura of its element behind it, proud smile. Most detailed. The character means ""feel"". Do not draw any Chinese character or text."
art/像_1.png,像,heart,1,"Cute collectible monster card character for a children's Chinese learning game. Style: clean 2D vector-like illustration, thick dark outline, flat colors with soft cel shading, big glossy eyes, rounded shapes, kawaii, consistent front 3/4 view, soft top-left lighting. Full body, centered, nothing cropped. Plain pure white background, no text, no letters, no watermark, no frame. Palette pink #FF7FA8 and lilac; fluffy fur, heart-shaped tail, blush cheeks. Baby form: egg-shaped body, head is 60% of the body, stubby limbs or none, curious innocent expression. Small and simple. The character means ""like; image"". Do not draw any Chinese character or text."
art/像_2.png,像,heart,2,"Cute collectible monster card character for a children's Chinese learning game. Style: clean 2D vector-like illustration, thick dark outline, flat colors with soft cel shading, big glossy eyes, rounded shapes, kawaii, consistent front 3/4 view, soft top-left lighting. Full body, centered, nothing cropped. Plain pure white background, no text, no letters, no watermark, no frame. Palette pink #FF7FA8 and lilac; fluffy fur, heart-shaped tail, blush cheeks. Teen form: proper arms and legs, standing confidently, holds ONE small prop related to its meaning, cheerful expression. Medium detail. The character means ""like; image"". Do not draw any Chinese character or text."
art/像_3.png,像,heart,3,"Cute collectible monster card character for a children's Chinese learning game. Style: clean 2D vector-like illustration, thick dark outline, flat colors with soft cel shading, big glossy eyes, rounded shapes, kawaii, consistent front 3/4 view, soft top-left lighting. Full body, centered, nothing cropped. Plain pure white background, no text, no letters, no watermark, no frame. Palette pink #FF7FA8 and lilac; fluffy fur, heart-shaped tail, blush cheeks. King form: taller heroic proportions, royal cape and a small crown, a glowing aura of its element behind it, proud smile. Most detailed. The character means ""like; image"". Do not draw any Chinese character or text."
art/路_1.png,路,heart,1,"Cute collectible monster card character for a children's Chinese learning game. Style: clean 2D vector-like illustration, thick dark outline, flat colors with soft cel shading, big glossy eyes, rounded shapes, kawaii, consistent front 3/4 view, soft top-left lighting. Full body, centered, nothing cropped. Plain pure white background, no text, no letters, no watermark, no frame. Palette pink #FF7FA8 and lilac; fluffy fur, heart-shaped tail, blush cheeks. Baby form: egg-shaped body, head is 60% of the body, stubby limbs or none, curious innocent expression. Small and simple. The character means ""road"". Do not draw any Chinese character or text."
art/路_2.png,路,heart,2,"Cute collectible monster card character for a children's Chinese learning game. Style: clean 2D vector-like illustration, thick dark outline, flat colors with soft cel shading, big glossy eyes, rounded shapes, kawaii, consistent front 3/4 view, soft top-left lighting. Full body, centered, nothing cropped. Plain pure white background, no text, no letters, no watermark, no frame. Palette pink #FF7FA8 and lilac; fluffy fur, heart-shaped tail, blush cheeks. Teen form: proper arms and legs, standing confidently, holds ONE small prop related to its meaning, cheerful expression. Medium detail. The character means ""road"". Do not draw any Chinese character or text."
art/路_3.png,路,heart,3,"Cute collectible monster card character for a children's Chinese learning game. Style: clean 2D vector-like illustration, thick dark outline, flat colors with soft cel shading, big glossy eyes, rounded shapes, kawaii, consistent front 3/4 view, soft top-left lighting. Full body, centered, nothing cropped. Plain pure white background, no text, no letters, no watermark, no frame. Palette pink #FF7FA8 and lilac; fluffy fur, heart-shaped tail, blush cheeks. King form: taller heroic proportions, royal cape and a small crown, a glowing aura of its element behind it, proud smile. Most detailed. The character means ""road"". Do not draw any Chinese character or text."
art/管_1.png,管,wood,1,"Cute collectible monster card character for a children's Chinese learning game. Style: clean 2D vector-like illustration, thick dark outline, flat colors with soft cel shading, big glossy eyes, rounded shapes, kawaii, consistent front 3/4 view, soft top-left lighting. Full body, centered, nothing cropped. Plain pure white background, no text, no letters, no watermark, no frame. Palette grass green #4CC35A and warm brown; leaf-shaped ears, twig-like arms. Baby form: egg-shaped body, head is 60% of the body, stubby limbs or none, curious innocent expression. Small and simple. The character means ""manage; tube"". Do not draw any Chinese character or text."
art/管_2.png,管,wood,2,"Cute collectible monster card character for a children's Chinese learning game. Style: clean 2D vector-like illustration, thick dark outline, flat colors with soft cel shading, big glossy eyes, rounded shapes, kawaii, consistent front 3/4 view, soft top-left lighting. Full body, centered, nothing cropped. Plain pure white background, no text, no letters, no watermark, no frame. Palette grass green #4CC35A and warm brown; leaf-shaped ears, twig-like arms. Teen form: proper arms and legs, standing confidently, holds ONE small prop related to its meaning, cheerful expression. Medium detail. The character means ""manage; tube"". Do not draw any Chinese character or text."
art/管_3.png,管,wood,3,"Cute collectible monster card character for a children's Chinese learning game. Style: clean 2D vector-like illustration, thick dark outline, flat colors with soft cel shading, big glossy eyes, rounded shapes, kawaii, consistent front 3/4 view, soft top-left lighting. Full body, centered, nothing cropped. Plain pure white background, no text, no letters, no watermark, no frame. Palette grass green #4CC35A and warm brown; leaf-shaped ears, twig-like arms. King form: taller heroic proportions, royal cape and a small crown, a glowing aura of its element behind it, proud smile. Most detailed. The character means ""manage; tube"". Do not draw any Chinese character or text."
art/题_1.png,题,heart,1,"Cute collectible monster card character for a children's Chinese learning game. Style: clean 2D vector-like illustration, thick dark outline, flat colors with soft cel shading, big glossy eyes, rounded shapes, kawaii, consistent front 3/4 view, soft top-left lighting. Full body, centered, nothing cropped. Plain pure white background, no text, no letters, no watermark, no frame. Palette pink #FF7FA8 and lilac; fluffy fur, heart-shaped tail, blush cheeks. Baby form: egg-shaped body, head is 60% of the body, stubby limbs or none, curious innocent expression. Small and simple. The character means ""topic; question"". Do not draw any Chinese character or text."
art/题_2.png,题,heart,2,"Cute collectible monster card character for a children's Chinese learning game. Style: clean 2D vector-like illustration, thick dark outline, flat colors with soft cel shading, big glossy eyes, rounded shapes, kawaii, consistent front 3/4 view, soft top-left lighting. Full body, centered, nothing cropped. Plain pure white background, no text, no letters, no watermark, no frame. Palette pink #FF7FA8 and lilac; fluffy fur, heart-shaped tail, blush cheeks. Teen form: proper arms and legs, standing confidently, holds ONE small prop related to its meaning, cheerful expression. Medium detail. The character means ""topic; question"". Do not draw any Chinese character or text."
art/题_3.png,题,heart,3,"Cute collectible monster card character for a children's Chinese learning game. Style: clean 2D vector-like illustration, thick dark outline, flat colors with soft cel shading, big glossy eyes, rounded shapes, kawaii, consistent front 3/4 view, soft top-left lighting. Full body, centered, nothing cropped. Plain pure white background, no text, no letters, no watermark, no frame. Palette pink #FF7FA8 and lilac; fluffy fur, heart-shaped tail, blush cheeks. King form: taller heroic proportions, royal cape and a small crown, a glowing aura of its element behind it, proud smile. Most detailed. The character means ""topic; question"". Do not draw any Chinese character or text."
art/德_1.png,德,fire,1,"Cute collectible monster card character for a children's Chinese learning game. Style: clean 2D vector-like illustration, thick dark outline, flat colors with soft cel shading, big glossy eyes, rounded shapes, kawaii, consistent front 3/4 view, soft top-left lighting. Full body, centered, nothing cropped. Plain pure white background, no text, no letters, no watermark, no frame. Palette orange-red #FF6B35 and golden yellow; a flame tuft on the head, a spark at the tail. Baby form: egg-shaped body, head is 60% of the body, stubby limbs or none, curious innocent expression. Small and simple. The character means ""virtue"". Do not draw any Chinese character or text."
art/德_2.png,德,fire,2,"Cute collectible monster card character for a children's Chinese learning game. Style: clean 2D vector-like illustration, thick dark outline, flat colors with soft cel shading, big glossy eyes, rounded shapes, kawaii, consistent front 3/4 view, soft top-left lighting. Full body, centered, nothing cropped. Plain pure white background, no text, no letters, no watermark, no frame. Palette orange-red #FF6B35 and golden yellow; a flame tuft on the head, a spark at the tail. Teen form: proper arms and legs, standing confidently, holds ONE small prop related to its meaning, cheerful expression. Medium detail. The character means ""virtue"". Do not draw any Chinese character or text."
art/德_3.png,德,fire,3,"Cute collectible monster card character for a children's Chinese learning game. Style: clean 2D vector-like illustration, thick dark outline, flat colors with soft cel shading, big glossy eyes, rounded shapes, kawaii, consistent front 3/4 view, soft top-left lighting. Full body, centered, nothing cropped. Plain pure white background, no text, no letters, no watermark, no frame. Palette orange-red #FF6B35 and golden yellow; a flame tuft on the head, a spark at the tail. King form: taller heroic proportions, royal cape and a small crown, a glowing aura of its element behind it, proud smile. Most detailed. The character means ""virtue"". Do not draw any Chinese character or text."
